High_pred,Low_pred,Close_pred,High,Low,Close
313.08542,306.8787,310.0106,789.63,775.8,786.14
312.32233,306.87036,309.58844,791.34,783.16,786.9
310.94543,305.95288,308.78647,794.48,785.02,794.02
305.63965,300.7769,303.66046,807.9000000000001,792.2,806.15
305.90024,299.83444,303.63156,809.97,802.83,806.65
305.86087,301.2869,303.48444,809.1300000000001,803.51,804.79
304.68457,299.939,302.86136,808.1500000000001,801.37,807.91
302.46167,296.8018,300.2636,807.3900000000001,799.17,806.36
305.49475,300.55243,303.22726,811.22,806.69,807.88
309.18082,303.63223,306.8025,807.1400000000001,800.37,804.61
310.5966,304.6971,307.89453,806.21,800.99,806.07
312.06207,306.61624,309.43103,809.48,801.8,802.17
313.71295,307.84198,311.11664,806.9100000000001,801.69,805.02
317.08643,311.693,314.42075,820.8700000000001,803.74,819.31
317.8728,313.0391,315.68475,825.9000000000001,817.82,823.87
321.3065,315.47986,318.94852,835.77,825.06,835.67
324.63507,318.9522,321.90887,838.0,827.01,832.15
323.75723,318.55164,321.3101,841.95,820.44,823.31
324.55396,319.27115,322.32013,815.8400000000001,799.8,802.32
327.18146,321.67682,324.84573,801.25,790.52,796.79
329.2911,323.46997,326.66876,,,
326.79495,321.60654,324.26416,,,
322.45956,316.89697,320.15808,,,
324.39114,318.74054,322.00458,,,
321.55716,316.36975,319.1405,,,
317.67825,312.873,315.64624,,,
317.02707,311.55914,314.9145,,,
318.6367,313.30927,316.2363,,,
318.29565,312.75476,315.7841,,,
321.91373,316.42834,319.43127,,,
327.9478,319.93506,324.31882,,,
315.11523,307.67636,310.26523,,,
307.54077,301.9476,303.91995,,,
306.2048,301.59244,303.7791,,,
303.6303,299.10147,301.6356,,,
304.06802,298.87238,301.82983,,,
299.86008,295.0566,297.42276,,,
300.60736,295.90863,298.48126,,,
302.96927,297.9801,300.79327,,,
306.24973,301.13693,303.9886,,,
309.04343,303.5716,306.61334,311.68,307.92,310.0399600399601
307.75104,302.66522,305.36563,310.83,309.0,309.46553446553446
303.96246,298.1527,301.56717,310.08,304.55,305.979020979021
303.17627,297.61615,300.77863,303.27,295.81,301.34865134865134
305.8245,300.40823,303.52466,304.45,301.8,302.2677322677323
305.3259,299.79642,302.94098,304.61,302.04,302.43756243756246
299.9506,294.42737,297.56482,304.81,298.88,299.00599400599407
304.92093,299.123,302.54767,302.37,298.51,301.4435564435565
306.30972,300.23697,303.5298,307.77,301.64,307.73726273726277
307.7989,301.9725,305.03885,310.23,305.58,306.84315684315686
306.59976,301.44547,304.22217,310.59,306.27,309.4055944055944
302.8282,297.34882,300.64008,311.79,308.87,311.3536463536464
304.48203,299.16776,302.28418,317.45,309.46,315.80419580419584
309.92554,304.23004,307.4722,316.84,312.46,315.5644355644356
319.3828,311.73013,315.9346,322.49,315.07,318.7962037962038
314.67572,308.78174,310.9192,323.19,314.32,321.8181818181818
303.84567,296.51666,300.50784,323.04,319.25,320.09490509490513
308.88965,303.2923,305.94257,323.53,318.58,323.4515484515485
302.24182,296.9991,299.669,325.53,321.2,322.3026973026973
305.82874,300.1148,303.45676,328.07,324.32,326.6533466533467
301.83386,297.32498,299.43314,327.07,320.95,322.99200799200804
299.87912,294.0443,297.6805,325.52,319.3,319.4205794205795
297.01657,291.98334,294.48438,322.54,316.23,322.25274725274727
295.73523,290.94086,293.6722,322.77,318.13,320.10989010989016
289.7209,284.3137,287.5545,318.31,314.37,316.3886113886114
288.19452,282.83795,285.9458,317.03,313.11,314.98001998002
290.26288,284.9931,287.83398,316.48,311.48,314.2407592407593
289.0041,283.78644,286.63202,316.07,311.11,312.2577422577423
293.77353,288.3135,291.46753,316.81,314.47,316.7932067932068
289.3024,284.36612,286.97192,325.35,318.93,324.29070929070934
292.15082,287.13684,290.26877,323.28,310.61,311.13386613386615
287.2044,281.55164,284.88712,310.74,299.71,301.9030969030969
284.44406,278.6683,282.0536,307.69,302.37,303.64635364635365
282.98846,277.91632,280.63577,305.26,300.28,302.5924075924076
282.0873,276.6498,279.9678,306.98,298.38,298.53146853146853
283.81577,278.06805,281.4532,303.29,296.8,296.91808191808195
288.09637,282.534,285.46072,298.11,294.0,297.6823176823177
291.37796,285.9883,288.87326,302.18,297.54,299.51048951048955
290.8797,285.46655,288.52798,304.53,300.31,303.72127872127874
285.33978,280.22116,283.0659,307.85,303.71,306.5834165834166
286.23676,280.8443,284.2694,307.22,304.16,306.34365634365633
282.6218,277.8477,280.49304,306.89,299.18,301.29370629370635
284.49753,279.53058,282.67682,304.66,298.97,301.0889110889111
285.15054,280.00565,283.1313,302.92,299.18,302.4975024975025
287.323,282.051,285.18646,306.27,303.34,304.3706293706294
292.3968,286.52002,289.94736,302.81,297.29,297.37262737262745
291.04175,286.04404,288.57568,304.14,296.39,302.6423576423577
294.3652,289.29404,292.3757,307.3,299.23,305.24975024975026
298.50006,292.63983,296.2318,307.04,299.78,303.43656343656346
294.5943,289.40298,292.1273,306.94,303.98,305.6843156843157
295.9113,290.71454,293.85834,306.13,301.26,301.48351648351655
290.61542,285.49054,288.48932,303.11,299.17,300.8741258741259
287.2982,281.39474,285.1462,306.35,300.75,304.4155844155845
287.9699,282.8899,285.58063,313.87,306.82,313.29170829170835
289.44537,284.36407,287.2749,317.73,309.46,310.3596403596404
289.35068,284.6728,287.36655,315.03,297.24,299.0809190809191
289.2457,284.35602,287.34525,306.7,298.88,305.90909090909093
293.61563,288.6715,291.66928,305.76,296.89,299.2807192807193
305.68594,298.47406,302.87292,303.66,297.45,303.5914085914086
304.6052,297.7073,300.45105,304.82,298.32,300.70429570429576
309.287,303.76294,305.89664,299.74,293.04,294.6603396603397
304.3304,299.8084,302.03433,298.45,293.06,296.0589410589411
306.7221,301.918,305.0548,294.84,290.68,293.01698301698303
309.30743,304.73215,307.39972,293.9,288.42,289.3456543456544
320.0748,313.70502,317.45178,285.26,283.11,284.42557442557444
316.50876,311.67175,313.6067,289.16,283.94,288.21678321678326
319.3476,314.16922,317.35825,287.99,282.18,284.14085914085916
314.80783,309.8408,312.65707,289.9,285.73,289.2007992007992
320.37042,314.82898,318.2646,292.85,287.55,288.0369630369631
321.4977,316.2564,319.06415,289.42,286.22,289.14085914085916
322.54828,317.27606,320.27347,291.57,282.29,283.18681318681325
321.06796,315.7421,318.80023,284.09,278.25,281.4935064935065
323.06323,318.08127,320.95013,282.44,278.3,279.4955044955045
320.56186,315.97592,318.65152,281.48,277.22,278.4815184815185
323.89688,318.74738,321.97287,281.21,277.5,281.1988011988012
332.44962,325.572,329.4665,286.03,278.58,284.36063936063937
338.0797,331.16275,334.36603,291.05,285.49,289.6803196803197
335.37375,329.71646,332.28302,288.92,285.68,287.6773226773227
337.63495,332.24014,335.3585,288.84,280.81,281.54845154845157
339.06042,333.4231,336.6077,284.67,281.85,284.67
338.1299,333.0631,335.7355,282.98,277.63,279.3006993006993
335.53232,329.98755,333.1106,282.24,278.7,281.28371628371633
339.3645,333.86514,336.9426,285.92,281.95,283.58641358641364
339.4496,334.27206,337.03915,282.06,277.56,281.09890109890114
334.51886,329.84137,332.43686,288.98,285.03,288.951048951049
335.25897,329.29443,332.9354,290.41,287.17,289.1508491508492
340.77124,335.18982,338.06137,293.11,287.92,292.81718281718287
345.1767,338.7814,342.14343,298.91,293.17,296.8481518481519
342.75757,337.8157,340.13107,295.65,290.32,291.8981018981019
343.90665,338.24207,341.60803,293.2,289.54,291.91308691308694
340.83295,335.5929,338.3335,295.11,288.29,289.7652347652348
344.20035,338.91144,341.97995,287.85,281.42,284.53046953046953
352.4673,345.77795,349.39853,284.9,280.0,284.1758241758242
357.3313,350.61624,353.71893,288.49,283.21,287.18281718281725
351.07916,345.2757,347.97473,288.51,284.82,286.3886113886114
346.22894,340.96402,343.9884,289.25,283.14,287.2877122877123
347.9818,341.8197,345.42673,290.76,286.99,289.2957042957043
356.72534,350.38495,353.6159,298.12,291.91,295.4245754245755
356.47702,350.6757,353.40714,305.33,297.97,304.2707292707293
354.92062,350.0504,352.5668,308.02,298.01,306.6033966033967
360.49573,354.71066,358.07516,307.81,301.04,302.65234765234766
365.2994,358.59723,361.97287,305.54,301.55,302.8621378621379
368.1676,361.71338,364.76025,307.28,303.88,305.53446553446554
370.0149,360.60245,365.2259,316.31,307.6,316.29370629370635
378.94708,371.82596,374.63846,320.1,313.57,314.97002997003005
379.8215,370.7668,375.01923,317.06,312.94,315.3046953046954
381.79944,372.99963,376.7297,318.56,314.51,315.1598401598402
380.02728,373.24475,376.19562,317.82,310.54,313.2017982017982
380.51035,374.67078,377.65723,320.66,316.88,319.4655344655345
384.0157,377.55603,380.90298,323.48,318.42,320.20979020979024
378.79178,372.88156,375.58014,320.93,317.05,319.0759240759241
382.81616,377.12198,380.20682,321.73,318.06,319.91508491508495
386.64822,380.636,383.65884,321.98,319.56,319.975024975025
382.88098,376.70294,379.68466,319.92,316.88,319.80019980019983
380.4459,374.95172,377.82013,328.84,322.13,328.77122877122883
372.8192,366.11255,369.6814,335.17,328.27,333.08191808191816
376.84628,370.9088,374.1391,335.87,330.81,332.5224775224776
378.1596,372.06757,375.1883,336.06,332.29,335.1798201798202
372.5603,366.58148,369.58417,337.36,334.6,337.3076923076923
371.65933,364.82162,368.5329,338.17,335.07,336.50849150849155
373.57138,367.70038,370.63214,337.73,329.85,333.50649350649354
379.44177,373.12717,376.44556,339.03,332.11,337.32767232767236
349.93323,336.554,341.9323,338.97,334.25,337.1378621378622
342.17877,333.55804,335.8288,338.95,335.78,338.0469530469531
340.44543,336.2151,337.04663,334.75,328.39,333.36163836163837
342.222,337.8436,340.3686,337.54,331.13,337.3626373626374
338.46313,334.43677,336.4159,343.21,336.81,342.72227772227774
338.93658,334.68787,336.9435,342.41,338.82,339.5654345654346
340.21426,335.8589,337.98273,343.0,338.75,341.2637362637363
339.96167,335.60123,337.80548,341.22,335.49,339.25074925074927
347.40976,341.72778,344.8447,341.97,338.3,339.0909090909091
343.76178,338.03253,340.69122,348.64,341.09,348.39660339660344
342.4829,336.9581,339.8398,354.8,347.53,351.7582417582418
338.7085,333.14825,336.16403,355.07,347.89,349.07592407592415
336.1289,329.88336,333.38568,349.02,344.21,344.80019980019983
328.8328,322.41748,325.7414,346.16,339.17,344.1508491508492
334.28036,327.08466,331.06897,353.18,343.98,351.70329670329676
332.5639,327.2451,329.5577,355.17,352.18,353.51648351648356
330.91537,325.281,328.5323,355.11,351.18,353.6663336663337
326.09198,320.56525,323.58505,357.99,352.07,357.79720279720283
325.12604,319.34668,322.6263,362.92,356.87,362.39260739260743
329.26984,322.14758,326.06485,364.32,359.26,362.70229770229776
336.33353,329.9834,332.8359,366.09,363.7,365.62437562437566
335.80093,329.88693,332.74188,373.62,363.76,373.29170829170835
335.01535,329.03534,332.2545,381.02,372.43,373.18181818181824
333.4707,328.66092,331.15924,379.2,369.12,375.32467532467535
331.7509,325.8538,329.33356,380.0,374.42,376.83816183816185
336.6284,330.29855,333.6122,378.23,374.17,375.83916083916085
345.76376,338.82574,342.25046,381.07,376.69,379.4655344655345
347.4116,340.9427,343.83624,381.56,373.73,377.0829170829171
352.23572,345.17627,348.7771,380.53,374.7,379.8251748251748
348.82544,342.98428,345.66306,383.51,378.28,382.59240759240765
346.71008,341.0711,344.19806,385.74,381.08,382.39260739260743
344.69183,339.18872,342.17444,380.36,375.67,377.50749250749254
348.1678,342.9546,345.82904,379.24,369.88,370.65434565434566
343.88354,338.5013,341.32764,372.37,367.77,370.8891108891109
345.75073,340.70044,343.54858,377.83,373.74,374.3356643356644
351.77423,345.32452,348.88705,376.03,370.66,370.984015984016
357.52487,351.36316,354.2727,370.53,363.99,369.10589410589415
352.0344,345.1325,348.45367,372.1,366.85,370.959040959041
353.86182,348.0672,351.07742,376.76,368.75,376.3336663336664
361.0679,354.22015,357.87488,378.29,336.74,346.20379620379623
362.9194,356.36084,359.41043,352.03,334.75,339.62037962037965
362.6436,357.29575,359.94662,341.04,333.6,338.0669330669331
358.7245,353.6516,356.4129,342.38,334.75,338.90609390609393
360.1914,353.14542,357.15665,342.22,336.37,337.3876123876124
354.74484,350.75275,352.35767,339.73,335.5,337.61238761238764
354.83453,350.13922,353.17188,340.24,334.35,336.31368631368633
352.1655,347.0926,349.91656,339.23,336.24,338.88111888111894
351.94272,347.1186,349.82645,344.16,338.09,342.51248751248755
360.27582,354.43143,357.70422,346.48,342.4,342.6773226773227
364.74573,358.463,361.50418,342.15,336.52,340.20479520479523
366.03537,359.9754,362.94006,341.97,337.51,339.58541458541464
370.49945,363.78476,367.27753,337.85,332.0,332.31268731268733
368.73166,363.4474,365.94354,334.49,324.4,324.92507492507497
366.83386,361.38312,364.4102,332.92,323.94,330.2747252747253
372.3949,366.33954,369.6914,333.65,329.2,331.70829170829177
372.14474,366.5883,369.25232,332.55,327.89,328.29670329670336
369.6348,364.75815,367.3484,329.85,324.04,325.0549450549451
362.42926,355.7972,359.48987,328.77,320.75,322.4225774225775
365.1748,357.44183,361.54922,325.29,316.81,322.3826173826174
360.67413,355.41943,357.7158,333.21,326.54,332.8571428571429
357.1969,351.59998,354.8625,337.73,331.04,333.73626373626377
354.56204,348.0408,351.61832,333.65,328.97,331.6933066933067
367.0083,359.61023,363.46497,333.75,331.81,332.73726273726277
375.64862,366.62436,370.48953,332.25,328.28,329.3406593406594
378.2354,371.797,374.1549,336.24,327.77,334.10089910089914
378.12143,372.8107,375.49536,341.18,330.71,340.5594405594406
374.10834,369.3689,371.89178,345.65,339.73,344.6553446553447
378.32578,373.18655,376.104,348.3,341.56,347.88211788211794
377.5947,372.76108,375.11823,351.63,345.76,346.32867132867136
380.39197,375.43982,378.0534,346.46,341.57,344.2257742257743
388.26013,380.56995,384.45636,345.95,339.89,342.62737262737267
382.55646,376.0829,378.75522,346.51,340.98,344.2757242757243
382.36713,376.84302,379.7681,347.14,339.94,340.8291708291709
386.64478,380.66434,383.89502,344.53,340.62,341.42857142857144
391.78174,384.8957,388.32916,349.65,342.58,347.1378621378622
392.74326,385.91953,389.0928,350.44,345.45,347.4775224775225
392.36035,386.4476,389.29486,356.9,348.47,350.0399600399601
391.95963,386.2888,389.25574,352.59,347.91,349.6703296703297
391.08273,386.2969,388.81213,359.61,350.7,359.04595404595403
395.25934,389.6231,392.6888,363.19,356.19,359.19080919080926
400.2541,393.4877,396.84207,360.15,357.0,358.7112887112887
405.69485,398.59464,401.87204,360.97,357.15,359.8301698301699
400.44012,393.58328,396.73297,358.07,353.93,356.4785214785215
402.20264,394.1699,398.37842,356.25,352.41,353.42657342657344
402.21378,396.19537,399.00165,355.11,349.89,353.1118881118881
399.04782,392.64563,395.9622,353.1,348.0,351.8281718281719
397.85266,391.56607,394.86597,352.14,348.7,348.7
402.46198,396.3194,399.49387,353.96,346.7,352.36763236763244
401.6588,395.64072,398.59793,362.14,356.94,360.2747252747253
404.56522,398.42358,401.54694,364.6,359.01,360.48451548451555
416.76825,409.44836,413.11548,369.35,362.48,367.6073926073927
424.20126,415.5257,419.39648,368.31,363.93,366.00399600399606
418.57446,411.4327,414.49133,366.78,360.86,365.2797202797203
418.82977,412.57257,415.92188,367.8,362.94,367.6823176823177
417.26996,409.89368,413.5849,371.11,365.38,369.3556443556444
417.3908,411.8188,414.54724,369.83,366.78,368.6113886113887
415.4473,409.5633,412.6012,369.71,359.83,360.2747252747253
414.2517,408.65375,411.51166,366.13,354.72,361.11388611388617
410.39267,404.981,407.76587,360.82,355.5,356.2587412587413
405.899,398.7341,402.49237,358.48,354.18,354.33066933066937
406.91428,401.19107,404.05634,355.05,349.36,350.939060939061
410.44977,404.36774,407.54962,351.35,346.46,350.1248751248752
406.6001,401.51,404.00644,373.1,366.52,369.36563436563443
408.45544,403.16962,406.1708,377.0,368.87,375.69930069930075
407.00922,401.90564,404.53052,377.82,373.72,375.4295704295705
407.97174,402.3667,405.3512,376.39,372.55,373.961038961039
404.55582,399.89368,402.25928,377.06,371.88,375.43456543456546
403.5465,397.50195,400.85803,379.05,375.05,375.50949050949055
399.03806,392.8479,395.94525,377.4,373.72,376.43356643356645
404.03,398.2623,401.38293,386.85,377.63,386.3536463536464
409.1135,403.08267,406.1079,383.8,377.72,378.0919080919082
402.98956,397.50763,400.1372,384.12,378.32,381.43856143856146
395.58795,389.10928,392.6874,385.04,377.83,383.64635364635365
392.30148,384.7813,388.80997,387.95,381.32,385.5294705294706
390.09668,383.47424,386.7451,391.87,388.32,391.21878121878126
393.62866,387.67197,390.82257,390.04,385.43,389.7502497502498
397.69818,391.85724,394.8298,392.48,388.23,388.8911088911089
397.06293,391.3397,394.24872,391.21,388.53,389.97002997003005
394.1618,388.9361,391.65216,392.9,387.43,392.43756243756246
395.3113,388.766,392.3313,395.15,392.07,394.96503496503504
396.04688,390.6032,393.29034,401.99,396.16,401.91808191808195
394.16943,388.3913,391.44153,402.97,394.42,394.7502497502498
385.93802,378.48303,382.30884,401.22,394.13,396.2787212787213
405.7201,394.9333,400.49063,399.13,395.42,398.36163836163837
401.5904,395.06732,397.11026,402.7,393.77,393.906093906094
407.23535,400.9306,404.51016,396.49,390.74,393.59140859140865
408.98242,403.4419,406.19843,400.87,394.08,398.39660339660344
405.1437,399.6753,402.42627,401.99,399.02,399.10589410589415
402.76587,396.5157,399.75345,402.06,396.59,401.58841158841165
412.4391,405.98065,409.23047,409.88,401.0,409.21578421578425
414.40424,408.38446,411.10266,418.51,412.9,417.73226773226776
410.73767,405.7343,408.15985,420.42,412.86,414.1358641358642
420.01248,413.67456,417.1565,416.75,413.24,414.74525474525484
426.4807,419.751,422.8274,415.9,410.98,414.20579420579423
433.88434,427.50842,430.45148,418.28,414.2,415.8491508491509
429.49493,423.47845,426.21442,414.39,410.3,412.25774225774234
437.92148,430.49176,434.35797,413.79,409.62,411.1138861138861
439.8103,433.18762,436.19977,411.95,407.17,409.23576423576424
441.44525,435.26904,438.2592,408.62,405.15,405.6293706293707
439.71854,434.1501,436.86743,404.86,399.24,402.3876123876125
448.79205,442.70682,445.89172,408.1,401.72,404.14585414585423
463.58075,453.7873,458.27966,407.23,404.2,405.8341658341659
456.43848,448.1112,451.46127,406.93,403.41,404.1158841158841
455.53528,447.6329,451.6186,406.1,403.31,403.6413586413587
456.9571,449.60907,453.23325,408.09,401.9,403.3066933066933
452.8857,446.2574,449.42212,405.48,402.39,404.69530469530474
441.32886,433.71948,437.49292,401.99,399.17,399.8301698301699
440.70996,433.51758,437.4272,401.18,395.17,395.61438561438564
443.4197,436.53928,440.02695,399.63,395.14,399.10089910089914
441.18103,434.47223,437.70068,405.89,400.5,405.0
435.77527,429.4303,432.69812,405.58,398.84,401.59340659340666
436.7234,430.09717,433.66077,401.37,394.17,396.0489510489511
438.5648,432.36072,435.5252,392.03,386.75,390.06493506493507
434.84387,427.86804,431.283,388.32,382.77,385.979020979021
431.86102,425.57233,428.8761,390.41,385.11,387.3726273726274
434.0091,427.4984,431.02332,394.7,386.55,393.61638361638364
435.47107,428.21564,431.79602,395.07,390.57,393.7212787212788
443.4498,435.97064,439.7304,394.57,390.0,393.5514485514486
445.09558,438.47977,441.564,397.01,387.06,389.50549450549454
443.6184,437.789,440.76886,396.51,390.5,395.2047952047953
435.65274,429.0213,432.39587,393.94,387.6,389.8201798201798
441.52765,434.7577,438.48215,391.43,379.21,381.5234765234765
441.71295,435.13068,438.28705,400.22,381.7,398.44155844155847
446.4825,439.87827,443.25098,400.48,386.05,398.5614385614386
453.18927,446.53714,449.79865,406.23,398.69,402.44255744255753
450.63864,443.03638,446.61035,407.47,402.49,405.2047952047953
446.30923,437.77954,442.0139,406.71,402.31,403.0369630369631
439.41943,430.2201,434.68994,402.36,396.8,399.21578421578425
440.3589,432.36456,436.47934,409.81,400.0,408.00199800199806
438.51608,431.33582,434.8983,412.27,407.31,410.7442557442558
440.48267,434.33698,437.60822,410.82,406.66,408.6813186813187
439.61234,433.59344,436.6698,415.72,408.0,413.25674325674333
444.67377,437.92346,441.43665,421.81999999999994,416.44,421.2787212787213
446.78262,441.11404,443.80298,429.32,422.55,429.1658341658342
440.92816,435.00778,437.91797,430.32,423.75,427.0129870129871
445.44815,440.36417,443.2149,435.31,424.86,435.18481518481525
450.80396,445.02814,447.9408,438.19,432.49,434.11088911088916
456.61475,450.3282,453.35455,438.63,434.45,438.47152847152853
452.87317,446.65582,449.51456,439.59,435.06,437.1278721278722
457.47943,451.3186,454.6057,442.69,436.93,441.8931068931069
462.46765,454.99365,458.57324,456.48,445.34,456.2337662337663
463.9876,456.594,460.06293,458.27,449.32,450.24975024975026
465.02072,458.43103,461.62024,455.04,448.58,452.89210789210796
461.42877,454.69287,458.00537,458.58,450.81,452.5674325674326
460.76617,454.68777,457.88657,454.13,447.13,451.7932067932068
447.59918,438.64978,442.92578,452.96,441.78,443.0469530469531
454.85083,440.3473,447.4508,443.32,435.37,439.7452547452548
459.59982,452.01276,455.19586,437.77,433.88,435.02997002997006
456.29932,450.4943,453.35425,444.4,438.56,438.99100899100904
447.9027,441.48596,444.87265,437.36,430.53,432.53246753246754
445.14972,437.51648,441.56732,437.81,431.59,433.7562437562438
444.05432,438.49457,441.2221,436.86,432.14,433.9810189810191
444.83655,439.03644,442.04535,435.35,425.91,432.19280719280727
447.4822,441.70435,444.63892,433.67,425.44,427.947052947053
448.49072,442.2273,445.3645,433.1,426.96,428.2467532467533
453.90033,447.60327,450.73676,431.55,422.03,430.70429570429576
454.13696,448.70224,451.2744,438.36,431.04,438.2217782217783
452.68463,447.71326,450.24078,443.84,438.4,443.4465534465535
448.40088,442.92703,445.7561,441.84,438.12,438.2617382617383
447.97015,442.65912,445.53668,441.35,433.2,434.3606393606394
446.04144,440.6667,443.3858,438.19,431.13,436.8631368631369
445.10498,440.02557,442.7293,440.7,435.43,435.88411588411594
443.9679,438.8628,441.54584,443.05,437.5,441.4685314685315
440.0354,434.69278,437.4529,448.82,442.52,448.62637362637366
434.01505,427.67548,431.06268,453.72,447.06999999999994,448.6563436563437
431.90918,425.88733,429.18,448.82,440.01,440.7192807192808
430.6309,424.99823,428.01724,443.28,434.9,438.8211788211789
436.47403,430.33838,433.6686,436.52,430.01,433.2717282717283
436.1372,431.1305,433.66302,438.2,430.64,431.48351648351655
437.98862,432.03592,435.29156,437.36,433.66,435.1948051948052
439.07214,434.5265,436.9182,440.69,436.69,436.8981018981019
435.84503,431.0704,433.63446,439.27,435.46,438.5414585414586
431.27466,426.46365,429.139,444.37,440.85,442.28271728271733
426.4278,420.54742,423.78958,443.84,437.0,439.50549450549454
426.362,421.0868,424.0245,442.92,437.61,441.5584415584416
430.33124,424.81787,427.80347,446.03,442.01,445.0749250749251
428.0681,422.0323,425.1261,451.44,446.87,450.8541458541459
433.15247,426.63153,430.15335,454.77,447.31,450.929070929071
438.9937,432.4638,435.70288,453.87,448.51,451.30369630369637
442.8338,437.46747,440.16895,458.69,452.56,458.40159840159845
442.63403,436.8067,439.8057,459.78,455.91,459.77522477522484
446.24988,440.79413,443.6917,462.27,456.47,460.61938061938065
445.52905,440.23425,442.88373,462.25,455.24,458.08691308691317
450.43713,444.36945,447.54382,461.7,456.44,457.5624375624376
448.01996,442.94757,445.37823,458.28,449.91,453.6413586413587
448.5,442.73633,445.82596,449.79,436.17,446.62837162837167
444.59003,438.9159,441.79968,454.63,446.83,453.6513486513487
444.24225,438.75217,441.74493,454.8,448.11,450.2147852147853
455.52338,448.58557,452.19476,453.45,448.67,449.76523476523477
450.68262,444.84286,447.47037,446.75,441.39,442.1928071928072
452.94952,442.83606,448.02643,443.33,439.35,441.02397602397605
444.73846,438.41223,441.28137,445.74,438.8,439.48551448551456
446.06232,440.27942,443.63904,446.13,438.79,443.7962037962038
439.66333,433.4784,436.66412,446.5799999999999,441.44,442.2177822177823
439.23016,433.7326,436.84088,450.5899999999999,445.83,450.4195804195805
436.7556,431.63666,434.35938,451.81,448.73,451.59340659340666
442.14197,436.00275,439.36636,451.07,447.92,450.8091908091908
444.20978,438.4641,441.2959,453.16,446.19,446.61338661338664
445.57678,439.98328,442.86197,447.55,442.88,443.66133866133873
439.27844,432.5379,435.9662,446.25,440.99,444.66533466533474
435.45074,429.96637,433.04364,446.09,443.34,443.5414585414586
434.64795,429.302,432.30377,441.84,439.18,441.10389610389615
429.16132,422.86105,426.20154,442.59,436.46,438.981018981019
433.32996,425.67914,429.80585,438.47,431.96,433.2817182817183
436.12347,429.5075,432.7638,430.85,427.4,428.2267732267732
435.8899,430.61237,433.32303,429.61,426.67,426.8531468531469
439.42722,434.1333,437.06604,434.37,427.12,431.20879120879124
444.58832,438.73492,441.80396,434.43,430.16,431.0939060939061
449.50232,443.08298,446.25244,436.82,431.63,433.04195804195814
484.0235,473.12515,478.787,435.74,433.5,435.22477522477527
514.0009,493.07156,500.44064,437.36,433.25,433.48151848151855
505.4358,496.4961,499.81717,435.82,431.41,431.5784215784216
506.85706,501.04877,503.7397,430.25,422.37,423.48651348651356
516.97266,508.2072,512.2042,426.11,422.3,422.69230769230774
515.5355,508.85413,511.53033,428.58,422.71,426.1188811188812
508.175,501.71918,504.35275,427.42,421.2,421.8681318681319
509.9355,504.82025,507.2225,431.48,425.38,428.58141858141863
520.1958,514.19354,516.7151,435.12,425.99,434.18581418581425
514.6382,509.60458,511.4201,438.3,434.18,438.13686313686316
517.3551,511.3492,514.1167,440.24,435.24,438.1468531468532
516.0043,510.8651,513.0046,443.21,439.56,442.36763236763244
510.9985,506.1706,508.2117,444.33,440.35,442.67732267732265
513.4761,508.1646,510.716,446.81,441.39,446.4235764235765
511.28204,506.70844,508.62787,447.27,443.34,444.8601398601399
504.89673,498.6609,501.49973,446.16999999999996,440.77,442.87712287712293
506.62695,501.06302,503.82776,446.83,440.78,442.22277722277727
505.78827,500.88788,503.09564,442.54,438.86,441.39860139860144
505.1955,499.79596,502.35657,450.3,439.89,449.975024975025
519.3158,512.673,515.95306,451.3,446.03,447.51748251748256
519.24445,514.1084,516.20154,450.38,446.14,449.8701298701299
518.76874,513.24365,515.8838,449.11,440.95,441.59340659340666
517.7611,510.8849,514.1317,443.39,439.05,441.7632367632368
515.1702,509.55768,512.3008,441.62,436.17,436.97802197802207
514.0434,508.614,511.29962,439.73,435.87,437.4475524475525
518.2567,512.49475,515.3882,437.12,434.03,436.5584415584416
519.2702,513.46185,516.20154,438.78,432.53,436.31868131868134
526.6354,519.77637,523.0929,442.18,438.38,441.8431568431569
533.38245,525.2239,528.9732,443.02,437.27,442.3376623376624
533.03735,527.30505,529.9395,445.38,434.42,436.40859140859146
533.21783,527.25995,530.1564,437.12,433.38,434.5454545454546
526.1356,519.3575,522.52844,435.36,430.44,431.2537462537463
528.19836,520.65546,524.54474,431.37,424.22,425.2397602397603
531.0079,524.5118,527.65735,429.71,419.92,426.3336663336664
535.2578,528.81726,531.9853,432.79,428.5,432.4975024975025
536.4748,529.3292,532.66895,435.11,431.03,434.36563436563443
540.3605,532.95667,536.5647,436.49,431.08,436.4185814185815
546.8474,538.6593,542.5698,441.16,435.37,439.3606393606394
541.4331,533.39514,537.05725,447.49,440.35,447.33766233766244
538.93335,530.74426,534.88464,446.78,441.21,442.73726273726277
533.435,523.76526,528.44977,505.83,485.18000000000006,503.81618381618387
539.1283,530.19434,534.9568,507.6,497.91,499.7752247752248
539.05365,530.61316,534.7488,504.61,496.04,501.6183816183817
542.94836,532.55804,537.7443,515.44,498.45,513.7812187812187
547.05273,538.02136,542.6299,518.34,510.49,510.8591408591409
558.3041,546.25836,552.08575,512.49,503.48,505.70429570429576
560.07196,551.0724,555.3495,509.79999999999995,504.6,505.6043956043957
558.5582,551.8843,555.22125,516.53,504.86,516.1838161838162
560.97876,552.5489,556.78754,516.82,511.08,513.2867132867133
560.9877,552.20154,556.49426,518.82,510.07,513.3666333666334
557.2429,549.15564,553.1251,516.07,510.64,511.6033966033967
560.1334,551.5713,555.9182,514.26,509.11,511.13886113886116
559.4,549.93805,554.5542,513.9,506.81,508.8511488511489
557.87537,548.50745,553.19147,511.58,505.79,509.4655344655345
564.45215,554.7783,559.6752,510.05,501.94,502.0929070929072
576.3312,564.8699,570.3871,507.35,502.37,506.1188811188812
574.0376,563.3971,568.2734,506.07,502.12,503.4065934065935
570.83154,560.05347,565.31836,506.88,500.62,504.00099900099906
565.3181,554.24963,559.6437,514.5,501.37,514.3056943056944
571.5464,559.2552,565.53345,517.93,513.25,515.6843156843158
579.74646,567.723,573.5095,517.06,513.23,514.8501498501499
577.2924,566.796,571.7249,522.41,512.7,513.8511488511489
581.1866,571.17035,576.17,515.44,509.61,510.6843156843157
582.2512,569.80615,575.6293,514.75,508.27,509.2457542457543
584.9172,573.9387,579.30005,517.22,511.08,515.1048951048951
583.0172,573.35254,577.9027,516.15,512.69,514.015984015984
578.4713,567.76215,572.89575,524.63,515.58,521.013986013986
565.43726,549.62854,557.0448,528.77,519.52,527.2277722277723
555.77094,538.1406,546.8606,532.01,528.02,529.5704295704296
565.4078,553.0553,559.6907,531.32,527.75,527.8171828171829
572.5462,559.91614,566.01184,531.18,523.42,525.2697302697303
587.25037,568.5406,577.3551,529.73,522.55,524.6653346653347
593.8651,574.41235,583.09235,530.0,523.04,527.1128871128872
571.4445,553.8806,561.63116,527.85,523.58,526.6983016983017
575.67566,561.79346,569.225,533.0,528.06,532.937062937063
577.0243,564.3286,570.2268,539.13,532.02,537.0579420579421
585.08167,573.58185,579.2261,544.12,535.82,540.3046953046954
589.06934,576.6228,582.2041,543.62,535.58,536.6333666333667
591.63696,580.74963,585.91296,539.45,532.5,532.9820179820181
597.15845,586.17786,591.1992,536.14,526.97,528.4165834165835
592.22766,582.16223,586.7122,535.34,529.02,534.4855144855145
600.8473,590.1195,595.3296,538.36,532.2,532.932067932068
603.8069,592.68787,597.70685,540.45,527.54,540.3496503496503
606.3134,595.2235,600.35913,543.96,537.53,541.0839160839162
604.1388,592.97034,598.11804,548.53,541.97,548.2567432567432
606.06616,595.63055,600.693,555.82,550.5,555.4695304695305
605.4243,594.6685,599.66736,555.54,551.98,553.8461538461539
610.8302,600.11414,605.3281,557.41,552.27,556.6433566433567
614.2446,604.2423,608.91797,558.05,554.39,557.1128871128872
612.10596,600.72046,605.8989,558.16,552.44,552.6573426573427
612.18854,602.41516,607.2053,558.41,551.06,558.2617382617384
607.4088,595.0758,600.6026,556.79,552.06,554.4805194805195
607.8979,595.24725,601.4889,556.38,550.4,550.4345654345655
610.9076,600.36414,605.39575,557.34,551.15,556.5734265734267
613.61304,603.52234,608.3043,567.72,558.49,567.3026973026974
615.14325,605.0148,609.80835,571.52,564.53,568.4865134865136
609.5055,598.5521,603.5612,569.97,560.68,563.0119880119881
608.1347,597.6051,602.7709,567.4100000000001,559.03,562.982017982018
601.0636,589.31354,594.76324,571.31,556.5,559.3956043956046
606.3269,593.39136,599.8429,573.35,561.94,572.5524475524476
595.1781,581.50916,587.7209,575.34,569.76,572.1678321678322
592.94525,579.0397,586.11206,576.8,571.86,575.949050949051
602.1964,588.78357,595.4222,578.15,569.96,573.1168831168833
610.2039,597.88696,603.7253,579.83,573.5,579.6753246753248
602.2107,590.41077,595.7655,581.76,577.27,580.3346653346654
605.3769,593.1282,599.2674,579.07,575.03,577.882117882118
595.64856,579.7805,586.89026,574.62,559.4,559.8151848151849
583.62866,567.0371,575.10645,561.15,539.11,548.5564435564436
584.6314,569.7144,577.3141,560.77,552.9,559.4105894105895
572.05695,556.46344,563.89,558.78,547.66,551.3936063936067
560.2944,550.0247,555.7125,574.09,561.52,565.5744255744256
568.8142,559.23865,564.658,591.05,573.42,588.2817182817183
558.4767,549.31757,553.78894,588.65,563.89,564.6003996003997
595.78015,586.1761,592.1106,575.34,566.38,566.953046953047
569.2969,559.48676,563.0078,573.24,561.9,569.4655344655345
578.1889,562.7624,571.5223,577.91,571.63,577.8121878121879
542.70306,525.88385,533.4874,586.75,578.11,586.5234765234766
545.5055,530.4279,539.3241,588.99,582.33,584.2757242757243
565.3815,552.5729,559.3969,593.71,583.92,592.867132867133
569.1332,556.911,562.76166,592.78,588.48,591.1288711288712
534.782,521.1645,527.631,597.71,587.63,597.7072927072927
540.02594,526.08856,534.5294,599.95,594.17,599.1558441558442
540.4785,528.8835,534.8165,604.17,597.76,603.1768231768232
543.192,529.9767,536.8611,602.35,596.51,598.926073926074
555.7936,541.9605,549.14075,601.19,597.87,599.8051948051948
539.1443,523.9876,531.11926,602.6800000000001,599.17,599.6453546453547
530.49243,519.22876,525.6378,607.8,600.3,603.991008991009
538.5248,527.98474,533.8823,609.96,602.95,607.7222777222778
530.97076,521.11847,526.1772,612.15,604.61,607.8071928071928
524.4606,514.81903,520.14087,609.83,606.23,607.3276723276723
518.7595,509.07385,514.4494,609.81,600.86,605.5544455544456
517.80774,506.69464,512.6578,601.66,593.84,599.1008991008993
532.23944,521.94495,527.69366,605.73,602.49,605.1848151848152
529.5239,521.34033,525.4598,609.26,603.44,606.853146853147
535.72723,526.8972,531.825,610.79,607.02,607.5274725274726
526.4227,518.26184,522.4294,611.2,603.46,605.1248751248752
526.9885,519.3491,523.8197,606.55,599.8,603.5214785214786
516.9671,508.69305,513.0658,604.89,596.09,597.7522477522477
509.69592,499.6189,505.2083,601.67,589.8799999999999,601.3936063936064
514.41077,505.60162,510.7083,602.99,590.17,592.3076923076924
525.9838,516.88226,521.78,593.21,584.08,584.2107892107892
533.6269,525.3363,529.68274,596.3,586.86,593.8261738261739
535.9519,528.4687,532.4617,603.5,594.3,603.3666333666334
526.54395,519.53735,523.2292,603.73,594.97,597.3876123876124
521.7816,513.9006,518.3866,602.55,595.45,596.3436563436564
520.9466,513.42664,517.6236,602.56,589.02,589.3106893106893
532.4935,525.0239,529.2082,590.24,570.84,576.8031968031969
535.53186,528.0226,531.87,582.74,571.36,577.1978021978023
543.0637,536.17474,539.9693,583.5999999999999,563.64,563.8711288711289
549.954,542.9509,546.5786,566.44,551.41,556.93
557.5298,549.9974,553.85144,564.88,557.14,558.46
567.9911,560.2804,564.1632,565.45,555.41,555.45
565.37665,558.48926,561.8567,566.89,557.18,565.6099999999999
561.9926,555.1656,558.7433,603.17,560.65,565.45
561.819,554.3065,558.2466,585.67,562.59,568.18
551.40515,543.6492,547.47375,576.19,541.51,541.65
543.72577,535.4227,540.0104,546.98,525.71,536.68
548.99524,540.55927,545.31506,553.48,540.13,553.38
561.0072,552.93427,557.22394,563.82,551.44,562.6
558.60876,550.7825,554.5437,563.45,538.42,539.47
563.3837,555.75037,559.9091,538.52,525.09,529.15
560.7435,553.5828,557.1719,542.61,528.11,531.06
559.12103,552.0532,555.827,536.98,517.04,534.97
553.2267,545.33777,549.4232,555.47,538.52,555.02
550.6859,542.9761,547.1879,548.0,529.7,534.63
545.9688,537.65295,542.0595,535.23,524.16,527.17
546.44666,538.319,542.8379,535.76,526.07,533.35
557.79926,549.3483,553.9247,532.41,524.81,525.5
558.9752,550.169,554.5071,530.19,520.69,523.72
558.55505,547.40393,552.9581,523.26,514.01,514.77
568.31067,559.8904,564.4831,517.18,501.42,515.73
569.67896,560.9576,565.20703,528.01,514.91,526.26
583.79956,574.5827,579.5538,526.55,521.09,525.22
578.93054,570.65247,574.51544,531.47,522.45,529.9
580.73083,571.7212,576.4707,532.54,524.17,526.48
579.6111,571.70386,575.7499,527.45,519.89,526.36
586.14905,577.99316,582.23987,525.37,513.65,513.73
585.1472,577.5925,581.3533,515.27,501.92,508.56
585.61865,578.39355,582.16833,515.81,505.06,509.6
580.41296,572.64606,576.55994,518.48,502.82,517.31
572.5783,563.03076,567.9967,528.74,517.59,528.47
570.51086,562.04065,566.72266,534.6,528.06,531.63
575.83716,566.90564,571.7848,531.54,523.85,525.21
586.0657,576.96606,581.79663,524.43,516.0,518.56
588.4968,579.4631,583.9454,520.37,514.03,519.2
588.777,579.63824,584.3349,528.33,516.17,527.41
582.58527,573.8738,578.32996,534.76,524.86,528.32
591.4335,579.92914,586.1274,537.71,530.45,537.46
596.01965,583.6582,589.588,546.1,539.3,543.57
593.21924,583.2732,588.40295,552.12,542.21,551.19
598.1433,588.6989,593.67584,564.45,552.83,564.4
598.99475,590.25146,594.7464,566.29,559.46,560.14
593.2679,584.68164,589.022,562.46,557.18,558.55
589.96674,581.3924,586.0198,559.81,554.39,558.36
591.51904,582.72473,587.4,559.36,544.24,552.41
588.78894,579.6464,584.3731,550.83,541.06,543.45
584.5845,575.8379,580.46497,547.11,537.27,543.17
573.1068,562.44824,567.98737,553.43,542.96,552.38
571.60223,560.5633,566.7895,556.53,547.43,554.81
574.36975,564.30115,569.78894,561.36,554.52,560.58
565.405,555.3911,560.64136,562.06,556.37,559.02
571.37396,561.1979,567.0597,558.35,553.5,557.31
566.4615,557.07196,561.9647,556.46,546.96,549.84
573.01556,562.94714,568.5706,550.79,544.07,550.25
567.94836,558.8462,563.54407,548.12,540.04,542.79
569.24036,559.50854,564.8929,543.83,537.85,541.52
579.62823,569.9093,575.17426,552.04,542.51,551.85
579.9541,571.1511,575.6852,553.48,547.01,553.38
578.02954,568.34827,573.4468,556.05,548.89,554.84
588.0099,578.516,583.823,563.45,552.73,563.4
589.3699,581.0111,585.27954,571.08,559.47,563.07
586.1982,577.57,582.13354,578.37,563.67,577.07
585.64124,576.9769,581.7374,580.86,570.28,574.42
586.8873,578.31104,582.9972,578.28,572.23,575.66
583.6479,574.33575,579.2649,577.98,573.18,573.7
580.03503,570.2648,575.5831,582.8,575.0699999999999,581.07
572.66614,562.56824,568.0171,583.84,578.8,580.74
574.3895,564.6127,570.2403,583.41,579.33,583.13
574.7251,565.43787,570.4971,584.82,578.0,580.6599999999999
583.44403,573.5405,579.0239,577.94,564.58,569.53
582.77014,573.4632,578.3106,575.14,567.82,574.5
587.57434,578.0404,583.281,575.01,563.46,569.54
589.6179,580.1239,585.1202,579.26,569.86,577.59
592.7482,583.4801,588.4351,583.61,576.45,583.27
583.47406,574.10236,578.93585,584.2,574.98,583.18
582.9137,573.60156,578.879,586.79,580.61,581.06
583.6727,574.27185,579.39276,579.4,567.05,572.16
576.29193,566.3989,571.6233,595.17,580.41,593.45
575.4729,565.31104,571.0466,592.77,583.63,587.86
584.5514,574.5658,580.1439,598.01,588.98,593.11
591.042,581.1427,586.39685,596.21,590.88,594.3499999999999
594.3529,585.0032,589.9785,597.86,590.15,591.73
598.79614,586.8666,592.89465,590.24,585.42,587.41
588.4978,578.3975,583.583,590.88,583.15,588.98
584.5665,574.76013,580.2042,588.09,581.92,584.01
591.2771,580.8421,586.57825,587.89,582.4,585.81
578.1846,567.46313,572.83154,582.05,568.44,570.03
575.9982,565.9487,571.7443,574.38,561.31,564.52
580.6266,570.82336,576.25244,573.77,562.56,571.58
579.7371,569.7482,574.9861,570.41,561.07,563.52
569.81525,559.6597,565.0867,569.14,558.47,564.82
575.33923,565.28687,571.1314,568.33,559.56,561.82
582.2185,572.83936,577.9359,568.69,558.82,567.21
577.9314,568.66956,573.44946,568.93,564.45,566.33
567.26794,556.5881,562.31555,564.35,559.34,561.19
574.1289,562.7938,569.20667,573.43,564.2,573.21
561.5171,550.18494,555.95776,576.32,569.32,573.08
548.42285,535.4794,542.63464,577.79,568.96,571.91
541.301,528.8523,536.0349,582.91,574.42,580.57
537.17395,525.57,532.11584,585.73,582.4,585.25
523.4393,510.49628,517.48584,585.09,580.97,582.89
531.88153,518.5392,526.3566,582.9,579.55,581.77
514.50055,499.95673,507.2655,583.63,579.05,580.96
529.15106,517.0299,524.5343,583.4,577.41,578.6099999999999
533.6666,523.2596,528.67126,580.21,575.0,576.28
542.9264,531.70825,537.85895,576.91,568.54,569.44
547.89185,537.8358,543.104,571.68,565.55,567.64
539.38354,530.08673,534.8938,570.47,565.52,570.03
545.3965,536.6459,541.7891,576.25,569.63,575.75
552.6681,544.3595,548.7806,581.39,573.4300000000001,576.36
551.796,543.19543,547.6444,584.4,577.63,580.39
559.3103,550.65356,555.4756,584.94,580.36,584.48
558.78973,550.23047,554.52386,590.15,584.69,588.11
555.2733,547.2837,551.6041,587.39,578.41,579.42
558.30804,550.2837,554.72626,581.9,575.36,581.5
546.9176,537.7464,542.37555,580.22,574.68,579.76
547.17786,538.58606,543.6758,580.05,572.89,574.04
543.64294,535.05304,539.6028,573.38,566.65,571.53
551.4181,543.14075,547.90454,579.91,571.09,578.36
553.1084,545.61755,549.5841,585.91,577.19,583.17
550.8744,543.13116,547.323,587.93,583.4,587.66
547.8861,539.79443,544.211,594.85,587.89,594.45
545.4296,537.5421,541.89417,592.32,581.86,585.76
538.78296,530.13214,534.7748,585.24,579.41,579.54
538.1255,529.18933,534.2511,588.02,578.93,586.38
534.47705,526.35614,530.7642,586.37,572.61,573.49
543.55164,535.2073,540.0561,577.66,573.0900000000001,575.52
540.5995,531.97064,536.31366,576.61,569.61,574.78
541.7627,533.43274,538.0927,578.26,571.28,575.78
544.4249,536.28253,540.693,576.0,565.46,566.71
542.4717,534.6454,538.8104,570.34,561.78,568.52
541.1046,533.55566,537.6948,575.64,570.93,573.7
535.69086,526.93463,531.6056,579.41,572.87,575.77
533.81525,525.71967,530.2783,573.69,562.2,562.2
534.21716,526.48047,530.78925,572.31,555.96,570.93
534.71277,526.85876,531.11755,569.93,557.53,559.34
529.19385,520.09344,524.95764,563.58,542.56,543.0
526.0608,517.2185,522.09875,548.0,531.64,531.75
536.9243,528.18176,533.09845,545.69,531.71,536.47
530.44434,522.26935,526.4226,531.34,516.88,528.58
527.5366,519.43274,524.07465,527.98,513.59,523.07
524.68677,516.0355,520.8155,529.53,507.14,509.77
514.3053,504.86816,509.92468,520.33,506.71,519.41
497.33936,485.789,492.06488,525.35,517.69,525.1
516.5984,506.16028,512.68994,538.32,527.35,531.25
515.1693,505.99243,510.43668,545.72,534.38,542.49
519.5914,509.2373,514.961,543.39,534.32,538.3
531.0064,521.7914,526.83374,542.92,535.56,539.29
534.83154,526.75824,530.9153,547.48,540.14,547.4
530.0006,523.4712,527.0386,552.67,545.48,547.83
534.3525,527.3233,531.34015,551.29,542.02,548.8
530.9485,523.04376,527.1369,558.04,553.23,557.55
532.78235,526.2178,529.97485,556.37,551.72,553.7
530.6337,523.6072,527.343,553.98,547.8,552.59
525.06055,517.7552,521.7652,555.28,542.56,544.43
515.99854,507.82605,512.31976,545.39,539.49,540.56
507.59387,498.13605,503.4069,544.71,537.2,539.53
500.67975,492.43134,497.1876,548.09,539.54,545.99
507.35562,497.67468,503.1594,550.43,544.8,548.78
497.1761,489.1381,493.35977,548.95,543.68,545.81
499.71582,491.23376,496.3343,548.29,541.99,543.89
497.70557,489.4441,493.90936,545.18,540.67,542.91
508.02753,499.9353,504.64343,542.3,532.6,535.04
502.59937,494.6817,498.66873,540.46,532.71,533.57
513.5349,505.57288,510.24127,536.77,528.63,535.52
509.81955,502.60876,506.22635,533.64,529.63,533.37
524.0699,516.0635,520.6387,540.66,535.09,536.03
539.66626,531.4834,535.5858,541.21,534.15,537.79
541.85754,534.6532,538.1566,542.49,537.13,539.6
531.3507,524.717,528.0705,540.07,535.57,538.89
522.3259,514.59705,518.9152,540.52,535.13,540.35
511.33737,503.69794,507.92596,539.93,530.4,532.34
516.81793,506.76486,512.356,534.03,528.35,532.29
539.5858,527.803,533.77527,534.53,527.81,529.87
530.07294,521.9677,525.6293,535.87,527.14,535.84
532.1644,524.30994,528.8042,531.43,522.84,523.82
524.7035,517.2666,521.13513,529.55,522.36,525.54
529.7858,522.3898,526.60315,532.73,519.07,531.91
531.7639,524.6776,528.27545,534.86,524.12,524.62
531.0129,524.673,528.0825,532.46,525.66,526.89
537.99304,530.87537,534.6523,527.05,517.24,517.24
538.93286,532.61395,535.84705,521.67,511.86,512.39
545.676,538.84033,542.4054,511.65,487.66,494.03
549.98303,543.1238,546.572,505.61,495.45,503.51
543.28076,536.567,539.8784,512.46,503.32,509.7
540.09814,533.23193,536.9987,516.3,505.52,514.94
545.1679,538.8052,542.35864,525.02,514.67,523.43
537.8793,531.12787,534.4455,533.1,524.85,529.14
531.1223,523.9883,527.95154,530.3,525.58,527.32
538.2062,531.3736,535.3008,532.79,525.87,532.57
547.1898,539.76904,543.5926,534.01,528.56,528.88
558.0115,549.93164,554.0343,529.7,525.69,528.97
564.281,556.31946,560.2883,531.14,524.36,524.96
573.93945,566.11914,570.06116,529.82,522.67,523.37
574.433,567.32666,570.7284,522.89,511.66,512.46
576.86835,569.2606,573.119,514.76,499.68,500.59
577.1322,570.2565,573.7009,505.86,498.28,499.73
568.53827,560.9752,564.64685,502.1,489.66,501.3
566.4999,559.295,563.2258,503.54,493.44,494.81
556.74744,548.5226,552.6681,494.62,486.23,491.2
555.53357,546.9437,551.71094,501.6,491.04,494.82
556.5352,548.7013,552.8545,501.85,491.65,499.5
552.7361,544.0144,548.5227,504.3,496.4,500.42
554.73566,546.088,550.8013,506.8,498.63,506.69
554.91766,546.4721,550.9088,511.1,504.63,505.51
562.1888,552.999,557.8036,517.86,504.81,516.62
563.4701,555.7904,559.793,534.86,518.28,532.93
563.4718,554.4734,559.03235,540.69,531.54,538.47
563.5503,555.1083,559.5404,537.52,528.22,533.74
575.14655,565.5447,570.51965,529.25,516.77,517.21
559.60144,550.45483,554.7285,521.56,508.6,508.6
554.80347,545.90393,550.93726,509.69,499.83,509.26
553.72424,544.4742,549.46356,538.39,514.11,533.06
552.7438,544.33264,548.8526,531.54,517.13,527.03
551.6495,542.8338,547.5752,531.94,521.83,527.79
543.12537,533.6736,538.63477,531.21,519.84,521.33
534.61804,525.4544,530.5785,527.05,520.66,526.14
540.8205,531.8393,537.0344,535.73,524.97,529.55
541.8377,533.3984,537.91113,530.54,524.58,526.38
544.3103,536.1391,540.6774,536.23,525.48,535.47
543.86426,535.3068,539.8864,536.98,531.92,534.5
540.63025,532.2855,536.81885,543.33,533.21,541.44
540.10754,531.49786,536.2706,548.4,541.64,547.51
531.2586,521.5458,526.67456,548.49,539.61,541.35
533.2041,523.3226,528.91797,544.0,536.04,538.22
533.44885,525.2107,529.7743,541.62,536.54,541.38
527.6106,518.3169,523.34875,542.26,534.33,537.47
540.70355,531.4126,536.8153,534.97,527.96,530.45
537.8852,529.4865,533.75757,535.32,526.8,534.62
543.4225,534.7529,539.6454,544.72,533.98,542.38
567.92725,556.4751,562.6394,554.62,540.02,553.96
569.5403,557.78204,563.0644,563.16,551.39,556.87
558.38464,548.9714,553.84875,570.58,557.22,569.78
554.6696,546.2231,550.9707,573.81,564.97,572.07
551.6415,542.82764,547.5835,575.53,566.45,571.8
540.7348,531.15936,536.202,576.33,571.84,573.75
541.67126,532.49,537.7776,575.1,565.21,566.13
543.1848,534.81854,539.34033,568.71,561.99,567.29
534.46204,526.1137,530.58844,563.3,553.21,553.49
526.5642,517.6599,522.6817,556.61,549.17,549.67
540.3078,531.2825,536.60974,554.85,548.95,553.99
541.7148,533.1598,537.39844,556.87,542.73,545.82
536.3084,528.8402,533.0028,555.33,544.51,552.99
533.0694,524.71326,529.3754,552.28,546.5,549.33
537.12885,529.2074,533.7233,558.25,545.5,557.97
543.5614,535.8242,539.9934,559.26,554.62,556.46
535.2754,526.93835,531.16455,560.18,557.52,558.83
537.39136,528.7573,533.72186,560.82,554.31,557.28
543.51404,535.1209,539.6467,573.02,559.67,568.63
541.9464,534.1245,538.19934,570.69,557.21,557.26
544.69275,536.7905,541.18036,557.37,549.14,553.65
542.6218,535.3414,539.2637,553.76,546.63,546.84
535.90936,527.051,531.728,551.95,546.67,550.52
542.65625,534.4212,539.1488,553.19,545.22,546.5
542.096,535.0989,538.7708,549.63,538.02,541.07
539.81903,530.7601,535.5838,539.37,532.39,534.06
536.0362,527.597,532.15234,536.94,528.12,535.3
545.2495,536.5858,541.4261,541.2,534.53,535.55
542.6664,534.7926,538.817,542.36,536.91,540.13
539.9675,532.25964,536.52167,540.47,534.02,539.3
536.7268,529.02136,533.2554,540.81,535.84,538.53
530.4717,522.41986,526.80365,542.57,535.84,537.69
532.2711,524.2037,528.80853,536.1,526.65,528.94
543.57996,535.2169,539.78906,533.27,521.79,531.07
535.615,528.4123,532.00226,534.12,528.16,532.34
532.0206,524.8989,529.0244,528.39,519.58,522.62
531.25146,523.30505,527.70825,534.62,523.06,533.91
532.73956,525.3768,529.4734,537.91,532.21,532.51
534.3286,526.78064,530.90155,539.6,530.29,537.89
542.0299,533.8394,538.3485,549.45,538.75,545.5
542.8515,534.86,539.0313,569.58,555.72,563.51
543.7821,536.3186,540.4133,565.95,553.2,555.37
543.19336,535.8081,539.8091,556.02,550.37,553.68
541.7214,534.20844,538.31836,553.68,546.91,549.08
540.5896,532.97546,537.14886,548.59,535.05,537.34
529.7904,521.5141,525.84753,539.54,532.1,537.9
528.89575,520.17957,525.2608,544.07,535.06,540.78
528.4722,519.76184,524.50525,539.74,530.39,530.8
524.85803,516.34064,520.95276,532.38,521.09,524.22
524.602,517.03564,521.39435,533.46,521.75,530.7
527.55054,519.92426,524.2173,541.15,525.0,538.22
524.7129,516.6253,520.91235,541.98,535.4,535.7
525.4348,517.5944,522.13403,533.21,525.26,529.04
529.63727,521.621,526.05237,534.32,528.66,529.62
537.27386,529.1339,533.5204,539.0,532.41,538.4
552.4864,543.8971,548.4185,539.27,530.38,533.85
567.50684,557.83105,562.6456,534.82,528.85,532.3
568.8508,561.1007,564.97864,540.66,533.04,537.36
642.2744,629.6008,637.0801,542.92,532.97,539.27
673.4721,655.25977,661.6952,543.84,535.98,542.51
660.4004,647.82324,653.1644,544.19,539.51,540.11
668.80396,658.87634,663.6787,539.0,529.88,532.32
668.2438,656.928,661.9524,540.55,531.71,539.79
649.0453,637.5394,642.81226,540.61,536.25,539.78
625.41125,612.00574,618.5376,538.63,531.45,532.11
638.39856,626.1018,633.2104,536.79,529.76,533.99
634.42725,624.44025,629.0739,543.0,531.33,539.18
635.13635,624.98413,630.1853,543.5,537.11,540.31
635.89624,625.77795,630.8272,540.59,534.32,536.7
630.70514,620.7174,625.59845,537.2,532.52,533.33
634.52673,624.96875,629.89636,534.12,526.24,526.83
639.3795,629.7393,634.50525,529.2,523.01,526.69
651.36096,640.43787,645.7655,538.36,529.35,536.69
643.88025,633.92847,638.3833,538.98,533.02,534.61
642.66486,632.3816,637.53125,533.12,530.16,532.33
666.7007,655.51526,661.5077,528.3,524.0,527.2
669.9167,655.36194,661.32715,529.64,525.56,528.15
662.3143,650.06714,655.81006,530.98,525.1,529.26
660.74695,650.03674,655.0662,538.15,530.79,536.73
661.31726,651.6285,656.2623,538.25,533.01,536.69
665.4791,655.65344,660.2859,543.74,537.53,538.19
660.95013,650.5526,655.25134,541.5,535.25,540.48
662.47235,650.96216,656.46436,540.0,535.66,537.84
647.0935,633.92126,639.8347,540.9,535.23,535.23
584.594,568.1952,575.43854,537.76,531.35,531.69
617.74194,596.6388,609.5845,528.61,520.54,521.52
613.88574,596.7037,604.63226,526.25,520.5,520.51
645.8598,628.28296,637.671,525.69,518.23,521.84
639.0178,624.06555,630.52423,524.65,521.08,523.4
632.8378,620.27295,626.46594,525.25,519.0,522.86
611.2887,598.3474,604.2783,526.18,515.18,525.02
609.84015,593.9614,602.394,522.73,516.11,516.83
622.94604,608.9143,616.1582,523.77,520.35,520.68
607.0888,594.6101,600.34705,532.56,525.55,530.13
615.0846,601.81226,609.24554,547.11,532.4,546.55
625.6056,612.5669,619.0708,565.85,546.71,561.1
618.7129,606.48834,612.42926,566.5,556.79,560.22
626.02405,613.8103,620.5063,580.68,565.0,579.85
631.10034,619.94995,625.68994,674.47,645.0,672.93
631.056,619.7427,625.52704,668.88,653.01,663.02
641.5702,629.3777,635.85266,673.0,654.3,662.3
642.73987,632.36426,637.70886,678.64,659.0,662.1
645.2031,633.25073,639.28,663.63,641.0,644.28
639.7501,623.82825,631.6386,648.17,622.52,623.56
633.1594,621.1343,627.53186,634.3,620.5,627.26
628.029,615.0196,621.7648,632.83,623.31,628.0
624.03125,612.124,618.64575,633.36,622.65,631.93
635.4782,622.55676,629.62646,635.22,622.05,632.59
615.8368,602.7706,609.1028,632.91,625.5,625.61
601.3346,585.8495,594.32275,633.06,625.34,631.21
608.4678,594.2728,602.5311,634.81,627.16,629.25
616.2097,603.29224,610.125,647.86,633.16,643.78
613.0466,600.7445,607.08105,645.38,632.25,642.68
637.83777,623.8843,631.58057,642.68,629.71,635.3
645.71924,634.2952,639.89685,643.44,631.25,633.73
654.7398,643.19727,649.0753,674.9,654.27,660.78
644.823,632.907,638.5292,665.0,652.29,659.56
642.9894,630.3313,636.99414,664.5,651.66,656.45
647.87415,636.5337,642.5635,659.85,652.66,657.12
649.53064,639.1616,644.46405,661.38,651.24,660.87
659.8275,648.52435,654.4592,664.0,653.46,656.13
659.70465,649.24524,654.4866,667.0,654.19,660.9
669.6617,658.784,664.4402,662.99,642.9,646.83
666.0536,655.59106,660.47363,640.05,612.33,612.48
669.7235,659.41223,664.74493,599.33,565.05,589.61
657.7843,644.8545,650.9796,617.45,581.11,582.06
650.92004,638.41095,645.21497,631.71,599.05,628.62
718.2732,702.4157,711.98456,643.59,622.0,637.61
711.345,693.97125,700.1345,636.88,624.56,630.38
712.08685,699.4402,706.02795,635.8,617.68,618.25
713.805,702.93274,707.77545,612.86,594.1,597.79
714.97156,703.6659,708.8695,614.34,599.71,614.34
720.7471,710.5172,715.42993,619.71,602.82,606.25
716.71704,705.9147,710.7274,603.47,595.25,600.7
723.79114,712.1582,717.89886,616.31,604.12,614.66
727.37866,716.68085,721.7478,626.52,609.6,612.72
735.40686,724.6362,729.81946,624.16,611.43,621.35
738.0076,727.2322,732.21155,625.78,617.42,625.77
735.62976,725.1887,729.9941,625.86,619.43,623.24
730.0913,717.93933,723.5602,638.7,623.78,635.14
736.30505,724.57574,730.54675,637.95,632.32,635.98
738.684,727.9765,732.9841,650.9,635.02,642.9
736.038,724.56165,729.8773,640.0,627.02,629.25
722.2799,709.4525,715.3175,636.49,625.94,635.44
734.7742,721.66296,728.56744,627.55,615.43,622.69
733.87915,722.3723,727.6885,628.93,620.0,622.36
745.0206,733.2993,739.0981,627.3200000000002,612.4,625.8
750.0897,739.6588,744.5237,629.77,611.0,611.97
762.06824,750.3323,755.66693,614.6,589.38,594.89
757.4221,747.0266,751.4702,605.0,590.22,594.97
752.44666,739.7412,745.3761,608.76,600.73,608.42
753.3331,742.6809,747.8794,612.09,599.85,611.29
754.99744,745.34247,749.83295,627.34,603.13,626.91
752.72534,740.4304,746.0471,643.01,627.0,641.47
773.0752,760.45215,766.945,649.25,636.53,645.44
771.10767,759.1785,764.2604,650.61,632.15,642.36
757.7223,743.956,749.979,644.45,625.56,639.16
772.0219,758.2007,765.2374,645.99,635.32,643.61
763.9031,752.17163,757.14075,648.5,639.01,646.67
765.0388,753.2528,758.8813,657.81,643.15,652.3
757.353,742.75824,749.2982,659.39,648.85,651.16
748.8735,735.7853,742.1493,663.1299999999999,654.46,661.74
748.4761,735.17847,741.754,664.97,657.2,662.2
755.97424,741.4333,748.5946,666.82,659.58,666.1
755.965,741.91516,748.61597,664.72,644.2,650.28
765.4971,752.34094,758.8943,655.87,641.73,642.61
753.226,741.4038,746.7686,657.8,644.01,651.79
751.87946,736.7563,744.17114,730.0,701.5,702.0
755.67535,743.44244,749.7477,719.15,701.26,712.78
758.922,747.7007,753.15344,713.6199999999999,704.55,708.49
754.7621,743.078,748.6141,712.98,703.08,712.95
756.79297,746.8551,752.0599,718.26,710.01,716.9199999999998
770.8679,759.7291,765.3005,718.0,710.05,710.81
781.3763,770.52625,775.72925,721.62,705.85,721.11
773.8605,763.74426,768.17175,724.65,714.72,722.16
752.5475,741.2894,746.22577,733.1,721.9,728.11
750.54987,735.23444,743.0061,739.48,729.47,731.25
740.8428,727.48,734.05945,735.41,727.01,733.76
741.65436,728.19867,735.21326,734.71,719.43,724.89
738.49347,722.9971,730.7671,730.59,718.5,728.32
723.91296,708.52686,716.24866,741.0,730.23,735.4
726.5124,711.6754,719.8082,737.8,728.65,731.23
737.55914,723.8533,731.12134,731.15,716.73,717.0
712.14185,696.01025,703.48206,729.49,711.33,728.96
703.2964,686.9664,695.9233,731.84,723.03,725.3
711.07837,693.50433,703.1197,741.41,727.0,740.0
700.3606,685.52423,693.0149,742.0,737.43,738.41
708.86487,691.1183,700.69934,757.92,743.0,756.6
728.1271,712.69666,721.2242,762.71,751.82,755.98
731.6636,719.3778,725.38245,755.28,737.63,748.28
719.9221,707.0178,713.2877,752.0,746.06,748.15
719.1483,706.8467,713.522,753.41,747.49,750.26
723.7529,709.1861,716.78577,754.93,741.27,742.6
737.5067,723.17035,730.6649,768.95,746.7,767.04
754.7167,740.1634,747.47504,775.96,758.96,762.38
781.65137,765.42456,773.3259,768.99,745.63,752.54
775.4752,757.35706,764.7577,768.49,750.0,766.81
728.6041,706.52094,715.875,768.73,755.09,763.25
710.9273,690.0017,701.109,764.8,754.2,762.37
680.05896,659.1313,669.3633,764.23,737.0,751.61
683.62366,663.4966,674.8511,755.85,743.83,749.46
698.1538,679.1802,689.4596,745.71,736.75,738.87
688.13293,672.21985,680.31537,748.73,724.17,747.77
696.55005,679.67694,688.9769,758.08,743.01,743.4
698.26117,683.41736,691.24365,760.59,739.43,758.09
704.17676,689.5508,697.23517,762.68,749.0,749.43
716.0093,701.5274,709.08826,754.13,738.15,739.31
702.4393,689.25806,695.6116,750.0,740.0,747.77
712.4058,699.73694,706.91943,754.85,745.53,750.0
710.3086,697.7608,703.9092,754.21,744.0,750.31
697.7124,684.4412,691.18677,751.35,746.62,748.4000000000001
705.7207,691.7167,699.5449,762.99,749.52,762.51
714.12585,701.21545,708.08954,779.98,766.43,776.6
709.04614,695.92175,702.446,777.6,766.9,771.0
710.5022,696.58276,704.00073,769.5,758.34,758.88
725.3815,712.0005,719.15924,744.06,731.26,741.84
724.4501,712.8837,718.5515,752.0,738.64,742.58
719.6978,707.0261,713.32666,747.18,728.92,743.62
713.5648,700.7145,707.2744,738.5,719.06,726.39
696.1643,680.7027,688.2637,733.23,713.0,714.47
705.4341,690.7967,699.23474,718.85,703.54,716.03
714.8518,702.5077,709.06506,728.75,717.32,726.07
725.73096,711.7919,718.82996,734.74,698.61,700.56
732.2963,720.1455,726.25793,721.9200000000001,689.1,714.72
734.2968,722.9723,728.48016,706.74,685.37,694.45
732.7074,721.3353,726.8821,709.98,693.41,701.79
741.699,730.14404,736.10254,706.8499999999999,673.26,698.45
747.38184,736.19867,741.71936,719.19,694.46,706.59
742.20447,728.9942,735.06067,728.13,720.12,725.25
743.39343,731.47974,737.5681,729.68,710.01,711.67
748.48486,737.85675,743.2396,718.28,706.48,713.04
739.7534,728.6815,733.8478,718.23,694.39,699.99
742.2036,730.4877,736.65784,733.69,712.35,730.96
740.81396,729.6084,735.23334,744.99,726.8,742.95
754.2396,741.4994,748.2194,757.86,743.27,752.0
756.2715,744.6615,750.29675,789.87,764.65,764.6499999999999
745.43866,733.73486,739.12555,774.5,720.5,726.95
755.0093,743.03815,749.3323,727.0,701.86,708.01
745.9355,735.07336,739.95544,703.99,680.15,683.57
742.3884,731.2677,736.89087,684.03,663.06,682.74
751.3677,740.3799,746.13416,699.9,668.77,678.11
749.1657,737.7189,743.1359,701.31,682.13,684.12
747.52,736.0658,741.8235,689.35,668.87,683.11
743.9862,732.7204,738.3186,693.75,678.6,682.4
752.5448,740.83105,746.94415,698.0,685.05,691.0
759.1142,747.6492,753.26746,709.75,691.38,708.4
759.3369,749.2483,754.0988,712.35,696.03,697.35
765.45636,754.4223,759.75916,703.08,694.05,700.91
772.8816,762.12036,767.32104,713.24,702.51,706.46
761.9679,749.5202,754.9288,708.4,693.58,695.85
759.1398,747.5074,753.3849,700.0,680.78,699.56
741.30554,727.72,733.5705,705.98,690.59,705.75
725.4804,705.04724,714.8939,713.43,700.86,705.07
732.15466,717.67236,725.8972,710.89,697.68,697.77
716.7287,701.20264,708.40894,718.81,699.77,718.81
713.25684,696.3085,705.4206,720.0,712.0,718.85
699.86426,682.968,691.56616,719.45,706.02,712.42
705.3887,690.0033,698.6508,716.49,706.02,710.89
704.94617,691.3113,698.34204,708.09,686.9,695.16
698.60944,685.5831,692.40356,703.79,685.34,693.97
705.0451,691.62067,699.00024,705.68,694.0,705.24
706.66394,693.9784,700.605,716.44,703.36,712.8199999999999
719.2113,706.2792,713.2582,726.92,717.13,726.82
723.35925,711.6173,717.6373,735.5,725.15,730.49
729.7241,718.28516,724.18964,732.29,724.77,728.33
722.6737,710.65247,716.5281,737.47,724.51,736.09
718.0769,706.128,712.42505,743.07,736.0,737.78
716.83765,705.05896,711.32825,742.0,731.83,737.6
722.81506,710.882,717.30225,742.5,733.52,742.09
712.21497,698.9813,705.5206,745.0,737.46,740.75
710.5586,697.52075,704.6819,745.72,736.15,738.06
709.0133,696.27344,703.0637,737.75,731.0,735.3
715.6509,702.6933,709.6893,738.99,732.5,733.53
714.0112,702.25525,708.5055,747.25,728.76,744.77
728.0522,715.4215,722.26587,757.88,748.74,750.53
730.2605,718.863,724.59863,750.85,740.94,744.95
730.5877,719.31396,725.07666,750.34,737.0,749.91
738.4567,726.605,732.73535,752.8,742.43,745.29
741.651,729.8862,735.7101,742.8,735.37,737.8
738.5005,727.9397,733.2283,746.24,735.56,745.69
734.8303,723.6671,729.2831,747.0,736.28,740.28
730.19104,718.724,724.65515,745.45,735.55,739.15
725.61523,713.3319,719.6743,745.0,736.05,736.1
729.2331,717.4868,723.9066,743.83,731.01,743.09
730.98645,719.28986,725.2433,754.38,744.26,751.72
728.0693,717.28455,722.8742,757.31,752.71,753.2
724.4852,713.03766,718.9896,761.0,752.69,759.0
724.74634,713.1531,719.3707,768.05,757.3,766.61
725.8273,714.1371,720.31665,769.9,749.33,753.93
723.1423,711.91864,717.75714,758.13,750.01,752.67
715.3937,702.1095,708.78955,760.45,749.55,759.14
704.3242,687.5985,696.0734,736.12,713.61,718.77
705.2742,691.072,699.0132,723.93,715.59,723.15
706.4657,693.65186,700.4203,725.77,703.03,708.14
704.1232,691.9457,698.3745,708.98,692.36,705.84
687.3016,673.5021,680.2086,714.17,689.55,691.02
681.988,664.1339,673.6789,697.62,689.0,693.01
684.1724,668.7909,677.3157,700.64,691.0,698.21
690.8192,676.974,684.33545,697.84,692.0,692.36
692.89557,679.7943,686.71533,699.75,689.01,695.7
698.9281,686.5005,693.1445,702.32,695.72,701.43
703.8235,692.2644,698.33777,711.86,698.11,711.12
696.7993,685.0789,690.97314,718.71,710.0,712.8999999999999
704.9111,692.7837,699.51544,723.5,715.72,723.18
704.22876,692.54736,698.56287,724.48,712.8,715.29
713.8637,702.0177,708.4025,719.25,709.0,713.31
724.4704,713.7851,719.433,716.6599999999999,709.26,710.83
728.9372,718.538,723.7305,718.48,705.65,716.49
725.81946,715.6348,720.73175,721.52,704.11,706.23
729.80273,719.72186,725.0309,711.6,700.63,706.63
727.96387,717.2846,722.5677,706.0,696.8,700.32
736.7485,725.68066,731.5197,714.58,700.52,709.74
742.96826,732.6826,737.90625,711.48,704.18,704.24
746.4049,736.40515,741.35425,720.97,706.86,720.0899999999999
746.08655,736.1986,741.1051,727.51,719.71,725.27
746.09937,735.77234,740.8788,728.33,720.28,724.12
744.65546,734.5287,739.64,733.94,724.0,732.6599999999999
744.0869,733.4794,738.81824,739.73,731.26,735.72
751.8434,740.8025,746.54504,737.21,730.66,734.15
771.3873,757.52026,764.4556,733.02,724.17,730.4
769.45886,755.8106,761.6719,729.49,720.56,722.34
774.56836,761.89624,768.0736,724.91,714.61,716.55
773.4227,762.82886,767.6604,721.98,716.55,716.65
776.40216,766.5049,771.19946,728.57,720.58,728.28
777.3192,767.729,772.1583,729.54,722.34,728.58
785.95624,775.3437,780.364,725.89,716.43,719.41
784.451,775.1908,779.34314,725.44,716.51,718.36
788.32056,778.67914,783.15857,722.47,713.1199999999999,718.27
788.42346,779.7147,783.7059,722.98,717.31,718.92
786.78015,777.6398,781.7172,716.65,703.26,710.36
787.0002,778.05945,782.261,708.82,688.45,691.72
785.4723,776.0763,780.3085,702.48,693.41,693.71
781.2976,771.35455,775.94055,702.77,692.01,695.94
783.9872,774.16504,778.92505,700.86,693.08,697.46
780.86426,771.5109,775.75745,701.95,687.0,701.8700000000001
778.6338,768.9104,773.44293,689.4,673.45,675.22
779.4232,769.4972,774.2449,672.3,663.28,668.26
776.35767,766.55817,771.0945,680.33,673.0,680.04
773.228,762.87897,767.7761,687.43,681.41,684.11
774.12573,763.8055,768.8761,692.32,683.65,692.1
775.0747,764.50085,769.5702,700.65,692.13,699.21
775.20544,765.2346,770.0503,696.94,688.88,694.95
773.50256,763.2223,768.079,701.68,689.09,697.77
774.05176,763.6625,768.7115,698.2,688.22,695.36
776.66437,766.6349,771.5254,705.71,696.43,705.63
777.82837,767.8953,772.62445,716.51,707.24,715.09
784.50574,773.93085,779.0518,722.94,715.91,720.64
783.1759,773.7941,778.12244,724.0,716.85,716.98
776.6562,766.5275,771.0827,722.21,718.03,720.95
762.871,750.511,756.175,725.74,719.05,719.85
771.0686,759.2257,765.5709,736.13,721.19,733.78
766.2697,754.89294,760.2317,736.99,729.0,736.96
769.3081,758.4312,764.0262,742.13,737.1,741.19
775.796,764.83887,770.2648,741.69,735.83,738.63
776.71814,765.1809,770.61786,743.24,736.56,742.74
773.42505,762.7158,767.83997,742.61,737.5,739.77
777.7026,767.8744,772.79913,741.69,734.27,738.42
783.342,773.19385,778.0989,744.46,737.0,741.77
791.1112,780.7141,785.74,748.65,739.3,745.91
788.11523,778.2177,782.6349,778.55,766.77,768.79
780.04663,769.12836,774.0892,780.4300000000001,761.0899999999999,772.88
784.0166,773.5718,778.81714,775.84,767.85,771.0699999999999
786.03955,776.19324,780.9017,773.21,766.82,773.18
781.97424,771.3714,776.2765,774.07,768.79,771.61
780.50366,769.6037,774.8905,783.04,772.34,782.22
780.29724,769.7185,774.8885,782.63,778.09,781.76
783.80347,773.60693,778.61646,788.94,780.57,784.26
783.95233,773.5193,778.44885,786.81,782.78,784.68
783.74207,773.87305,778.6511,789.75,782.97,784.85
781.49756,771.5324,776.2655,783.4,780.4,783.22
791.03577,780.7537,785.9481,787.49,780.11,782.44
788.85077,778.5683,783.23627,780.98,773.44,777.1399999999999
786.78186,777.359,781.84674,780.81,773.53,779.91
785.0486,774.55054,779.45953,782.86,777.0,777.5
784.22534,774.38745,779.1589,777.1,773.13,775.42
791.0028,781.07184,786.0151,774.54,770.05,772.15
802.14355,790.9745,796.2542,776.44,771.78,772.08
806.1499,796.2412,800.7413,774.5,767.07,769.64
799.3585,789.2383,793.4606,771.89,763.18,769.41
805.82654,796.2711,800.93,776.08,765.85,769.54
818.33826,808.7705,813.1399,774.99,766.61,772.15
809.2931,799.5398,803.3816,774.47,766.84,769.09
803.4646,792.8242,797.59424,769.09,765.38,767.05
808.72986,796.1843,802.03,771.02,764.3,768.78
801.8082,786.37195,792.9175,773.92,768.41,771.46
788.0403,774.8369,780.9668,782.0,771.0,780.08
785.7257,772.57324,778.81384,782.73,776.2,780.35
773.9414,760.6752,766.84717,780.35,773.5800000000002,775.32
761.0777,747.8123,754.19324,773.24,759.66,759.66
779.08594,765.1421,772.7865,770.29,754.0,769.02
789.4662,778.16296,783.6559,766.22,755.8,759.69
787.9772,777.4363,782.21906,767.68,759.1100000000001,762.49
793.9542,780.96155,787.19385,773.8,759.96,771.76
764.3623,745.7379,753.4187,769.75,764.66,768.88
760.7933,745.9562,754.1557,774.0,764.44,765.7
753.1201,735.67,743.8733,773.33,768.53,771.41
763.772,749.15796,757.1229,777.16,768.3,776.22
772.56714,760.51904,766.6013,789.8500000000001,778.44,787.21
777.06024,766.2877,771.51196,788.93,784.15,786.9
768.4298,756.7064,762.0924,782.74,773.07,774.21
776.4975,765.40985,771.25665,785.99,774.31,783.01
774.53796,763.4939,768.6041,781.81,774.97,781.56
768.3788,756.6666,762.3174,785.8,774.23,775.01
766.10144,756.11053,761.2446,780.94,774.09,777.29
778.69727,766.11694,772.4771,776.07,769.5,772.56
776.3654,765.1939,770.521,778.71,772.89,776.43
764.3701,751.0282,757.1526,782.07,775.65,776.47
751.19714,735.5265,743.15063,780.48,775.54,776.86
762.56274,749.88745,757.07056,779.66,770.75,775.08
770.88074,759.6223,765.1867,789.38,775.87,785.94
767.04333,755.2689,760.86475,792.28,780.58,783.07
776.4514,764.451,770.6321,788.13,782.06,786.14
783.5327,772.7308,778.0108,781.22,773.0,778.19
790.4374,779.8423,784.8207,783.95,776.0,778.53
796.5571,785.78577,790.83685,785.85,777.5,779.96
801.71326,790.89246,795.8489,801.6100000000001,785.57,795.26
800.96704,790.74316,795.3604,804.6000000000001,798.03,801.5
803.0552,792.7611,797.5273,803.97,796.03,796.97
795.0665,783.21436,788.3318,799.5,794.0,799.37
799.0602,788.5536,793.8812,815.1800000000001,804.82,813.11
800.0371,790.854,795.09076,816.6800000000001,805.14,807.67
796.08264,786.0081,790.5634,806.98,796.32,799.07
794.7024,784.9669,789.6872,803.49,791.5,795.35
794.65015,785.37683,789.8457,815.49,793.59,795.37
797.76697,788.29144,792.87665,796.8600000000001,784.0,784.54
788.5665,778.1962,782.83826,789.49,775.54,783.61
786.9888,777.0835,782.0667,781.65,763.45,768.7
783.08655,771.1356,776.7106,769.95,759.03,762.13
792.4043,780.7807,786.7687,770.36,750.56,762.02
791.021,781.1096,785.7185,785.19,772.55,782.52
798.744,788.6074,793.5644,795.6300000000001,780.19,790.51
808.97266,798.5178,803.46936,791.23,771.67,785.31
810.0137,800.68176,804.7972,791.17,752.18,762.56
807.71814,798.66675,802.5727,760.78,750.38,754.02
809.21387,800.13525,804.23505,757.85,727.54,736.08
809.1979,799.56885,803.7924,764.42,746.97,758.49
810.3612,801.4834,805.5168,766.36,750.51,764.48
808.26013,798.7118,802.86725,772.7,764.23,771.23
807.85986,798.29553,802.6172,775.0,760.0,760.54
809.3662,800.2914,804.5064,769.7,760.6,769.2
809.89575,799.8988,804.31396,776.96,767.0,768.27
822.8417,812.0801,817.2067,768.28,755.25,760.99
828.81506,819.8733,823.77966,765.0,760.52,761.68
836.4739,827.76404,831.4951,779.53,759.8,768.24
834.4387,823.30237,827.6266,778.5,768.24,770.84
820.01587,807.3436,812.3687,772.99,754.83,758.04
802.79553,788.646,794.6938,759.85,737.03,747.92
,,,754.0,743.1,750.5
,,,763.9,752.9,762.52
,,,768.8300000000002,757.34,759.11
,,,771.36,755.8,771.19
,,,778.18,767.23,776.42
,,,789.43,779.02,789.29
,,,791.25,784.35,789.27
,,,804.3800000000001,793.34,796.1
,,,804.0,794.01,797.07
,,,803.0,792.92,797.85
,,,800.8600000000001,790.29,790.8
,,,797.6600000000001,786.27,794.2
,,,798.6500000000001,793.27,796.42
,,,796.6800000000001,787.1000000000001,794.56
,,,793.3200000000002,788.58,791.26
,,,792.74,787.28,789.91
,,,797.8600000000001,787.66,791.55
,,,794.23,783.2,785.05
,,,785.93,778.92,782.79
,,,782.78,770.41,771.82
