index,High_pred,Low_pred,Close_pred,index,High,Low,Close
0,312.9921,306.662,310.50195,40,311.68,307.92,310.0399600399601
1,312.90836,307.44882,310.6664,41,310.83,309.0,309.46553446553446
2,312.14767,307.01437,309.97067,42,310.08,304.55,305.979020979021
3,307.21606,301.95572,304.87735,43,303.27,295.81,301.34865134865134
4,306.34256,299.93958,303.88416,44,304.45,301.8,302.2677322677323
5,306.508,301.7803,304.38477,45,304.61,302.04,302.43756243756246
6,306.20013,301.0894,304.03467,46,304.81,298.88,299.00599400599407
7,303.46747,297.42282,300.9909,47,302.37,298.51,301.4435564435565
8,306.1956,301.1272,304.0703,48,307.77,301.64,307.73726273726277
9,310.0908,304.45786,307.9362,49,310.23,305.58,306.84315684315686
10,310.97855,304.7878,308.56534,50,310.59,306.27,309.4055944055944
11,312.76352,307.03784,310.49408,51,311.79,308.87,311.3536463536464
12,314.4116,308.1882,312.00812,52,317.45,309.46,315.80419580419584
13,317.5678,312.4706,315.51227,53,316.84,312.46,315.5644355644356
14,318.14212,313.25623,316.1941,54,322.49,315.07,318.7962037962038
15,321.8064,315.91382,319.42578,55,323.19,314.32,321.8181818181818
16,324.22836,318.6703,322.07156,56,323.04,319.25,320.09490509490513
17,323.42273,318.18002,321.3119,57,323.53,318.58,323.4515484515485
18,324.9392,319.89706,322.95255,58,325.53,321.2,322.3026973026973
19,326.89932,321.53998,324.77933,59,328.07,324.32,326.6533466533467
20,329.04538,323.30515,326.74203,60,327.07,320.95,322.99200799200804
21,326.51538,321.37866,324.46097,61,325.52,319.3,319.4205794205795
22,322.79327,317.27197,320.4911,62,322.54,316.23,322.25274725274727
23,324.71613,319.43283,322.60767,63,322.77,318.13,320.10989010989016
24,321.66898,316.6305,319.57718,64,318.31,314.37,316.3886113886114
25,318.3152,313.5953,316.3217,65,317.03,313.11,314.98001998002
26,317.62924,312.30225,315.4213,66,316.48,311.48,314.2407592407593
27,318.6744,313.51398,316.6002,67,316.07,311.11,312.2577422577423
28,318.00836,312.572,315.94583,68,316.81,314.47,316.7932067932068
29,321.81116,316.66232,319.88748,69,325.35,318.93,324.29070929070934
30,327.4226,319.4592,324.42017,70,323.28,310.61,311.13386613386615
31,314.5124,306.11832,311.01318,71,310.74,299.71,301.9030969030969
32,307.56445,302.6178,305.3139,72,307.69,302.37,303.64635364635365
33,307.63574,304.04462,305.58093,73,305.26,300.28,302.5924075924076
34,304.9888,300.68152,302.5528,74,306.98,298.38,298.53146853146853
35,304.43604,299.0738,301.47134,75,303.29,296.8,296.91808191808195
36,300.18756,294.95013,297.1503,76,298.11,294.0,297.6823176823177
37,301.2987,296.55676,298.59256,77,302.18,297.54,299.51048951048955
38,303.82602,298.80734,301.10983,78,304.53,300.31,303.72127872127874
39,306.92953,301.73126,304.24533,79,307.85,303.71,306.5834165834166
40,309.44446,303.97992,306.75302,80,307.22,304.16,306.34365634365633
41,308.26617,303.227,305.76312,81,306.89,299.18,301.29370629370635
42,304.73242,299.09277,302.08337,82,304.66,298.97,301.0889110889111
43,304.22333,299.04102,301.66486,83,302.92,299.18,302.4975024975025
44,306.60614,301.72757,304.38843,84,306.27,303.34,304.3706293706294
45,306.36893,301.16156,304.00238,85,302.81,297.29,297.37262737262745
46,300.96738,295.54297,298.52826,86,304.14,296.39,302.6423576423577
47,306.082,301.00253,303.84125,87,307.3,299.23,305.24975024975026
48,306.98328,301.33447,304.68015,88,307.04,299.78,303.43656343656346
49,308.20236,302.83942,306.0268,89,306.94,303.98,305.6843156843157
50,307.70847,302.9234,305.66055,90,306.13,301.26,301.48351648351655
51,304.19525,298.82736,301.87714,91,303.11,299.17,300.8741258741259
52,305.32266,300.30728,303.1731,92,306.35,300.75,304.4155844155845
53,310.16565,304.83084,308.12195,93,313.87,306.82,313.29170829170835
54,318.5791,311.2127,316.0208,94,317.73,309.46,310.3596403596404
55,313.96863,308.3548,311.70297,95,315.03,297.24,299.0809190809191
56,304.65436,297.20612,301.63916,96,306.7,298.88,305.90909090909093
57,309.53372,305.07608,307.42056,97,305.76,296.89,299.2807192807193
58,302.8816,297.7326,300.6295,98,303.66,297.45,303.5914085914086
59,306.67426,301.29346,304.22964,99,304.82,298.32,300.70429570429576
60,302.4837,297.80524,300.0787,100,299.74,293.04,294.6603396603397
61,300.3149,294.08316,297.52783,101,298.45,293.06,296.0589410589411
62,297.8536,292.73578,295.2649,102,294.84,290.68,293.01698301698303
63,296.90155,291.97668,294.43216,103,293.9,288.42,289.3456543456544
64,291.27557,285.53458,288.53442,104,285.26,283.11,284.42557442557444
65,289.1454,283.66006,286.61023,105,289.16,283.94,288.21678321678326
66,291.61667,286.56192,289.20297,106,287.99,282.18,284.14085914085916
67,290.0662,284.7246,287.69046,107,289.9,285.73,289.2007992007992
68,294.8677,289.53113,292.53482,108,292.85,287.55,288.0369630369631
69,290.99878,285.49902,288.40106,109,289.42,286.22,289.14085914085916
70,293.94107,288.53516,291.4306,110,291.57,282.29,283.18681318681325
71,288.3317,282.2541,285.74503,111,284.09,278.25,281.4935064935065
72,285.38797,279.65735,282.96704,112,282.44,278.3,279.4955044955045
73,284.43137,279.74115,282.224,113,281.48,277.22,278.4815184815185
74,283.77972,278.56332,281.5419,114,281.21,277.5,281.1988011988012
75,284.92258,279.49994,282.75488,115,286.03,278.58,284.36063936063937
76,288.82065,283.821,286.75696,116,291.05,285.49,289.6803196803197
77,292.41833,287.4202,290.24902,117,288.92,285.68,287.6773226773227
78,291.55048,286.24084,289.41574,118,288.84,280.81,281.54845154845157
79,286.4334,281.34286,284.20984,119,284.67,281.85,284.67
80,287.59622,282.45145,285.32977,120,282.98,277.63,279.3006993006993
81,283.82712,279.03427,281.68848,121,282.24,278.7,281.28371628371633
82,286.0145,281.19174,283.87305,122,285.92,281.95,283.58641358641364
83,286.62878,281.47507,284.3737,123,282.06,277.56,281.09890109890114
84,287.7529,282.4723,285.7719,124,288.98,285.03,288.951048951049
85,292.90164,287.3266,290.83075,125,290.41,287.17,289.1508491508492
86,291.87646,286.92865,289.865,126,293.11,287.92,292.81718281718287
87,295.86478,290.97827,293.87643,127,298.91,293.17,296.8481518481519
88,299.3357,293.5437,297.11353,128,295.65,290.32,291.8981018981019
89,294.9129,289.54706,292.80435,129,293.2,289.54,291.91308691308694
90,296.76614,291.73633,294.80844,130,295.11,288.29,289.7652347652348
91,292.02814,286.80606,289.90408,131,287.85,281.42,284.53046953046953
92,288.21954,282.15002,285.95834,132,284.9,280.0,284.1758241758242
93,288.85892,283.89673,286.91144,133,288.49,283.21,287.18281718281725
94,290.88446,285.88568,288.90506,134,288.51,284.82,286.3886113886114
95,290.86496,285.84323,288.83057,135,289.25,283.14,287.2877122877123
96,290.56442,285.4342,288.55374,136,290.76,286.99,289.2957042957043
97,294.4248,289.30313,292.3902,137,298.12,291.91,295.4245754245755
98,304.56754,297.24338,302.25385,138,305.33,297.97,304.2707292707293
99,303.6485,296.29333,301.12973,139,308.02,298.01,306.6033966033967
100,309.18576,304.35587,307.26837,140,307.81,301.04,302.65234765234766
101,305.0974,300.6696,303.2068,141,305.54,301.55,302.8621378621379
102,307.5584,302.7214,305.4292,142,307.28,303.88,305.53446553446554
103,309.27625,304.20273,307.0343,143,316.31,307.6,316.29370629370635
104,319.3603,312.7129,316.67245,144,320.1,313.57,314.97002997003005
105,315.7904,310.44586,313.3011,145,317.06,312.94,315.3046953046954
106,319.5675,314.2786,317.29065,146,318.56,314.51,315.1598401598402
107,315.3905,310.16666,313.0586,147,317.82,310.54,313.2017982017982
108,320.20987,314.7055,317.91412,148,320.66,316.88,319.4655344655345
109,321.32587,315.9423,319.115,149,323.48,318.42,320.20979020979024
110,322.96393,317.4938,320.63226,150,320.93,317.05,319.0759240759241
111,321.32178,315.79517,319.08618,151,321.73,318.06,319.91508491508495
112,323.42706,318.5004,321.41476,152,321.98,319.56,319.975024975025
113,321.36447,316.4981,319.3515,153,319.92,316.88,319.80019980019983
114,324.22696,318.98123,322.26685,154,328.84,322.13,328.77122877122883
115,332.00195,325.3491,329.5847,155,335.17,328.27,333.08191808191816
116,336.90787,330.26852,334.43286,156,335.87,330.81,332.5224775224776
117,334.90112,329.5504,332.8661,157,336.06,332.29,335.1798201798202
118,338.01642,333.15527,336.18182,158,337.36,334.6,337.3076923076923
119,338.8784,333.50098,336.80472,159,338.17,335.07,336.50849150849155
120,337.8416,332.86533,335.74902,160,337.73,329.85,333.50649350649354
121,335.46158,330.03168,333.2073,161,339.03,332.11,337.32767232767236
122,339.46262,334.29483,337.2726,162,338.97,334.25,337.1378621378622
123,339.30554,334.12634,337.2233,163,338.95,335.78,338.0469530469531
124,335.5129,330.72302,333.3447,164,334.75,328.39,333.36163836163837
125,335.5493,329.7869,333.17444,165,337.54,331.13,337.3626373626374
126,340.39062,335.24246,338.3487,166,343.21,336.81,342.72227772227774
127,344.85135,338.6616,342.44302,167,342.41,338.82,339.5654345654346
128,342.39954,337.5557,340.43024,168,343.0,338.75,341.2637362637363
129,344.11505,338.72263,341.96405,169,341.22,335.49,339.25074925074927
130,340.70038,335.6526,338.63498,170,341.97,338.3,339.0909090909091
131,344.08694,338.94455,341.94598,171,348.64,341.09,348.39660339660344
132,352.02313,345.6819,349.55164,172,354.8,347.53,351.7582417582418
133,356.03125,349.63974,353.43173,173,355.07,347.89,349.07592407592415
134,350.5627,345.0402,348.16537,174,349.02,344.21,344.80019980019983
135,346.57092,341.77475,344.3779,175,346.16,339.17,344.1508491508492
136,347.75833,342.1995,345.41452,176,353.18,343.98,351.70329670329676
137,355.9928,350.18195,353.55338,177,355.17,352.18,353.51648351648356
138,355.59863,349.7192,353.06088,178,355.11,351.18,353.6663336663337
139,354.9124,350.29565,352.85452,179,357.99,352.07,357.79720279720283
140,360.30872,355.01825,358.0797,180,362.92,356.87,362.39260739260743
141,364.3449,358.023,361.5756,181,364.32,359.26,362.70229770229776
142,366.76593,360.7544,364.15897,182,366.09,363.7,365.62437562437566
143,368.9831,359.66232,364.68146,183,373.62,363.76,373.29170829170835
144,377.33157,371.6765,374.6878,184,381.02,372.43,373.18181818181824
145,378.26562,369.4451,374.035,185,379.2,369.12,375.32467532467535
146,380.25818,372.69434,376.37073,186,380.0,374.42,376.83816183816185
147,378.28638,372.6177,375.25574,187,378.23,374.17,375.83916083916085
148,379.26096,374.3431,376.56024,188,381.07,376.69,379.4655344655345
149,382.75354,376.99548,379.65094,189,381.56,373.73,377.0829170829171
150,377.5533,372.05945,374.4552,190,380.53,374.7,379.8251748251748
151,382.15906,377.0534,379.346,191,383.51,378.28,382.59240759240765
152,385.77527,380.0745,382.89102,192,385.74,381.08,382.39260739260743
153,382.53033,376.42648,379.2105,193,380.36,375.67,377.50749250749254
154,380.26648,374.9841,377.46393,194,379.24,369.88,370.65434565434566
155,372.93243,366.39993,369.47833,195,372.37,367.77,370.8891108891109
156,376.6272,371.21222,373.82712,196,377.83,373.74,374.3356643356644
157,378.0571,372.0302,375.10962,197,376.03,370.66,370.984015984016
158,372.78845,366.7924,369.65906,198,370.53,363.99,369.10589410589415
159,371.72775,365.32675,368.58063,199,372.1,366.85,370.959040959041
160,373.54303,368.13712,370.86963,200,376.76,368.75,376.3336663336664
161,379.45496,373.53693,376.73755,201,378.29,336.74,346.20379620379623
162,351.54108,334.82635,342.44168,202,352.03,334.75,339.62037962037965
163,344.22736,334.9556,338.45398,203,341.04,333.6,338.0669330669331
164,340.18137,337.81668,338.07343,204,342.38,334.75,338.90609390609393
165,343.97263,340.3372,341.12387,205,342.22,336.37,337.3876123876124
166,338.768,334.37863,335.29395,206,339.73,335.5,337.61238761238764
167,339.22662,334.2366,335.4879,207,340.24,334.35,336.31368631368633
168,340.35272,335.1681,336.80774,208,339.23,336.24,338.88111888111894
169,340.55722,335.4087,337.2443,209,344.16,338.09,342.51248751248755
170,347.97894,341.97266,344.61646,210,346.48,342.4,342.6773226773227
171,344.21027,337.92902,340.7035,211,342.15,336.52,340.20479520479523
172,343.42673,337.90137,340.42575,212,341.97,337.51,339.58541458541464
173,340.14142,334.6787,337.20023,213,337.85,332.0,332.31268731268733
174,337.10446,331.00598,333.97543,214,334.49,324.4,324.92507492507497
175,329.75336,323.52658,326.59827,215,332.92,323.94,330.2747252747253
176,335.33664,328.88837,332.27695,216,333.65,329.2,331.70829170829177
177,333.56854,328.6105,331.14243,217,332.55,327.89,328.29670329670336
178,332.40527,326.93796,329.84448,218,329.85,324.04,325.0549450549451
179,327.52844,322.0558,324.90533,219,328.77,320.75,322.4225774225775
180,326.58395,320.866,323.8166,220,325.29,316.81,322.3826173826174
181,329.4335,322.52817,326.63318,221,333.21,326.54,332.8571428571429
182,336.6648,330.87027,334.2312,222,337.73,331.04,333.73626373626377
183,336.56094,330.7745,334.1212,223,333.65,328.97,331.6933066933067
184,335.55093,329.785,333.17538,224,333.75,331.81,332.73726273726277
185,334.42218,329.73767,332.3295,225,332.25,328.28,329.3406593406594
186,332.41852,326.48865,329.86902,226,336.24,327.77,334.10089910089914
187,336.99933,331.02994,334.39468,227,341.18,330.71,340.5594405594406
188,345.19916,338.7347,342.7058,228,345.65,339.73,344.6553446553447
189,346.82468,340.7257,344.4032,229,348.3,341.56,347.88211788211794
190,351.84326,345.4476,349.34653,230,351.63,345.76,346.32867132867136
191,348.50024,343.01428,346.1038,231,346.46,341.57,344.2257742257743
192,346.7762,341.44022,344.4744,232,345.95,339.89,342.62737262737267
193,344.8184,339.57245,342.49292,233,346.51,340.98,344.2757242757243
194,348.24615,343.1221,346.0086,234,347.14,339.94,340.8291708291709
195,343.89832,338.22305,341.42,235,344.53,340.62,341.42857142857144
196,346.13776,340.9533,343.8424,236,349.65,342.58,347.1378621378622
197,351.85406,345.3513,349.21893,237,350.44,345.45,347.4775224775225
198,356.17923,349.9947,353.8413,238,356.9,348.47,350.0399600399601
199,351.94952,345.01535,348.98978,239,352.59,347.91,349.6703296703297
200,354.1112,348.61087,351.65912,240,359.61,350.7,359.04595404595403
201,361.4129,354.80072,358.69788,241,363.19,356.19,359.19080919080926
202,362.1875,355.74976,359.31363,242,360.15,357.0,358.7112887112887
203,361.7732,356.7752,359.61267,243,360.97,357.15,359.8301698301699
204,358.8396,354.1365,356.68677,244,358.07,353.93,356.4785214785215
205,359.5719,352.95972,356.51685,245,356.25,352.41,353.42657342657344
206,354.20816,350.39853,352.2907,246,355.11,349.89,353.1118881118881
207,355.28943,350.72394,353.2566,247,353.1,348.0,351.8281718281719
208,352.26187,347.26685,349.97742,248,352.14,348.7,348.7
209,351.9928,347.06903,349.68234,249,353.96,346.7,352.36763236763244
210,359.7517,354.08588,357.55713,250,362.14,356.94,360.2747252747253
211,363.98883,357.81946,361.4516,251,364.6,359.01,360.48451548451555
212,365.45343,359.5852,362.9899,252,369.35,362.48,367.6073926073927
213,370.33612,364.15735,367.70367,253,368.31,363.93,366.00399600399606
214,368.12598,363.20468,366.00412,254,366.78,360.86,365.2797202797203
215,366.66034,361.7308,364.57776,255,367.8,362.94,367.6823176823177
216,371.74487,366.40723,369.48,256,371.11,365.38,369.3556443556444
217,371.28256,366.10675,369.0689,257,369.83,366.78,368.6113886113887
218,369.44104,364.83997,367.37607,258,369.71,359.83,360.2747252747253
219,362.57925,356.25882,359.53757,259,366.13,354.72,361.11388611388617
220,364.97287,357.97305,361.58832,260,360.82,355.5,356.2587412587413
221,359.722,354.88953,357.47876,261,358.48,354.18,354.33066933066937
222,357.4502,352.26575,355.04474,262,355.05,349.36,350.939060939061
223,354.36554,348.30786,351.4851,263,351.35,346.46,350.1248751248752
224,364.30255,357.73444,361.7603,264,373.1,366.52,369.36563436563443
225,374.29135,365.58527,370.32367,265,377.0,368.87,375.69930069930075
226,376.9258,371.279,374.19464,266,377.82,373.72,375.4295704295705
227,377.07562,372.2978,374.81616,267,376.39,372.55,373.961038961039
228,373.7598,369.46042,371.49716,268,377.06,371.88,375.43456543456546
229,377.79984,373.0464,375.34863,269,379.05,375.05,375.50949050949055
230,376.84888,371.90576,374.27768,270,377.4,373.72,376.43356643356645
231,379.81656,374.88184,377.43112,271,386.85,377.63,386.3536463536464
232,388.03745,380.70813,384.51407,272,383.8,377.72,378.0919080919082
233,381.14786,374.83676,377.96246,273,384.12,378.32,381.43856143856146
234,382.6139,377.6656,380.07684,274,385.04,377.83,383.64635364635365
235,386.59937,381.20157,384.02182,275,387.95,381.32,385.5294705294706
236,390.6636,384.20862,387.5913,276,391.87,388.32,391.21878121878126
237,392.18417,385.71442,388.9029,277,390.04,385.43,389.7502497502498
238,391.72565,386.3349,389.08868,278,392.48,388.23,388.8911088911089
239,391.5796,386.3638,388.94177,279,391.21,388.53,389.97002997003005
240,391.12085,386.60254,388.78766,280,392.9,387.43,392.43756243756246
241,395.11832,389.8449,392.57553,281,395.15,392.07,394.96503496503504
242,399.37445,392.87424,396.23077,282,401.99,396.16,401.91808191808195
243,405.1012,398.47046,401.85532,283,402.97,394.42,394.7502497502498
244,399.42886,392.91913,396.17108,284,401.22,394.13,396.2787212787213
245,401.8243,394.61453,398.06198,285,399.13,395.42,398.36163836163837
246,401.38928,396.10568,398.6778,286,402.7,393.77,393.906093906094
247,398.50958,392.57855,395.4121,287,396.49,390.74,393.59140859140865
248,397.3106,391.6266,394.3164,288,400.87,394.08,398.39660339660344
249,402.16437,396.55255,399.2843,289,401.99,399.02,399.10589410589415
250,401.28394,395.27496,398.13223,290,402.06,396.59,401.58841158841165
251,404.38492,398.60007,401.43668,291,409.88,401.0,409.21578421578425
252,415.96576,409.21875,412.74023,292,418.51,412.9,417.73226773226776
253,422.98236,414.58478,418.73822,293,420.42,412.86,414.1358641358642
254,417.47382,410.81555,413.90924,294,416.75,413.24,414.74525474525484
255,418.35156,412.82254,415.37494,295,415.9,410.98,414.20579420579423
256,416.79303,410.1652,413.21524,296,418.28,414.2,415.8491508491509
257,417.17346,412.16656,414.1931,297,414.39,410.3,412.25774225774234
258,414.9162,409.25916,411.91785,298,413.79,409.62,411.1138861138861
259,413.96045,408.74304,411.0589,299,411.95,407.17,409.23576423576424
260,410.37665,405.14087,407.55655,300,408.62,405.15,405.6293706293707
261,406.23297,399.19058,402.26184,301,404.86,399.24,402.3876123876125
262,406.70306,401.27777,403.7586,302,408.1,401.72,404.14585414585423
263,409.91235,403.8462,406.91388,303,407.23,404.2,405.8341658341659
264,406.57452,401.3985,403.84528,304,406.93,403.41,404.1158841158841
265,408.55103,403.22873,405.8307,305,406.1,403.31,403.6413586413587
266,406.77228,401.45825,404.11087,306,408.09,401.9,403.3066933066933
267,407.9632,402.2661,405.08298,307,405.48,402.39,404.69530469530474
268,404.76233,399.89563,402.3127,308,401.99,399.17,399.8301698301699
269,403.5173,397.3947,400.4789,309,401.18,395.17,395.61438561438564
270,398.90967,392.72723,395.72775,310,399.63,395.14,399.10089910089914
271,403.83606,398.2256,401.11237,311,405.89,400.5,405.0
272,408.7705,402.7497,405.93774,312,405.58,398.84,401.59340659340666
273,402.5489,396.99146,399.8043,313,401.37,394.17,396.0489510489511
274,395.94415,389.68683,392.59827,314,392.03,386.75,390.06493506493507
275,392.13724,385.02863,388.38983,315,388.32,382.77,385.979020979021
276,389.20554,383.0199,386.05084,316,390.41,385.11,387.3726273726274
277,392.889,387.21448,390.0964,317,394.7,386.55,393.61638361638364
278,397.00818,391.39563,394.37857,318,395.07,390.57,393.7212787212788
279,396.03387,390.30966,393.26593,319,394.57,390.0,393.5514485514486
280,393.83698,388.6901,391.2716,320,397.01,387.06,389.50549450549454
281,394.8586,388.46387,391.66248,321,396.51,390.5,395.2047952047953
282,395.7798,390.4062,393.03632,322,393.94,387.6,389.8201798201798
283,393.51385,387.69727,390.73563,323,391.43,379.21,381.5234765234765
284,385.34064,378.1484,381.69067,324,400.22,381.7,398.44155844155847
285,405.51263,395.73242,400.62067,325,400.48,386.05,398.5614385614386
286,398.81583,392.90442,396.13855,326,406.23,398.69,402.44255744255753
287,406.61548,400.91983,403.7661,327,407.47,402.49,405.2047952047953
288,408.30634,403.0814,405.6757,328,406.71,402.31,403.0369630369631
289,404.15723,398.7237,401.29358,329,402.36,396.8,399.21578421578425
290,402.0635,396.0879,398.93124,330,409.81,400.0,408.00199800199806
291,412.07297,406.13876,409.02975,331,412.27,407.31,410.7442557442558
292,413.31085,407.199,410.2805,332,410.82,406.66,408.6813186813187
293,410.17212,405.24313,407.66476,333,415.72,408.0,413.25674325674333
294,419.76755,413.87805,416.8767,334,421.81999999999994,416.44,421.2787212787213
295,425.5736,418.99628,422.29633,335,429.32,422.55,429.1658341658342
296,433.2531,427.18884,430.2038,336,430.32,423.75,427.0129870129871
297,428.74548,422.98752,425.8275,337,435.31,424.86,435.18481518481525
298,438.2657,431.84943,434.7988,338,438.19,432.49,434.11088911088916
299,438.95938,432.67505,435.56375,339,438.63,434.45,438.47152847152853
300,441.1445,435.4696,438.04242,340,439.59,435.06,437.1278721278722
301,439.5831,434.51196,436.74518,341,442.69,436.93,441.8931068931069
302,448.627,443.19427,445.67087,342,456.48,445.34,456.2337662337663
303,463.4815,454.28226,458.4159,343,458.27,449.32,450.24975024975026
304,455.23962,447.20358,450.557,344,455.04,448.58,452.89210789210796
305,455.75244,448.6303,451.46625,345,458.58,450.81,452.5674325674326
306,457.4068,450.7558,453.2169,346,454.13,447.13,451.7932067932068
307,452.8676,446.75647,449.10913,347,452.96,441.78,443.0469530469531
308,442.18802,435.09967,437.55664,348,443.32,435.37,439.7452547452548
309,441.68335,435.08493,437.3836,349,437.77,433.88,435.02997002997006
310,442.5708,435.73712,438.69162,350,444.4,438.56,438.99100899100904
311,441.46393,434.63086,437.3474,351,437.36,430.53,432.53246753246754
312,435.82745,429.3819,432.07416,352,437.81,431.59,433.7562437562438
313,437.12512,430.50836,433.24097,353,436.86,432.14,433.9810189810191
314,438.60675,432.13,434.95642,354,435.35,425.91,432.19280719280727
315,434.5459,427.49188,430.75113,355,433.67,425.44,427.947052947053
316,431.701,425.41864,428.17056,356,433.1,426.96,428.2467532467533
317,434.00806,427.26358,430.36264,357,431.55,422.03,430.70429570429576
318,434.9289,427.71716,431.24756,358,438.36,431.04,438.2217782217783
319,442.99588,435.59427,439.09387,359,443.84,438.4,443.4465534465535
320,444.87766,437.99945,441.2237,360,441.84,438.12,438.2617382617383
321,442.93414,436.83856,439.69287,361,441.35,433.2,434.3606393606394
322,435.76538,429.14166,432.08777,362,438.19,431.13,436.8631368631369
323,441.6845,435.2712,438.1175,363,440.7,435.43,435.88411588411594
324,440.91193,434.06717,437.3169,364,443.05,437.5,441.4685314685315
325,446.30176,439.66394,442.73053,365,448.82,442.52,448.62637362637366
326,452.91052,446.2462,449.4363,366,453.72,447.06999999999994,448.6563436563437
327,450.59503,442.7525,446.1966,367,448.82,440.01,440.7192807192808
328,446.1777,437.7337,441.3323,368,443.28,434.9,438.8211788211789
329,439.5382,430.61273,434.33923,369,436.52,430.01,433.2717282717283
330,439.5543,431.98486,435.24588,370,438.2,430.64,431.48351648351655
331,437.36914,430.20602,433.46793,371,437.36,433.66,435.1948051948052
332,439.92032,433.71735,436.45044,372,440.69,436.69,436.8981018981019
333,439.46436,433.08337,435.92828,373,439.27,435.46,438.5414585414586
334,444.193,437.23328,440.456,374,444.37,440.85,442.28271728271733
335,446.15747,440.10602,442.97736,375,443.84,437.0,439.50549450549454
336,440.7397,434.5096,437.4552,376,442.92,437.61,441.5584415584416
337,445.58954,440.5522,442.8909,377,446.03,442.01,445.0749250749251
338,450.38232,444.27216,447.3817,378,451.44,446.87,450.8541458541459
339,456.2738,449.7843,452.92688,379,454.77,447.31,450.929070929071
340,452.739,446.31744,449.39716,380,453.87,448.51,451.30369630369637
341,457.432,451.33228,454.1646,381,458.69,452.56,458.40159840159845
342,462.51172,455.11526,458.58044,382,459.78,455.91,459.77522477522484
343,463.63654,456.29636,459.5711,383,462.27,456.47,460.61938061938065
344,464.67126,458.26648,461.1731,384,462.25,455.24,458.08691308691317
345,461.20258,454.6507,457.53113,385,461.7,456.44,457.5624375624376
346,461.08813,455.21466,457.5989,386,458.28,449.91,453.6413586413587
347,448.93988,439.92615,443.47134,387,449.79,436.17,446.62837162837167
348,455.70764,441.35925,447.0539,388,454.63,446.83,453.6513486513487
349,457.9509,450.52948,453.5711,389,454.8,448.11,450.2147852147853
350,454.76184,448.2183,451.2917,390,453.45,448.67,449.76523476523477
351,448.59677,442.0986,444.46613,391,446.75,441.39,442.1928071928072
352,445.52832,437.62115,440.8019,392,443.33,439.35,441.02397602397605
353,443.51315,437.47586,440.03152,393,445.74,438.8,439.48551448551456
354,444.57605,438.08353,441.04016,394,446.13,438.79,443.7962037962038
355,447.4936,441.2444,444.1416,395,446.5799999999999,441.44,442.2177822177823
356,447.94708,440.98004,444.33142,396,450.5899999999999,445.83,450.4195804195805
357,454.07166,447.33435,450.51166,397,451.81,448.73,451.59340659340666
358,453.85278,447.8027,450.77585,398,451.07,447.92,450.8091908091908
359,452.5627,447.21487,449.84106,399,453.16,446.19,446.61338661338664
360,448.80652,443.00507,445.66956,400,447.55,442.88,443.66133866133873
361,448.09473,442.45975,445.0984,401,446.25,440.99,444.66533466533474
362,446.19434,440.5176,443.31192,402,446.09,443.34,443.5414585414586
363,445.55402,440.00427,442.57678,403,441.84,439.18,441.10389610389615
364,444.03497,438.43637,441.2475,404,442.59,436.46,438.981018981019
365,440.2881,434.58997,437.353,405,438.47,431.96,433.2817182817183
366,434.50574,427.78806,430.88666,406,430.85,427.4,428.2267732267732
367,431.90625,425.54208,428.56476,407,429.61,426.67,426.8531468531469
368,430.4607,424.30902,427.35992,408,434.37,427.12,431.20879120879124
369,436.58182,430.03943,433.27814,409,434.43,430.16,431.0939060939061
370,435.45844,429.6702,432.6764,410,436.82,431.63,433.04195804195814
371,437.9153,431.39792,434.67694,411,435.74,433.5,435.22477522477527
372,438.82468,433.71402,436.38107,412,437.36,433.25,433.48151848151855
373,435.758,430.3638,433.17194,413,435.82,431.41,431.5784215784216
374,431.98077,426.70197,429.17963,414,430.25,422.37,423.48651348651356
375,426.60397,420.3283,423.39996,415,426.11,422.3,422.69230769230774
376,426.3661,420.66937,423.45764,416,428.58,422.71,426.1188811188812
377,430.40558,424.40973,427.54034,417,427.42,421.2,421.8681318681319
378,427.29285,420.67194,424.11212,418,431.48,425.38,428.58141858141863
379,433.22964,426.44232,429.79608,419,435.12,425.99,434.18581418581425
380,438.50992,431.7782,435.325,420,438.3,434.18,438.13686313686316
381,441.8936,436.22595,439.21912,421,440.24,435.24,438.1468531468532
382,442.02667,436.0284,439.17218,422,443.21,439.56,442.36763236763244
383,446.02026,440.5646,443.2513,423,444.33,440.35,442.67732267732265
384,445.11792,439.64734,442.42548,424,446.81,441.39,446.4235764235765
385,450.287,444.36237,447.25107,425,447.27,443.34,444.8601398601399
386,447.43576,442.28735,444.8663,426,446.16999999999996,440.77,442.87712287712293
387,448.0093,442.47226,445.23346,427,446.83,440.78,442.22277722277727
388,444.51147,438.93774,441.57416,428,442.54,438.86,441.39860139860144
389,444.1847,438.76593,441.35422,429,450.3,439.89,449.975024975025
390,455.52286,448.95953,452.1991,430,451.3,446.03,447.51748251748256
391,449.6989,443.5501,446.53552,431,450.38,446.14,449.8701298701299
392,453.432,443.25714,447.67493,432,449.11,440.95,441.59340659340666
393,444.2646,438.02325,440.62097,433,443.39,439.05,441.7632367632368
394,445.49164,439.6317,442.3694,434,441.62,436.17,436.97802197802207
395,439.4116,433.23648,435.9399,435,439.73,435.87,437.4475524475525
396,439.3942,433.8089,436.197,436,437.12,434.03,436.5584415584416
397,436.7412,431.2261,433.77472,437,438.78,432.53,436.31868131868134
398,441.9058,435.52185,438.54163,438,442.18,438.38,441.8431568431569
399,443.945,437.6977,440.69934,439,443.02,437.27,442.3376623376624
400,445.26492,439.33594,442.27637,440,445.38,434.42,436.40859140859146
401,439.13287,432.16058,435.40833,441,437.12,433.38,434.5454545454546
402,435.68655,430.03314,432.5246,442,435.36,430.44,431.2537462537463
403,434.7019,429.05725,431.7677,443,431.37,424.22,425.2397602397603
404,428.77438,422.16864,425.31195,444,429.71,419.92,426.3336663336664
405,432.82843,425.29233,428.963,445,432.79,428.5,432.4975024975025
406,435.42227,428.50647,431.90454,446,435.11,431.03,434.36563436563443
407,435.61905,429.90125,432.725,447,436.49,431.08,436.4185814185815
408,439.1836,433.6864,436.4696,448,441.16,435.37,439.3606393606394
409,444.043,437.93375,440.99323,449,447.49,440.35,447.33766233766244
410,449.37982,442.792,445.99274,450,446.78,441.21,442.73726273726277
411,479.1178,468.26697,474.30817,451,505.83,485.18000000000006,503.81618381618387
412,515.36993,492.82684,502.10138,452,507.6,497.91,499.7752247752248
413,504.43613,495.3458,498.80722,453,504.61,496.04,501.6183816183817
414,505.7603,499.46033,502.3507,454,515.44,498.45,513.7812187812187
415,518.92065,511.41296,513.7566,455,518.34,510.49,510.8591408591409
416,516.0746,509.29395,511.67682,456,512.49,503.48,505.70429570429576
417,508.61676,502.11963,504.4502,457,509.79999999999995,504.6,505.6043956043957
418,511.05136,506.14136,507.60953,458,516.53,504.86,516.1838161838162
419,521.5387,515.7893,517.8997,459,516.82,511.08,513.2867132867133
420,515.2112,509.83813,511.76642,460,518.82,510.07,513.3666333666334
421,519.1078,512.9815,514.9974,461,516.07,510.64,511.6033966033967
422,517.11523,511.54715,513.508,462,514.26,509.11,511.13886113886116
423,512.4833,507.2395,509.03564,463,513.9,506.81,508.8511488511489
424,515.2153,509.56134,511.4206,464,511.58,505.79,509.4655344655345
425,512.5035,507.39218,509.28717,465,510.05,501.94,502.0929070929072
426,506.32657,499.3203,501.85947,466,507.35,502.37,506.1188811188812
427,508.9486,502.8416,504.85406,467,506.07,502.12,503.4065934065935
428,506.9606,501.0153,503.31024,468,506.88,500.62,504.00099900099906
429,506.80743,500.60373,502.85913,469,514.5,501.37,514.3056943056944
430,521.1756,514.2132,516.8285,470,517.93,513.25,515.6843156843158
431,519.6635,513.39667,515.9222,471,517.06,513.23,514.8501498501499
432,519.9174,513.4839,515.92,472,522.41,512.7,513.8511488511489
433,519.65,511.95178,514.73083,473,515.44,509.61,510.6843156843157
434,516.201,509.7718,512.2266,474,514.75,508.27,509.2457542457543
435,514.8645,508.6801,511.1538,475,517.22,511.08,515.1048951048951
436,519.87616,513.43896,515.8689,476,516.15,512.69,514.015984015984
437,520.04767,513.198,516.0255,477,524.63,515.58,521.013986013986
438,527.99194,520.4209,523.40814,478,528.77,519.52,527.2277722277723
439,534.4164,525.38025,529.0669,479,532.01,528.02,529.5704295704296
440,533.6833,527.2168,529.875,480,531.32,527.75,527.8171828171829
441,533.8101,527.0263,529.8807,481,531.18,523.42,525.2697302697303
442,527.5072,520.20844,523.16345,482,529.73,522.55,524.6653346653347
443,529.85046,521.7418,524.9061,483,530.0,523.04,527.1128871128872
444,531.8833,524.8569,527.932,484,527.85,523.58,526.6983016983017
445,534.8657,527.84436,531.1979,485,533.0,528.06,532.937062937063
446,536.9573,529.3945,532.8929,486,539.13,532.02,537.0579420579421
447,541.43524,533.70044,537.14075,487,544.12,535.82,540.3046953046954
448,547.47546,538.7471,542.6622,488,543.62,535.58,536.6333666333667
449,541.60345,533.02454,537.07465,489,539.45,532.5,532.9820179820181
450,539.2793,530.7961,534.73413,490,536.14,526.97,528.4165834165835
451,533.91254,523.9073,528.50934,491,535.34,529.02,534.4855144855145
452,540.00037,531.1421,535.1489,492,538.36,532.2,532.932067932068
453,538.90955,529.9263,534.34155,493,540.45,527.54,540.3496503496503
454,543.8662,533.6268,538.3386,494,543.96,537.53,541.0839160839162
455,547.3406,538.1795,542.43365,495,548.53,541.97,548.2567432567432
456,558.6664,545.8546,551.52734,496,555.82,550.5,555.4695304695305
457,560.49084,551.6511,555.80566,497,555.54,551.98,553.8461538461539
458,557.76855,551.1637,554.75964,498,557.41,552.27,556.6433566433567
459,561.57825,553.2788,557.0722,499,558.05,554.39,557.1128871128872
460,562.1458,553.23596,557.27795,500,558.16,552.44,552.6573426573427
461,557.76245,549.53125,553.49524,501,558.41,551.06,558.2617382617384
462,561.32666,552.9154,556.771,502,556.79,552.06,554.4805194805195
463,560.13446,550.2702,554.8015,503,556.38,550.4,550.4345654345655
464,558.3413,548.7445,553.22754,504,557.34,551.15,556.5734265734267
465,564.8508,555.1649,559.6935,505,567.72,558.49,567.3026973026974
466,577.0008,565.42285,570.578,506,571.52,564.53,568.4865134865136
467,574.3391,563.5238,568.6393,507,569.97,560.68,563.0119880119881
468,570.82166,560.0784,565.1688,508,567.4100000000001,559.03,562.982017982018
469,566.26733,555.23254,560.3132,509,571.31,556.5,559.3956043956046
470,572.4131,560.22925,565.6255,510,573.35,561.94,572.5524475524476
471,580.3761,568.5226,573.99963,511,575.34,569.76,572.1678321678322
472,577.35693,566.85254,571.9412,512,576.8,571.86,575.949050949051
473,581.86145,572.14404,576.7074,513,578.15,569.96,573.1168831168833
474,582.7396,569.9314,575.8148,514,579.83,573.5,579.6753246753248
475,585.901,575.4286,580.2677,515,581.76,577.27,580.3346653346654
476,583.2724,573.74585,578.5327,516,579.07,575.03,577.882117882118
477,579.6317,568.8934,573.88354,517,574.62,559.4,559.8151848151849
478,567.2615,550.5684,557.83923,518,561.15,539.11,548.5564435564436
479,557.6113,540.0185,547.69037,519,560.77,552.9,559.4105894105895
480,565.88403,554.0135,559.5596,520,558.78,547.66,551.3936063936067
481,569.6744,556.9132,563.81506,521,574.09,561.52,565.5744255744256
482,586.86475,567.5613,576.0005,522,591.05,573.42,588.2817182817183
483,596.72095,577.56744,585.9264,523,588.65,563.89,564.6003996003997
484,571.626,553.94824,562.6891,524,575.34,566.38,566.953046953047
485,576.2262,562.99585,569.0967,525,573.24,561.9,569.4655344655345
486,576.78064,564.6128,571.1566,526,577.91,571.63,577.8121878121879
487,584.9817,574.32043,579.7572,527,586.75,578.11,586.5234765234766
488,590.08765,577.9828,584.0161,528,588.99,582.33,584.2757242757243
489,592.03546,581.8231,586.9935,529,593.71,583.92,592.867132867133
490,597.52435,587.3185,592.5841,530,592.78,588.48,591.1288711288712
491,592.7699,583.2196,588.20593,531,597.71,587.63,597.7072927072927
492,602.1142,592.44214,597.16046,532,599.95,594.17,599.1558441558442
493,604.37366,593.48425,598.8464,533,604.17,597.76,603.1768231768232
494,607.4214,596.84705,601.91315,534,602.35,596.51,598.926073926074
495,604.57214,593.6343,599.0807,535,601.19,597.87,599.8051948051948
496,606.49304,596.5001,601.4169,536,602.6800000000001,599.17,599.6453546453547
497,605.87787,595.1216,600.4977,537,607.8,600.3,603.991008991009
498,611.7859,601.694,606.53766,538,609.96,602.95,607.7222777222778
499,614.45435,604.9899,609.89075,539,612.15,604.61,607.8071928071928
500,612.78046,601.4463,606.9771,540,609.83,606.23,607.3276723276723
501,613.2313,604.05994,608.5726,541,609.81,600.86,605.5544455544456
502,608.4078,595.7915,601.9283,542,601.66,593.84,599.1008991008993
503,608.7218,596.5917,602.2556,543,605.73,602.49,605.1848151848152
504,610.99744,600.8553,605.97406,544,609.26,603.44,606.853146853147
505,613.6172,604.0931,609.0129,545,610.79,607.02,607.5274725274726
506,615.27234,605.50916,610.48846,546,611.2,603.46,605.1248751248752
507,610.22314,599.5502,605.0322,547,606.55,599.8,603.5214785214786
508,608.9031,599.0775,604.03955,548,604.89,596.09,597.7522477522477
509,601.7477,590.0286,595.93616,549,601.67,589.8799999999999,601.3936063936064
510,607.77856,595.6456,601.2887,550,602.99,590.17,592.3076923076924
511,595.9325,582.0571,588.8846,551,593.21,584.08,584.2107892107892
512,593.9072,580.0502,586.4088,552,596.3,586.86,593.8261738261739
513,603.03326,590.1317,596.2241,553,603.5,594.3,603.3666333666334
514,610.3976,598.7844,604.58203,554,603.73,594.97,597.3876123876124
515,601.8609,590.4219,596.56604,555,602.55,595.45,596.3436563436564
516,605.86914,594.1958,599.8297,556,602.56,589.02,589.3106893106893
517,596.8037,580.43256,588.2243,557,590.24,570.84,576.8031968031969
518,584.90515,569.02795,576.5971,558,582.74,571.36,577.1978021978023
519,584.74854,570.4532,577.4929,559,583.5999999999999,563.64,563.8711288711289
520,571.81104,556.4014,564.3526,560,566.44,551.41,556.93
521,559.42053,551.17615,556.5065,561,564.88,557.14,558.46
522,567.334,558.9369,564.1477,562,565.45,555.41,555.45
523,558.2701,550.0832,555.4398,563,566.89,557.18,565.6099999999999
524,593.95044,586.12805,590.82874,564,603.17,560.65,565.45
525,567.91406,559.4115,565.9939,565,585.67,562.59,568.18
526,580.843,565.4917,572.13354,566,576.19,541.51,541.65
527,545.2437,528.0143,536.8517,567,546.98,525.71,536.68
528,546.12695,531.9475,538.9789,568,553.48,540.13,553.38
529,564.54034,552.3558,559.1945,569,563.82,551.44,562.6
530,567.7882,555.8019,562.8032,570,563.45,538.42,539.47
531,535.0441,521.57764,529.0922,571,538.52,525.09,529.15
532,540.73267,527.4427,534.0545,572,542.61,528.11,531.06
533,539.4611,527.9199,534.7374,573,536.98,517.04,534.97
534,541.70496,529.1633,536.48157,574,555.47,538.52,555.02
535,556.7689,543.60913,550.3517,575,548.0,529.7,534.63
536,538.52527,522.6725,531.1428,576,535.23,524.16,527.17
537,529.94836,519.4057,525.29724,577,535.76,526.07,533.35
538,538.1935,527.9948,533.88794,578,532.41,524.81,525.5
539,529.7236,519.81177,525.7274,579,530.19,520.69,523.72
540,524.54944,515.1732,520.6108,580,523.26,514.01,514.77
541,518.56586,508.91418,514.4817,581,517.18,501.42,515.73
542,517.53125,506.94766,513.10345,582,528.01,514.91,526.26
543,532.0807,522.2146,527.7473,583,526.55,521.09,525.22
544,527.94666,519.3249,524.8767,584,531.47,522.45,529.9
545,535.25134,526.7923,531.7563,585,532.54,524.17,526.48
546,526.2482,518.0642,522.9893,586,527.45,519.89,526.36
547,527.3386,520.12756,524.3576,587,525.37,513.65,513.73
548,516.5167,508.1629,513.09454,588,515.27,501.92,508.56
549,510.05035,500.17682,505.48096,589,515.81,505.06,509.6
550,514.6559,506.02463,510.78387,590,518.48,502.82,517.31
551,524.88184,515.969,521.37384,591,528.74,517.59,528.47
552,532.6299,524.50464,529.31195,592,534.6,528.06,531.63
553,535.65936,527.94727,532.4086,593,531.54,523.85,525.21
554,526.38477,519.2644,523.4829,594,524.43,516.0,518.56
555,521.96124,514.1814,518.44305,595,520.37,514.03,519.2
556,521.2342,513.8686,518.00037,596,528.33,516.17,527.41
557,532.6902,525.58813,529.6354,597,534.76,524.86,528.32
558,534.9042,526.97845,531.4485,598,537.71,530.45,537.46
559,543.2779,536.45496,540.24146,599,546.1,539.3,543.57
560,550.1697,542.80164,546.799,600,552.12,542.21,551.19
561,557.98193,550.39624,554.3789,601,564.45,552.83,564.4
562,569.0323,561.4203,565.1863,602,566.29,559.46,560.14
563,565.7497,558.26697,562.1434,603,562.46,557.18,558.55
564,562.92676,555.7506,559.343,604,559.81,554.39,558.36
565,563.0397,555.2516,559.0441,605,559.36,544.24,552.41
566,552.55005,544.93634,548.9754,606,550.83,541.06,543.45
567,544.9957,536.3286,540.4639,607,547.11,537.27,543.17
568,550.40906,541.75275,545.9214,608,553.43,542.96,552.38
569,561.35925,553.036,557.3064,609,556.53,547.43,554.81
570,558.5664,550.3224,554.77313,610,561.36,554.52,560.58
571,564.70233,556.98364,560.672,611,562.06,556.37,559.02
572,561.83234,554.1205,558.06335,612,558.35,553.5,557.31
573,560.18164,552.8229,556.5,613,556.46,546.96,549.84
574,554.0701,545.88446,550.06165,614,550.79,544.07,550.25
575,551.89075,544.1393,548.0189,615,548.12,540.04,542.79
576,546.7071,537.96765,542.42004,616,543.83,537.85,541.52
577,547.08746,538.69385,542.94885,617,552.04,542.51,551.85
578,558.6559,550.1437,554.4186,618,553.48,547.01,553.38
579,558.9199,549.53595,554.4153,619,556.05,548.89,554.84
580,559.49475,547.6888,553.17365,620,563.45,552.73,563.4
581,569.35394,561.58685,565.4535,621,571.08,559.47,563.07
582,569.20026,560.0239,564.83954,622,578.37,563.67,577.07
583,585.2008,576.7217,580.57886,623,580.86,570.28,574.42
584,579.01794,570.47144,575.12164,624,578.28,572.23,575.66
585,581.82477,572.6371,576.90173,625,577.98,573.18,573.7
586,580.57697,572.49805,576.64014,626,582.8,575.0699999999999,581.07
587,587.2068,579.09357,583.11096,627,583.84,578.8,580.74
588,585.9569,578.2357,582.2882,628,583.41,579.33,583.13
589,586.7366,579.5238,583.32086,629,584.82,578.0,580.6599999999999
590,581.99915,574.02856,578.1787,630,577.94,564.58,569.53
591,573.95685,564.2665,569.21234,631,575.14,567.82,574.5
592,572.82227,564.47955,568.54535,632,575.01,563.46,569.54
593,576.9006,567.89734,572.51794,633,579.26,569.86,577.59
594,586.56415,577.44275,582.06995,634,583.61,576.45,583.27
595,589.00995,579.76794,584.6493,635,584.2,574.98,583.18
596,589.1367,580.16187,584.9968,636,586.79,580.61,581.06
597,583.46765,574.51733,579.22095,637,579.4,567.05,572.16
598,591.1248,579.3981,585.2826,638,595.17,580.41,593.45
599,597.5474,585.1822,591.09924,639,592.77,583.63,587.86
600,593.91016,584.0214,589.19666,640,598.01,588.98,593.11
601,598.8823,589.5082,594.2613,641,596.21,590.88,594.3499999999999
602,599.9685,591.2226,595.84546,642,597.86,590.15,591.73
603,594.4429,585.83594,590.53687,643,590.24,585.42,587.41
604,591.2937,582.6963,587.2513,644,590.88,583.15,588.98
605,592.98364,584.3887,588.9404,645,588.09,581.92,584.01
606,589.53577,580.16565,585.19775,646,587.89,582.4,585.81
607,586.29297,577.59326,582.1741,647,582.05,568.44,570.03
608,574.2451,563.26,569.0604,648,574.38,561.31,564.52
609,572.7019,561.7882,567.25464,649,573.77,562.56,571.58
610,575.34717,565.532,570.81226,650,570.41,561.07,563.52
611,565.65796,555.4412,561.09753,651,569.14,558.47,564.82
612,572.2401,562.52576,567.5947,652,568.33,559.56,561.82
613,566.31006,556.8468,562.3489,653,568.69,558.82,567.21
614,573.5165,563.89233,569.04486,654,568.93,564.45,566.33
615,568.20593,559.0304,564.2969,655,564.35,559.34,561.19
616,569.103,559.4188,564.7723,656,573.43,564.2,573.21
617,580.0846,570.93854,575.9537,657,576.32,569.32,573.08
618,579.2899,570.635,575.83655,658,577.79,568.96,571.91
619,577.89545,568.46063,573.776,659,582.91,574.42,580.57
620,588.8824,579.8855,584.6562,660,585.73,582.4,585.25
621,589.5139,581.0561,586.00183,661,585.09,580.97,582.89
622,586.6648,577.9978,582.9225,662,582.9,579.55,581.77
623,586.4221,577.81226,582.6124,663,583.63,579.05,580.96
624,587.3364,578.76843,583.63184,664,583.4,577.41,578.6099999999999
625,584.1411,574.53174,579.8777,665,580.21,575.0,576.28
626,581.0807,571.0295,576.38806,666,576.91,568.54,569.44
627,573.5887,563.1972,568.8463,667,571.68,565.55,567.64
628,574.96954,565.10114,570.39154,668,570.47,565.52,570.03
629,574.87823,565.49756,570.8782,669,576.25,569.63,575.75
630,583.7842,573.97266,579.24176,670,581.39,573.4300000000001,576.36
631,582.81177,573.4575,578.83875,671,584.4,577.63,580.39
632,588.02344,578.4442,583.56726,672,584.94,580.36,584.48
633,590.29785,580.63983,585.90674,673,590.15,584.69,588.11
634,593.6024,584.31946,589.29175,674,587.39,578.41,579.42
635,583.8054,574.2274,579.7464,675,581.9,575.36,581.5
636,584.03076,575.01086,579.87463,676,580.22,574.68,579.76
637,584.33887,574.9213,580.16864,677,580.05,572.89,574.04
638,576.9967,566.8414,572.4021,678,573.38,566.65,571.53
639,576.4424,566.3044,571.7012,679,579.91,571.09,578.36
640,585.37286,575.583,580.754,680,585.91,577.19,583.17
641,591.2743,581.2605,586.68176,681,587.93,583.4,587.66
642,594.5653,585.12805,590.2747,682,594.85,587.89,594.45
643,600.2352,587.69934,593.7555,683,592.32,581.86,585.76
644,589.45764,579.5646,585.05426,684,585.24,579.41,579.54
645,584.59015,574.53986,579.9682,685,588.02,578.93,586.38
646,592.7749,582.62805,587.7728,686,586.37,572.61,573.49
647,578.3868,567.407,573.656,687,577.66,573.0900000000001,575.52
648,577.4629,567.5036,572.569,688,576.61,569.61,574.78
649,581.4999,571.8069,577.1217,689,578.26,571.28,575.78
650,579.9708,569.89417,575.4779,690,576.0,565.46,566.71
651,570.36,560.2528,565.9057,691,570.34,561.78,568.52
652,575.8451,566.2536,571.47864,692,575.64,570.93,573.7
653,582.1116,572.7189,578.0007,693,579.41,572.87,575.77
654,578.3992,569.11487,574.453,694,573.69,562.2,562.2
655,567.6448,556.8937,562.81665,695,572.31,555.96,570.93
656,575.4961,565.0659,570.53894,696,569.93,557.53,559.34
657,561.48615,549.7307,556.24365,697,563.58,542.56,543.0
658,549.3086,536.43,543.0194,698,548.0,531.64,531.75
659,541.3794,528.9254,535.5488,699,545.69,531.71,536.47
660,537.9955,526.4265,532.6397,700,531.34,516.88,528.58
661,524.2018,511.18335,518.2038,701,527.98,513.59,523.07
662,531.7451,518.75006,525.5261,702,529.53,507.14,509.77
663,513.44995,498.1476,506.38385,703,520.33,506.71,519.41
664,528.771,517.36633,523.5217,704,525.35,517.69,525.1
665,531.1828,520.4589,527.2247,705,538.32,527.35,531.25
666,541.77136,530.6305,536.7732,706,545.72,534.38,542.49
667,547.4967,537.69055,543.43134,707,543.39,534.32,538.3
668,538.56915,529.3822,534.89844,708,542.92,535.56,539.29
669,545.42163,537.28357,541.90845,709,547.48,540.14,547.4
670,552.35944,544.3937,549.21497,710,552.67,545.48,547.83
671,551.63135,543.0682,547.9617,711,551.29,542.02,548.8
672,558.87463,550.8066,555.53455,712,558.04,553.23,557.55
673,558.8983,550.319,555.18384,713,556.37,551.72,553.7
674,556.01697,548.21136,552.5861,714,553.98,547.8,552.59
675,558.3059,550.56885,555.0476,715,555.28,542.56,544.43
676,547.0188,537.82544,542.996,716,545.39,539.49,540.56
677,547.6126,539.22833,543.73914,717,544.71,537.2,539.53
678,543.6787,534.9336,539.9767,718,548.09,539.54,545.99
679,552.0371,544.0499,548.4027,719,550.43,544.8,548.78
680,553.05334,545.3578,549.9043,720,548.95,543.68,545.81
681,550.80597,542.8916,547.4101,721,548.29,541.99,543.89
682,548.34216,540.18665,544.6966,722,545.18,540.67,542.91
683,546.0557,537.9619,542.4007,723,542.3,532.6,535.04
684,539.0556,530.1963,535.08057,724,540.46,532.71,533.57
685,538.8744,529.64905,534.3735,725,536.77,528.63,535.52
686,535.317,527.08295,531.6622,726,533.64,529.63,533.37
687,543.00024,534.3926,539.0801,727,540.66,535.09,536.03
688,540.4844,531.19666,536.2612,728,541.21,534.15,537.79
689,542.42737,533.93225,538.3833,729,542.49,537.13,539.6
690,544.66785,536.10156,540.66235,730,540.07,535.57,538.89
691,542.513,534.3666,538.8252,731,540.52,535.13,540.35
692,541.5827,534.0088,538.1413,732,539.93,530.4,532.34
693,536.0644,526.9584,531.69684,733,534.03,528.35,532.29
694,534.4938,526.2916,530.5558,734,534.53,527.81,529.87
695,534.395,526.36615,530.71375,735,535.87,527.14,535.84
696,535.5255,527.6722,531.87506,736,531.43,522.84,523.82
697,529.01715,519.406,524.421,737,529.55,522.36,525.54
698,526.9121,517.8618,522.4431,738,532.73,519.07,531.91
699,537.3134,528.87787,533.42706,739,534.86,524.12,524.62
700,529.2258,520.58997,525.4877,740,532.46,525.66,526.89
701,528.42896,520.18646,524.4018,741,527.05,517.24,517.24
702,524.59204,515.6719,520.505,742,521.67,511.86,512.39
703,514.30426,504.45215,509.62286,743,511.65,487.66,494.03
704,497.38583,486.03055,491.95557,744,505.61,495.45,503.51
705,516.02576,505.82513,511.15048,745,512.46,503.32,509.7
706,513.4258,503.41846,509.4146,746,516.3,505.52,514.94
707,519.2018,508.72723,514.2599,747,525.02,514.67,523.43
708,530.5766,521.2911,526.3898,748,533.1,524.85,529.14
709,533.9046,525.3756,530.1938,749,530.3,525.58,527.32
710,529.4585,522.86975,526.78326,750,532.79,525.87,532.57
711,534.86505,528.13135,531.85376,751,534.01,528.56,528.88
712,531.4203,523.07416,527.3852,752,529.7,525.69,528.97
713,533.10266,526.5918,530.20026,753,531.14,524.36,524.96
714,530.1913,522.87415,527.0498,754,529.82,522.67,523.37
715,525.72894,518.30756,522.2124,755,522.89,511.66,512.46
716,516.35034,507.97363,512.45886,756,514.76,499.68,500.59
717,507.47052,497.8768,502.86157,757,505.86,498.28,499.73
718,501.08185,492.5431,497.04715,758,502.1,489.66,501.3
719,507.2494,497.49597,502.7937,759,503.54,493.44,494.81
720,496.19595,487.54114,492.3977,760,494.62,486.23,491.2
721,498.8888,490.08093,495.0158,761,501.6,491.04,494.82
722,497.492,488.73047,493.53085,762,501.85,491.65,499.5
723,507.55902,499.06732,503.7702,763,504.3,496.4,500.42
724,501.68988,492.97183,497.91364,764,506.8,498.63,506.69
725,513.5325,505.4442,509.75897,765,511.1,504.63,505.51
726,508.92618,500.89716,505.47064,766,517.86,504.81,516.62
727,524.24585,516.4686,520.5581,767,534.86,518.28,532.93
728,539.5498,531.46045,535.7977,768,540.69,531.54,538.47
729,541.556,534.0588,538.0183,769,537.52,528.22,533.74
730,531.85486,525.33044,528.85175,770,529.25,516.77,517.21
731,522.5269,514.9287,518.7406,771,521.56,508.6,508.6
732,511.91632,504.3286,508.1428,772,509.69,499.83,509.26
733,517.04,506.91968,511.92178,773,538.39,514.11,533.06
734,541.1028,529.57404,534.8473,774,531.54,517.13,527.03
735,528.5364,519.8876,524.87146,775,531.94,521.83,527.79
736,532.00555,524.352,528.20013,776,531.21,519.84,521.33
737,525.215,517.65454,521.5554,777,527.05,520.66,526.14
738,530.5621,523.057,526.68616,778,535.73,524.97,529.55
739,532.82764,525.4387,529.1023,779,530.54,524.58,526.38
740,531.26807,524.43195,527.962,780,536.23,525.48,535.47
741,539.1456,532.0854,535.5974,781,536.98,531.92,534.5
742,539.2616,532.47925,535.97644,782,543.33,533.21,541.44
743,546.5717,539.7094,543.1469,783,548.4,541.64,547.51
744,551.04456,543.8179,547.30176,784,548.49,539.61,541.35
745,544.1448,537.0132,540.593,785,544.0,536.04,538.22
746,541.37964,534.2898,537.64923,786,541.62,536.54,541.38
747,546.3423,539.786,542.9829,787,542.26,534.33,537.47
748,538.6422,531.3487,535.10944,788,534.97,527.96,530.45
749,532.36536,524.89984,528.4866,789,535.32,526.8,534.62
750,539.484,532.59705,536.00415,790,544.72,533.98,542.38
751,548.0205,540.13873,544.0133,791,554.62,540.02,553.96
752,559.26013,551.0526,554.9371,792,563.16,551.39,556.87
753,564.91907,556.4149,560.406,793,570.58,557.22,569.78
754,575.3213,567.5488,571.105,794,573.81,564.97,572.07
755,575.32117,567.9282,571.4799,795,575.53,566.45,571.8
756,578.0485,570.1997,573.75574,796,576.33,571.84,573.75
757,578.5508,571.2187,574.5811,797,575.1,565.21,566.13
758,569.91956,561.78577,565.7175,798,568.71,561.99,567.29
759,568.6288,561.31055,564.63715,799,563.3,553.21,553.49
760,557.8293,548.8869,553.3248,800,556.61,549.17,549.67
761,556.9076,547.8352,552.02856,801,554.85,548.95,553.99
762,557.7998,549.54047,553.719,802,556.87,542.73,545.82
763,553.0669,543.98425,548.6948,803,555.33,544.51,552.99
764,556.0713,547.3751,551.6638,804,552.28,546.5,549.33
765,555.3362,546.329,550.9768,805,558.25,545.5,557.97
766,563.10974,554.06116,558.641,806,559.26,554.62,556.46
767,563.2523,555.1951,559.5089,807,560.18,557.52,558.83
768,564.0952,554.3566,559.1554,808,560.82,554.31,557.28
769,564.3224,555.86566,560.1798,809,573.02,559.67,568.63
770,576.1333,566.574,571.1609,810,570.69,557.21,557.26
771,559.99445,550.4408,555.51587,811,557.37,549.14,553.65
772,555.83575,547.18005,551.53284,812,553.76,546.63,546.84
773,554.1711,544.685,549.5652,813,551.95,546.67,550.52
774,553.43396,544.9458,549.4718,814,553.19,545.22,546.5
775,552.06555,542.99994,547.8045,815,549.63,538.02,541.07
776,543.7666,534.1632,539.2665,816,539.37,532.39,534.06
777,535.2986,525.9971,530.90704,817,536.94,528.12,535.3
778,541.2206,532.47266,537.24023,818,541.2,534.53,535.55
779,541.3833,532.5469,537.5314,819,542.36,536.91,540.13
780,544.6217,536.27905,540.88245,820,540.47,534.02,539.3
781,543.6915,535.0149,539.9724,821,540.81,535.84,538.53
782,540.7123,532.28314,536.9709,822,542.57,535.84,537.69
783,540.8136,532.0573,536.72375,823,536.1,526.65,528.94
784,531.42804,521.37445,526.7696,824,533.27,521.79,531.07
785,533.79285,524.2988,529.29156,825,534.12,528.16,532.34
786,533.4154,525.05707,529.77386,826,528.39,519.58,522.62
787,526.8409,517.3248,522.6907,827,534.62,523.06,533.91
788,540.90027,532.23193,536.91394,828,537.91,532.21,532.51
789,536.876,527.8536,533.10443,829,539.6,530.29,537.89
790,543.46936,535.125,539.7357,830,549.45,538.75,545.5
791,566.6117,554.9487,560.93604,831,569.58,555.72,563.51
792,569.5188,557.42334,563.6094,832,565.95,553.2,555.37
793,558.51514,549.3495,554.3739,833,556.02,550.37,553.68
794,554.9396,546.76733,551.19415,834,553.68,546.91,549.08
795,552.41736,543.6747,548.2555,835,548.59,535.05,537.34
796,541.13763,531.54285,536.71277,836,539.54,532.1,537.9
797,542.2252,533.224,537.93335,837,544.07,535.06,540.78
798,543.76764,535.4026,540.03015,838,539.74,530.39,530.8
799,534.333,525.6481,530.5317,839,532.38,521.09,524.22
800,527.0806,518.22363,523.0357,840,533.46,521.75,530.7
801,540.6737,531.9213,536.6414,841,541.15,525.0,538.22
802,541.20074,532.74634,537.8563,842,541.98,535.4,535.7
803,536.5874,528.84283,533.08777,843,533.21,525.26,529.04
804,533.5517,525.02136,529.7451,844,534.32,528.66,529.62
805,537.1786,529.0753,533.4604,845,539.0,532.41,538.4
806,543.82825,535.8412,540.3044,846,539.27,530.38,533.85
807,535.3336,526.63367,531.4512,847,534.82,528.85,532.3
808,537.93134,529.2115,533.69464,848,540.66,533.04,537.36
809,543.8392,535.20935,539.79504,849,542.92,532.97,539.27
810,541.99036,534.07996,538.4967,850,543.84,535.98,542.51
811,545.27106,537.40295,541.5366,851,544.19,539.51,540.11
812,543.1532,535.5283,539.5952,852,539.0,529.88,532.32
813,536.2852,527.0212,531.8431,853,540.55,531.71,539.79
814,543.7897,535.83057,539.8316,854,540.61,536.25,539.78
815,542.00977,534.5936,538.818,855,538.63,531.45,532.11
816,539.6344,530.0616,534.9845,856,536.79,529.76,533.99
817,536.71655,528.212,532.6813,857,543.0,531.33,539.18
818,545.756,537.14453,541.60706,858,543.5,537.11,540.31
819,542.70264,534.3539,538.8647,859,540.59,534.32,536.7
820,540.30347,532.4342,536.6369,860,537.2,532.52,533.33
821,537.0251,529.0252,533.30756,861,534.12,526.24,526.83
822,530.75305,522.4398,526.89453,862,529.2,523.01,526.69
823,532.41223,524.25214,528.64734,863,538.36,529.35,536.69
824,543.8967,535.4435,539.93286,864,538.98,533.02,534.61
825,535.4245,527.6766,532.1349,865,533.12,530.16,532.33
826,532.71014,525.45776,529.354,866,528.3,524.0,527.2
827,531.4778,523.2676,527.73627,867,529.64,525.56,528.15
828,532.6575,525.1052,529.2919,868,530.98,525.1,529.26
829,534.11774,526.3051,530.72314,869,538.15,530.79,536.73
830,542.4226,534.11816,538.46655,870,538.25,533.01,536.69
831,542.4978,534.1363,538.74786,871,543.74,537.53,538.19
832,543.8712,536.229,540.30884,872,541.5,535.25,540.48
833,543.5636,536.0919,540.1985,873,540.0,535.66,537.84
834,541.8511,534.1616,538.2735,874,540.9,535.23,535.23
835,540.93787,533.0568,537.214,875,537.76,531.35,531.69
836,530.84076,522.0346,526.5249,876,528.61,520.54,521.52
837,529.31604,520.4272,524.94165,877,526.25,520.5,520.51
838,527.98834,518.73663,523.6919,878,525.69,518.23,521.84
839,524.9684,516.1821,520.90784,879,524.65,521.08,523.4
840,525.0353,517.1535,521.38464,880,525.25,519.0,522.86
841,527.5912,519.6438,524.0158,881,526.18,515.18,525.02
842,524.8537,516.7647,521.27905,882,522.73,516.11,516.83
843,524.7096,516.62616,521.0679,883,523.77,520.35,520.68
844,529.1,520.5657,525.2525,884,532.56,525.55,530.13
845,537.3874,528.97656,533.47754,885,547.11,532.4,546.55
846,552.9363,544.5925,548.99854,886,565.85,546.71,561.1
847,568.08215,558.53156,563.2102,887,566.5,556.79,560.22
848,568.3875,560.4917,564.70935,888,580.68,565.0,579.85
849,637.63965,625.79626,631.07983,889,674.47,645.0,672.93
850,676.65643,657.43536,664.9437,890,668.88,653.01,663.02
851,665.1688,652.614,658.3773,891,673.0,654.3,662.3
852,669.40137,659.2018,663.9348,892,678.64,659.0,662.1
853,670.5824,658.31134,663.8556,893,663.63,641.0,644.28
854,651.2638,639.3546,645.80304,894,648.17,622.52,623.56
855,627.459,613.4457,620.472,895,634.3,620.5,627.26
856,641.2196,629.4413,634.1781,896,632.83,623.31,628.0
857,634.86945,624.7718,630.3207,897,633.36,622.65,631.93
858,636.3576,626.9999,631.44464,898,635.22,622.05,632.59
859,637.46375,628.35254,632.79724,899,632.91,625.5,625.61
860,631.7324,621.9155,626.634,900,633.06,625.34,631.21
861,636.67175,628.03436,631.80096,901,634.81,627.16,629.25
862,640.2351,631.048,635.3059,902,647.86,633.16,643.78
863,653.24426,643.2822,647.3501,903,645.38,632.25,642.68
864,645.2386,636.0807,640.6926,904,642.68,629.71,635.3
865,643.36707,633.9077,638.23914,905,643.44,631.25,633.73
866,665.32794,655.0188,659.36694,906,674.9,654.27,660.78
867,671.62146,656.6793,663.0971,907,665.0,652.29,659.56
868,665.5384,654.03296,658.9033,908,664.5,651.66,656.45
869,661.96533,651.7183,656.4015,909,659.85,652.66,657.12
870,662.8345,653.83167,657.8626,910,661.38,651.24,660.87
871,666.91064,658.23584,662.3635,911,664.0,653.46,656.13
872,662.0885,652.3126,657.1141,912,667.0,654.19,660.9
873,665.116,654.5685,659.0683,913,662.99,642.9,646.83
874,649.5075,636.79224,642.9994,914,640.05,612.33,612.48
875,589.7761,573.04816,581.3026,915,599.33,565.05,589.61
876,620.18567,601.23535,608.5002,916,617.45,581.11,582.06
877,609.87494,593.41284,602.57745,917,631.71,599.05,628.62
878,645.74976,630.9193,637.39197,918,643.59,622.0,637.61
879,639.5385,626.13214,633.5039,919,636.88,624.56,630.38
880,633.21826,622.2272,628.15234,920,635.8,617.68,618.25
881,613.3136,601.35974,608.0469,921,612.86,594.1,597.79
882,611.1283,596.20105,603.6157,922,614.34,599.71,614.34
883,623.6395,611.54724,617.90735,923,619.71,602.82,606.25
884,606.68665,595.1618,602.3313,924,603.47,595.25,600.7
885,614.6272,602.56177,609.0286,925,616.31,604.12,614.66
886,625.45245,613.7754,620.4175,926,626.52,609.6,612.72
887,618.63995,607.3972,614.17065,927,624.16,611.43,621.35
888,627.2301,616.17017,622.1439,928,625.78,617.42,625.77
889,631.69666,621.70605,627.5037,929,625.86,619.43,623.24
890,630.9032,619.9674,626.3427,930,638.7,623.78,635.14
891,643.1027,631.95807,637.7534,931,637.95,632.32,635.98
892,643.1741,633.0355,638.95605,932,650.9,635.02,642.9
893,646.9519,635.3802,641.5146,933,640.0,627.02,629.25
894,641.2844,624.2721,632.68915,934,636.49,625.94,635.44
895,635.6615,624.5188,630.47266,935,627.55,615.43,622.69
896,628.02057,614.584,622.1017,936,628.93,620.0,622.36
897,625.8446,614.31287,620.365,937,627.3200000000002,612.4,625.8
898,636.49194,624.1372,630.7638,938,629.77,611.0,611.97
899,615.97253,602.8102,610.5737,939,614.6,589.38,594.89
900,602.72437,587.4608,595.4607,940,605.0,590.22,594.97
901,609.4397,595.7294,602.6939,941,608.76,600.73,608.42
902,616.67676,603.7846,610.75757,942,612.09,599.85,611.29
903,613.7615,602.1483,608.81683,943,627.34,603.13,626.91
904,638.7363,626.56396,632.6211,944,643.01,627.0,641.47
905,646.1802,635.6074,641.5787,945,649.25,636.53,645.44
906,655.10944,644.0631,649.90344,946,650.61,632.15,642.36
907,645.81537,634.2611,641.0383,947,644.45,625.56,639.16
908,644.2786,632.23303,638.6708,948,645.99,635.32,643.61
909,649.3806,638.3462,644.0968,949,648.5,639.01,646.67
910,650.8652,640.6241,646.35645,950,657.81,643.15,652.3
911,661.2832,650.40564,655.9273,951,659.39,648.85,651.16
912,660.57556,649.9745,655.85455,952,663.1299999999999,654.46,661.74
913,670.93604,660.1477,665.5189,953,664.97,657.2,662.2
914,667.07385,656.6094,662.5019,954,666.82,659.58,666.1
915,670.9961,661.00653,666.235,955,664.72,644.2,650.28
916,658.2302,645.13916,652.6952,956,655.87,641.73,642.61
917,651.91907,639.50806,645.92676,957,657.8,644.01,651.79
918,713.85645,698.7217,704.7661,958,730.0,701.5,702.0
919,712.2538,692.8684,702.8257,959,719.15,701.26,712.78
920,716.8976,705.2273,710.0366,960,713.6199999999999,704.55,708.49
921,714.0104,702.25995,708.6369,961,712.98,703.08,712.95
922,716.29626,705.1577,710.7433,962,718.26,710.01,716.9199999999998
923,721.8927,712.171,717.1333,963,718.0,710.05,710.81
924,716.7452,705.61176,711.8944,964,721.62,705.85,721.11
925,724.7794,714.4977,719.56006,965,724.65,714.72,722.16
926,727.2936,717.15857,722.5828,966,733.1,721.9,728.11
927,735.3081,725.2631,730.24774,967,739.48,729.47,731.25
928,738.1384,727.6278,733.02734,968,735.41,727.01,733.76
929,735.7962,725.9365,731.30566,969,734.71,719.43,724.89
930,729.7373,718.18317,724.48004,970,730.59,718.5,728.32
931,735.92145,725.57336,730.6229,971,741.0,730.23,735.4
932,738.45276,728.6588,733.7862,972,737.8,728.65,731.23
933,735.77765,725.1277,730.8056,973,731.15,716.73,717.0
934,721.9879,709.7755,716.6821,974,729.49,711.33,728.96
935,734.94916,724.3487,729.1007,975,731.84,723.03,725.3
936,732.63074,721.86035,727.8915,976,741.41,727.0,740.0
937,744.8606,735.0851,739.67224,977,742.0,737.43,738.41
938,748.65247,739.0113,744.16907,978,757.92,743.0,756.6
939,761.3018,751.2815,756.06323,979,762.71,751.82,755.98
940,757.0821,747.5919,752.89746,980,755.28,737.63,748.28
941,751.4186,739.7941,746.2411,981,752.0,746.06,748.15
942,752.67834,743.266,747.9231,982,753.41,747.49,750.26
943,754.0206,745.235,750.2345,983,754.93,741.27,742.6
944,751.47375,739.7633,746.1728,984,768.95,746.7,767.04
945,773.20825,763.21936,767.19006,985,775.96,758.96,762.38
946,769.7856,758.05457,764.61194,986,768.99,745.63,752.54
947,756.9028,743.9289,751.14185,987,768.49,750.0,766.81
948,772.29553,760.4716,765.15686,988,768.73,755.09,763.25
949,763.5007,752.2318,758.7518,989,764.8,754.2,762.37
950,764.4811,753.70483,758.95276,990,764.23,737.0,751.61
951,756.60205,743.2601,750.70575,991,755.85,743.83,749.46
952,749.19434,737.0786,743.1565,992,745.71,736.75,738.87
953,748.1112,735.4497,741.87085,993,748.73,724.17,747.77
954,755.1549,742.81116,749.11743,994,758.08,743.01,743.4
955,754.7597,741.32465,748.0859,995,760.59,739.43,758.09
956,765.3633,754.29724,759.61694,996,762.68,749.0,749.43
957,751.87695,740.7842,747.798,997,754.13,738.15,739.31
958,751.4808,737.34906,744.344,998,750.0,740.0,747.77
959,756.401,745.07166,750.3926,999,754.85,745.53,750.0
960,758.32166,747.10144,752.8761,1000,754.21,744.0,750.31
961,754.8737,743.32605,749.3739,1001,751.35,746.62,748.4000000000001
962,756.8677,747.08673,751.85767,1002,762.99,749.52,762.51
963,770.54224,760.0305,764.8844,1003,779.98,766.43,776.6
964,781.8706,771.3335,775.95233,1004,777.6,766.9,771.0
965,774.0016,763.2189,769.0702,1005,769.5,758.34,758.88
966,753.8066,741.77124,748.3573,1006,744.06,731.26,741.84
967,751.2599,736.00354,743.1262,1007,752.0,738.64,742.58
968,742.92004,729.713,736.1002,1008,747.18,728.92,743.62
969,743.8233,731.219,737.1844,1009,738.5,719.06,726.39
970,738.7656,723.2711,731.0769,1010,733.23,713.0,714.47
971,725.0364,709.4022,717.33325,1011,718.85,703.54,716.03
972,727.4546,713.3091,719.96606,1012,728.75,717.32,726.07
973,738.1687,725.06506,731.0575,1013,734.74,698.61,700.56
974,712.563,696.30756,706.00214,1014,721.9200000000001,689.1,714.72
975,707.8367,693.22815,699.8813,1015,706.74,685.37,694.45
976,712.90125,695.40436,703.3959,1016,709.98,693.41,701.79
977,703.395,688.5884,696.0548,1017,706.8499999999999,673.26,698.45
978,711.0657,694.5223,702.2567,1018,719.19,694.46,706.59
979,729.104,714.3361,720.5905,1019,728.13,720.12,725.25
980,733.1988,720.06683,726.5442,1020,729.68,710.01,711.67
981,721.9491,708.2223,715.563,1021,718.28,706.48,713.04
982,721.3468,708.53424,714.6404,1022,718.23,694.39,699.99
983,723.49677,708.787,716.4398,1023,733.69,712.35,730.96
984,739.6223,725.7716,731.7821,1024,744.99,726.8,742.95
985,756.6101,741.8777,748.2081,1025,757.86,743.27,752.0
986,781.0112,763.87244,770.79614,1026,789.87,764.65,764.6499999999999
987,777.683,757.49524,766.74396,1027,774.5,720.5,726.95
988,733.4016,709.6973,722.22217,1028,727.0,701.86,708.01
989,715.6399,693.53955,702.8805,1029,703.99,680.15,683.57
990,684.9606,662.65436,673.6742,1030,684.03,663.06,682.74
991,688.77905,669.46484,677.52,1031,699.9,668.77,678.11
992,700.0495,682.0967,690.22626,1032,701.31,682.13,684.12
993,690.62024,674.57715,682.71234,1033,689.35,668.87,683.11
994,698.7256,682.8252,690.23004,1034,693.75,678.6,682.4
995,699.0082,684.32935,691.786,1035,698.0,685.05,691.0
996,705.53894,690.7612,697.8042,1036,709.75,691.38,708.4
997,717.9783,704.7167,711.0095,1037,712.35,696.03,697.35
998,703.8578,690.0454,697.778,1038,703.08,694.05,700.91
999,713.9192,701.432,707.1115,1039,713.24,702.51,706.46
1000,712.27423,699.1838,706.0436,1040,708.4,693.58,695.85
1001,700.4281,686.50006,693.82605,1041,700.0,680.78,699.56
1002,707.7871,694.6485,700.965,1042,705.98,690.59,705.75
1003,714.92944,702.35864,708.69055,1043,713.43,700.86,705.07
1004,710.7731,696.7997,703.9218,1044,710.89,697.68,697.77
1005,712.5436,698.079,704.86694,1045,718.81,699.77,718.81
1006,727.1233,714.9038,720.65283,1046,720.0,712.0,718.85
1007,725.16833,712.9557,719.4651,1047,719.45,706.02,712.42
1008,720.51013,707.4441,714.3468,1048,716.49,706.02,710.89
1009,715.17676,702.2123,708.9075,1049,708.09,686.9,695.16
1010,698.0924,682.3882,690.9674,1050,703.79,685.34,693.97
1011,707.20715,693.6269,699.7075,1051,705.68,694.0,705.24
1012,715.3651,703.36316,709.6237,1052,716.44,703.36,712.8199999999999
1013,726.05225,712.1687,718.875,1053,726.92,717.13,726.82
1014,733.9497,722.1564,727.7811,1054,735.5,725.15,730.49
1015,735.2599,723.95886,729.8856,1055,732.29,724.77,728.33
1016,733.83765,722.08606,728.1293,1056,737.47,724.51,736.09
1017,742.6544,731.88873,737.1606,1057,743.07,736.0,737.78
1018,747.67554,735.9624,741.8337,1058,742.0,731.83,737.6
1019,743.225,729.1608,736.365,1059,742.5,733.52,742.09
1020,745.25183,733.58496,738.9269,1060,745.0,737.46,740.75
1021,748.80414,737.84973,743.2943,1061,745.72,736.15,738.06
1022,740.27856,728.79565,735.20544,1062,737.75,731.0,735.3
1023,742.94226,731.4402,736.9662,1063,738.99,732.5,733.53
1024,740.89465,729.688,735.65356,1064,747.25,728.76,744.77
1025,754.0294,742.8443,748.1583,1065,757.88,748.74,750.53
1026,756.46265,745.0802,750.6915,1066,750.85,740.94,744.95
1027,746.06445,734.56274,740.9606,1067,750.34,737.0,749.91
1028,755.20355,744.8519,749.56915,1068,752.8,742.43,745.29
1029,745.71313,735.2802,741.4614,1069,742.8,735.37,737.8
1030,742.167,731.8204,737.4058,1070,746.24,735.56,745.69
1031,751.3479,741.73596,746.524,1071,747.0,736.28,740.28
1032,748.27075,736.9501,743.311,1072,745.45,735.55,739.15
1033,746.8572,736.0757,741.8319,1073,745.0,736.05,736.1
1034,743.7521,732.64075,738.63104,1074,743.83,731.01,743.09
1035,752.14124,741.567,746.85785,1075,754.38,744.26,751.72
1036,758.8304,747.7093,753.2102,1076,757.31,752.71,753.2
1037,759.59216,749.2812,754.4524,1077,761.0,752.69,759.0
1038,765.5969,754.56616,759.833,1078,768.05,757.3,766.61
1039,773.0359,762.6362,767.4606,1079,769.9,749.33,753.93
1040,761.21484,748.44543,755.6959,1080,758.13,750.01,752.67
1041,759.12775,747.7105,753.1487,1081,760.45,749.55,759.14
1042,744.7638,730.7722,737.99115,1082,736.12,713.61,718.77
1043,728.23206,707.43616,717.32245,1083,723.93,715.59,723.15
1044,733.8065,720.89136,726.2637,1084,725.77,703.03,708.14
1045,716.15295,700.00757,709.31604,1085,708.98,692.36,705.84
1046,714.9366,698.81836,706.1863,1086,714.17,689.55,691.02
1047,701.6654,685.10913,693.6614,1087,697.62,689.0,693.01
1048,706.9253,691.9326,698.7103,1088,700.64,691.0,698.21
1049,705.9402,693.209,700.00946,1089,697.84,692.0,692.36
1050,699.57056,686.6478,693.5855,1090,699.75,689.01,695.7
1051,706.7517,694.0502,700.2178,1091,702.32,695.72,701.43
1052,708.04126,695.7446,702.2311,1092,711.86,698.11,711.12
1053,720.93066,708.81195,714.52496,1093,718.71,710.0,712.8999999999999
1054,724.35956,712.1898,718.3763,1094,723.5,715.72,723.18
1055,731.22687,719.5508,725.2289,1095,724.48,712.8,715.29
1056,723.8744,711.04004,718.0537,1096,719.25,709.0,713.31
1057,719.7224,707.4193,713.7355,1097,716.6599999999999,709.26,710.83
1058,718.286,706.2618,712.50525,1098,718.48,705.65,716.49
1059,724.4402,712.7317,718.61584,1099,721.52,704.11,706.23
1060,713.6456,699.50995,707.1866,1100,711.6,700.63,706.63
1061,713.1548,699.891,706.1793,1101,706.0,696.8,700.32
1062,710.3197,697.06635,703.99536,1102,714.58,700.52,709.74
1063,717.7119,704.82275,710.91284,1103,711.48,704.18,704.24
1064,715.2174,702.7779,709.3529,1104,720.97,706.86,720.0899999999999
1065,729.8677,717.4093,723.02625,1105,727.51,719.71,725.27
1066,732.0437,719.9195,725.97925,1106,728.33,720.28,724.12
1067,732.03076,719.9047,726.0182,1107,733.94,724.0,732.6599999999999
1068,740.4058,727.9566,733.58875,1108,739.73,731.26,735.72
1069,743.4717,730.69714,736.792,1109,737.21,730.66,734.15
1070,739.94446,728.4084,734.3203,1110,733.02,724.17,730.4
1071,735.65576,723.75745,730.00555,1111,729.49,720.56,722.34
1072,730.9132,718.7876,725.09546,1112,724.91,714.61,716.55
1073,726.30273,713.33185,720.0885,1113,721.98,716.55,716.65
1074,729.80066,717.62854,723.5382,1114,728.57,720.58,728.28
1075,732.5123,720.5177,726.50806,1115,729.54,722.34,728.58
1076,730.142,719.05273,724.6153,1116,725.89,716.43,719.41
1077,725.61816,713.6866,719.9017,1117,725.44,716.51,718.36
1078,726.32837,714.32837,720.1145,1118,722.47,713.1199999999999,718.27
1079,727.04706,715.08,721.13306,1119,722.98,717.31,718.92
1080,724.5481,712.69104,718.6668,1120,716.65,703.26,710.36
1081,716.61786,703.09656,710.25,1121,708.82,688.45,691.72
1082,704.4302,688.02673,696.6927,1122,702.48,693.41,693.71
1083,706.9657,692.82806,699.3173,1123,702.77,692.01,695.94
1084,707.1709,694.4347,701.1848,1124,700.86,693.08,697.46
1085,704.7462,692.8806,699.32837,1125,701.95,687.0,701.8700000000001
1086,690.931,677.58167,684.88245,1126,689.4,673.45,675.22
1087,685.1726,666.94434,675.38245,1127,672.3,663.28,668.26
1088,685.4109,670.1953,677.675,1128,680.33,673.0,680.04
1089,691.1899,677.23035,684.21606,1129,687.43,681.41,684.11
1090,694.42505,681.2105,687.86633,1130,692.32,683.65,692.1
1091,700.6798,688.57635,694.76404,1131,700.65,692.13,699.21
1092,705.5131,694.0514,699.97705,1132,696.94,688.88,694.95
1093,698.475,686.2866,693.1103,1133,701.68,689.09,697.77
1094,706.8413,695.09485,700.77185,1134,698.2,688.22,695.36
1095,704.84106,692.8122,699.6095,1135,705.71,696.43,705.63
1096,714.9754,703.1781,708.9213,1136,716.51,707.24,715.09
1097,725.5842,714.90576,720.324,1137,722.94,715.91,720.64
1098,729.47864,718.3293,724.3004,1138,724.0,716.85,716.98
1099,726.3036,715.48663,721.5171,1139,722.21,718.03,720.95
1100,730.23096,719.69336,725.2355,1140,725.74,719.05,719.85
1101,728.3738,717.0276,723.3314,1141,736.13,721.19,733.78
1102,738.38135,727.8836,732.9688,1142,736.99,729.0,736.96
1103,743.5666,732.94147,738.4779,1143,742.13,737.1,741.19
1104,746.87085,736.31323,741.7488,1144,741.69,735.83,738.63
1105,746.32635,735.8149,741.4565,1145,743.24,736.56,742.74
1106,746.5691,735.77625,741.3912,1146,742.61,737.5,739.77
1107,745.1727,734.6199,740.1478,1147,741.69,734.27,738.42
1108,744.3376,733.4255,739.191,1148,744.46,737.0,741.77
1109,752.0,740.7307,746.05237,1149,748.65,739.3,745.91
1110,769.76996,755.2848,761.74695,1150,778.55,766.77,768.79
1111,771.35065,756.6124,763.20935,1151,780.4300000000001,761.0899999999999,772.88
1112,776.9513,764.6162,769.80383,1152,775.84,767.85,771.0699999999999
1113,773.72797,762.2545,767.8288,1153,773.21,766.82,773.18
1114,776.53784,766.4215,771.06116,1154,774.07,768.79,771.61
1115,776.83356,766.6521,771.66846,1155,783.04,772.34,782.22
1116,785.765,775.32117,779.8263,1156,782.63,778.09,781.76
1117,783.9403,774.29663,779.1061,1157,788.94,780.57,784.26
1118,787.5237,777.8406,782.2295,1158,786.81,782.78,784.68
1119,787.56396,778.6572,782.96216,1159,789.75,782.97,784.85
1120,785.6874,776.60364,781.1987,1160,783.4,780.4,783.22
1121,785.4004,777.13245,781.381,1161,787.49,780.11,782.44
1122,783.95105,774.9529,779.66895,1162,780.98,773.44,777.1399999999999
1123,779.8347,770.2911,775.34607,1163,780.81,773.53,779.91
1124,782.5985,773.5498,777.8864,1164,782.86,777.0,777.5
1125,779.4441,770.50464,775.2577,1165,777.1,773.13,775.42
1126,776.74677,768.2581,772.99097,1166,774.54,770.05,772.15
1127,777.3163,768.4264,773.2535,1167,776.44,771.78,772.08
1128,774.83435,765.6246,770.6499,1168,774.5,767.07,769.64
1129,772.291,762.6426,767.7506,1169,771.89,763.18,769.41
1130,773.1756,763.7533,768.58,1170,776.08,765.85,769.54
1131,774.27045,764.1505,769.21643,1171,774.99,766.61,772.15
1132,774.77893,765.4479,770.15344,1172,774.47,766.84,769.09
1133,772.8837,762.79065,768.0084,1173,769.09,765.38,767.05
1134,773.3251,763.11847,768.1947,1174,771.02,764.3,768.78
1135,775.61444,766.0315,770.9099,1175,773.92,768.41,771.46
1136,777.0084,766.9283,771.93134,1176,782.0,771.0,780.08
1137,784.4258,774.29224,778.8115,1177,782.73,776.2,780.35
1138,783.0331,773.35474,778.1515,1178,780.35,773.5800000000002,775.32
1139,776.5386,765.8922,771.323,1179,773.24,759.66,759.66
1140,763.26886,750.61707,757.2676,1180,770.29,754.0,769.02
1141,772.2505,761.68427,765.9827,1181,766.22,755.8,759.69
1142,765.78174,753.8872,760.28064,1182,767.68,759.1100000000001,762.49
1143,769.5493,758.8365,763.5645,1183,773.8,759.96,771.76
1144,776.36926,765.6903,770.59314,1184,769.75,764.66,768.88
1145,776.4377,764.14435,769.98865,1185,774.0,764.44,765.7
1146,773.5117,762.4513,767.7628,1186,773.33,768.53,771.41
1147,777.67566,767.43085,772.009,1187,777.16,768.3,776.22
1148,782.9369,772.77405,777.58875,1188,789.8500000000001,778.44,787.21
1149,790.4181,780.848,785.3599,1189,788.93,784.15,786.9
1150,788.0736,777.77545,782.85614,1190,782.74,773.07,774.21
1151,779.6826,768.1593,774.02185,1191,785.99,774.31,783.01
1152,784.8499,774.52155,778.6609,1192,781.81,774.97,781.56
1153,786.093,775.51855,780.43243,1193,785.8,774.23,775.01
1154,781.7357,770.2462,775.76074,1194,780.94,774.09,777.29
1155,781.11224,769.5991,774.6677,1195,776.07,769.5,772.56
1156,780.4675,769.099,774.2654,1196,778.71,772.89,776.43
1157,783.648,772.66077,777.40314,1197,782.07,775.65,776.47
1158,784.1876,772.50366,777.6488,1198,780.48,775.54,776.86
1159,784.0391,773.1184,777.8699,1199,779.66,770.75,775.08
1160,781.3369,770.46655,775.57666,1200,789.38,775.87,785.94
1161,791.46643,781.01404,784.93243,1201,792.28,780.58,783.07
1162,789.0248,777.6343,782.97833,1202,788.13,782.06,786.14
1163,787.4927,777.27783,781.64197,1203,781.22,773.0,778.19
1164,784.8502,773.332,778.66284,1204,783.95,776.0,778.53
1165,784.1543,773.66644,778.2569,1205,785.85,777.5,779.96
1166,790.4407,779.8439,784.3291,1206,801.6100000000001,785.57,795.26
1167,802.3071,790.74634,795.18,1207,804.6000000000001,798.03,801.5
1168,806.46924,795.48035,799.8356,1208,803.97,796.03,796.97
1169,799.34485,787.817,793.1563,1209,799.5,794.0,799.37
1170,805.41064,795.39,799.0236,1210,815.1800000000001,804.82,813.11
1171,817.7815,807.47034,811.11334,1211,816.6800000000001,805.14,807.67
1172,808.7567,797.677,803.0264,1212,806.98,796.32,799.07
1173,802.6011,791.3662,796.29095,1213,803.49,791.5,795.35
1174,807.37146,794.18335,799.50476,1214,815.49,793.59,795.37
1175,802.2388,785.7866,792.98004,1215,796.8600000000001,784.0,784.54
1176,789.19507,775.43835,781.55054,1216,789.49,775.54,783.61
1177,786.2919,772.67346,778.3804,1217,781.65,763.45,768.7
1178,774.1914,760.66833,767.2312,1218,769.95,759.03,762.13
1179,761.95526,748.48785,754.8806,1219,770.36,750.56,762.02
1180,779.1942,766.4248,771.14185,1220,785.19,772.55,782.52
1181,789.2733,777.9436,782.7583,1221,795.6300000000001,780.19,790.51
1182,788.99744,778.2125,782.98926,1222,791.23,771.67,785.31
1183,793.85046,780.8388,786.30005,1223,791.17,752.18,762.56
1184,765.063,745.87836,756.20825,1224,760.78,750.38,754.02
1185,763.1158,748.48486,753.8097,1225,757.85,727.54,736.08
1186,752.84216,734.70544,743.9339,1226,764.42,746.97,758.49
1187,766.1428,752.3686,757.0604,1227,766.36,750.51,764.48
1188,773.6051,761.5669,766.9906,1228,772.7,764.23,771.23
1189,777.27026,765.8046,770.7363,1229,775.0,760.0,760.54
1190,768.92773,756.31635,762.5753,1230,769.7,760.6,769.2
1191,777.4394,766.1283,770.4636,1231,776.96,767.0,768.27
1192,775.16516,762.916,768.69257,1232,768.28,755.25,760.99
1193,768.78314,756.4262,762.4146,1233,765.0,760.52,761.68
1194,766.5581,756.03094,760.7983,1234,779.53,759.8,768.24
1195,779.46063,766.8219,771.9972,1235,778.5,768.24,770.84
1196,777.49976,765.39575,770.98737,1236,772.99,754.83,758.04
1197,764.99756,750.60693,757.86145,1237,759.85,737.03,747.92
1198,752.9603,736.90735,744.47327,1238,754.0,743.1,750.5
1199,763.7993,751.3508,756.0183,1239,763.9,752.9,762.52
1200,771.1819,759.23083,764.7195,1240,768.8300000000002,757.34,759.11
1201,767.7257,754.8962,760.92944,1241,771.36,755.8,771.19
1202,777.94763,765.98303,770.64795,1242,778.18,767.23,776.42
1203,783.8048,772.4348,777.3838,1243,789.43,779.02,789.29
1204,791.5939,780.1438,784.6425,1244,791.25,784.35,789.27
1205,797.0719,785.1361,789.96313,1245,804.3800000000001,793.34,796.1
1206,802.2196,790.41943,795.081,1246,804.0,794.01,797.07
1207,801.5371,790.0895,794.8953,1247,803.0,792.92,797.85
1208,803.00525,791.7412,796.30225,1248,800.8600000000001,790.29,790.8
1209,795.2147,781.7669,787.90356,1249,797.6600000000001,786.27,794.2
1210,799.5366,788.9193,792.80554,1250,798.6500000000001,793.27,796.42
1211,799.59143,789.0936,793.59094,1251,796.6800000000001,787.1000000000001,794.56
1212,795.7385,785.0133,789.8668,1252,793.3200000000002,788.58,791.26
1213,793.9215,784.00226,788.38794,1253,792.74,787.28,789.91
1214,793.34265,784.2468,788.55164,1254,797.8600000000001,787.66,791.55
1215,796.72864,787.13544,791.3044,1255,794.23,783.2,785.05
1216,787.75073,776.86536,782.4247,1256,785.93,778.92,782.79
1217,786.54346,776.68835,780.9895,1257,782.78,770.41,771.82
1218,781.6193,769.2208,775.39777,0,789.63,775.8,786.14
1219,792.1321,781.461,785.59283,1,791.34,783.16,786.9
1220,790.8187,780.2367,785.2091,2,794.48,785.02,794.02
1221,798.6156,788.1839,792.0986,3,807.9000000000001,792.2,806.15
1222,808.5542,798.58325,802.4916,4,809.97,802.83,806.65
1223,808.57336,799.33984,803.62396,5,809.1300000000001,803.51,804.79
1224,806.44055,796.9884,801.31323,6,808.1500000000001,801.37,807.91
1225,807.6282,799.18494,803.08154,7,807.3900000000001,799.17,806.36
1226,807.62305,797.8983,802.4153,8,811.22,806.69,807.88
1227,809.4181,800.04517,803.82764,9,807.1400000000001,800.37,804.61
1228,807.1157,796.8635,801.53436,10,806.21,800.99,806.07
1229,806.824,796.9116,801.03326,11,809.48,801.8,802.17
1230,807.9397,798.4424,802.481,12,806.9100000000001,801.69,805.02
1231,808.4663,797.73254,802.37494,13,820.8700000000001,803.74,819.31
1232,821.98535,811.9877,815.3043,14,825.9000000000001,817.82,823.87
1233,827.3229,817.4248,821.1528,15,835.77,825.06,835.67
1234,834.5171,825.7689,828.7742,16,838.0,827.01,832.15
1235,832.69543,820.5387,825.53076,17,841.95,820.44,823.31
1236,819.73694,807.0204,812.6752,18,815.8400000000001,799.8,802.32
1237,801.9795,787.94543,794.78973,19,801.25,790.52,796.79
