Open_pred,High_pred,Low_pred,Close_pred,Open,High,Low,Close
289.37857,291.3652,286.8197,289.2369,778.81,789.63,775.8,786.14
290.2406,292.2781,287.5653,290.2052,788.36,791.34,783.16,786.9
291.93158,294.0233,289.31946,292.07977,786.08,794.48,785.02,794.02
296.80954,299.10342,294.32166,297.21112,795.26,807.9000000000001,792.2,806.15
302.35666,305.00922,299.6726,302.7442,806.4,809.97,802.83,806.65
302.04663,304.75418,299.09512,302.406,807.86,809.1300000000001,803.51,804.79
303.44574,306.2251,300.76224,304.0972,805.0,808.1500000000001,801.37,807.91
304.73938,307.56064,302.0791,305.45938,807.14,807.3900000000001,799.17,806.36
301.80017,304.65555,299.05576,302.34537,807.48,811.22,806.69,807.88
305.35214,308.1127,303.08826,306.266,807.08,807.1400000000001,800.37,804.61
303.34113,306.26862,300.86295,303.9891,805.81,806.21,800.99,806.07
301.94766,304.91293,299.59674,302.60162,805.12,809.48,801.8,802.17
301.74734,304.68207,299.60815,302.34058,806.91,806.9100000000001,801.69,805.02
301.4897,304.2774,299.35947,302.07016,807.25,820.8700000000001,803.74,819.31
305.49652,308.41956,303.46442,306.16107,822.3,825.9000000000001,817.82,823.87
303.42798,306.3977,300.98328,303.83582,829.62,835.77,825.06,835.67
301.53482,304.41248,299.38162,302.06036,837.81,838.0,827.01,832.15
303.8631,306.62714,301.921,304.58716,834.71,841.95,820.44,823.31
303.49826,306.3249,301.29965,304.04517,814.66,815.8400000000001,799.8,802.32
307.31824,310.2243,305.3257,308.04556,796.86,801.25,790.52,796.79
308.34802,311.3366,306.00677,308.9654,291.38,291.66,288.49,289.33066933066937
309.9479,312.935,307.7395,310.73398,291.34,292.11,289.95,291.4635364635365
309.59177,312.5517,307.27133,310.33487,294.23,297.42,292.93,297.0529470529471
306.19925,309.28842,303.71576,306.7277,296.39,304.27,295.9,303.4065934065934
300.4428,303.46332,298.0522,300.6502,302.44,303.56,300.75,302.25274725274727
303.32672,305.93845,301.4309,303.9221,303.18,304.53,301.24,303.7862137862138
303.1755,305.799,301.0366,303.65588,304.87,306.1,303.36,304.5904095904096
300.17538,302.93872,297.73056,300.4146,302.81,302.93,300.87,301.8231768231769
301.7973,304.35776,299.70352,302.1936,304.11,305.77,303.87,304.95504495504497
306.95685,309.63403,305.00647,307.54333,304.63,304.86,301.25,303.7412587412588
307.22467,310.04028,304.7453,307.6112,305.32,305.32,300.15,301.64835164835165
309.16348,312.01794,306.87598,309.76816,300.28,303.27,297.75,302.1278721278722
311.02176,313.90082,308.73804,311.7204,301.36,302.68,300.08,301.18881118881126
314.90002,318.03357,312.5594,315.60385,300.81,307.79,300.31,305.85414585414594
314.9472,318.09778,312.46176,315.58398,304.84,307.24,302.22,302.83716283716285
318.82053,322.10504,316.40472,319.6319,302.37,302.83,299.05,301.92307692307696
320.35846,323.79642,317.88724,321.03735,302.54,304.68,301.62,303.81118881118886
320.15918,323.4991,317.66806,320.9321,302.16,305.04,301.4,303.51648351648356
322.4461,325.79205,320.24408,323.3927,303.86,308.73,302.71,308.0419580419581
322.5438,325.91888,320.07404,323.31906,308.14,311.63,306.6,307.972027972028
326.7102,330.0276,324.5335,327.74182,309.97,311.68,307.92,310.0399600399601
322.75006,326.29013,320.1571,323.36887,309.84,310.83,309.0,309.46553446553446
320.35587,323.81192,317.9459,321.01807,309.06,310.08,304.55,305.979020979021
321.45267,324.74637,319.4288,322.12183,302.89,303.27,295.81,301.34865134865134
320.0981,323.3204,317.9191,320.63397,303.39,304.45,301.8,302.2677322677323
316.19098,319.31793,314.01447,316.60162,303.88,304.61,302.04,302.43756243756246
315.25015,318.21954,313.24213,315.70465,302.84,304.81,298.88,299.00599400599407
314.40903,317.331,312.344,314.7504,298.88,302.37,298.51,301.4435564435565
312.8166,315.69675,310.7141,313.153,303.24,307.77,301.64,307.73726273726277
316.8921,319.5879,315.14825,317.5813,306.35,310.23,305.58,306.84315684315686
323.73563,326.665,321.8308,324.49612,307.15,310.59,306.27,309.4055944055944
311.90546,315.35526,308.7126,311.6478,309.29,311.79,308.87,311.3536463536464
303.26657,306.26306,300.46002,302.87912,310.4,317.45,309.46,315.80419580419584
305.8426,308.1826,303.62854,305.75833,314.28,316.84,312.46,315.5644355644356
303.46356,305.77017,300.94855,303.12183,316.12,322.49,315.07,318.7962037962038
300.78223,303.18207,297.97214,300.30182,318.06,323.19,314.32,321.8181818181818
299.1387,301.37207,296.4766,298.75687,322.09,323.04,319.25,320.09490509490513
298.0872,300.1828,295.59528,297.7445,321.3,323.53,318.58,323.4515484515485
300.5264,302.65033,298.08118,300.41205,322.31,325.53,321.2,322.3026973026973
303.9396,306.1711,301.52774,304.03915,324.8,328.07,324.32,326.6533466533467
306.61508,309.04486,304.07465,306.8444,325.5,327.07,320.95,322.99200799200804
306.09756,308.67804,303.47653,306.38504,324.66,325.52,319.3,319.4205794205795
301.7128,304.5384,298.8344,301.77286,319.19,322.54,316.23,322.25274725274727
302.0963,304.70493,299.51852,302.27383,321.5,322.77,318.13,320.10989010989016
302.6161,305.13235,300.14053,302.81396,318.03,318.31,314.37,316.3886113886114
305.01526,307.54736,302.62247,305.44305,314.94,317.03,313.11,314.98001998002
298.27594,301.00415,295.33252,298.2277,313.07,316.48,311.48,314.2407592407593
302.65234,305.25598,300.39984,302.98273,315.58,316.07,311.11,312.2577422577423
304.8277,307.55005,302.3467,305.03897,315.8,316.81,314.47,316.7932067932068
303.4629,306.27097,300.72525,303.54953,319.98,325.35,318.93,324.29070929070934
305.98868,308.65073,303.71088,306.54208,322.57,323.28,310.61,311.13386613386615
302.25934,305.10693,299.56207,302.5322,310.34,310.74,299.71,301.9030969030969
301.49612,304.2013,299.0675,301.85538,303.14,307.69,302.37,303.64635364635365
304.6315,307.35086,302.43033,305.1667,302.89,305.26,300.28,302.5924075924076
312.54407,315.4063,310.52075,313.3701,301.71,306.98,298.38,298.53146853146853
310.92123,314.1559,308.1576,311.42056,301.0,303.29,296.8,296.91808191808195
300.91586,304.49902,297.51434,300.70087,295.34,298.11,294.0,297.6823176823177
306.25977,309.01245,304.059,306.55206,298.0,302.18,297.54,299.51048951048955
299.8837,302.7358,296.99304,299.63297,300.87,304.53,300.31,303.72127872127874
303.23532,305.7878,301.14188,303.49707,304.31,307.85,303.71,306.5834165834166
301.14252,303.7872,298.63168,301.1747,306.36,307.22,304.16,306.34365634365633
295.4426,298.0586,292.8083,295.26785,305.35,306.89,299.18,301.29370629370635
296.76883,299.14624,294.6739,296.93094,300.77,304.66,298.97,301.0889110889111
293.48993,295.81488,291.02777,293.32254,299.48,302.92,299.18,302.4975024975025
290.532,292.82135,288.0798,290.369,303.67,306.27,303.34,304.3706293706294
285.24246,287.29346,282.75534,284.86786,301.83,302.81,297.29,297.37262737262745
288.70383,290.70062,286.64578,288.68826,296.39,304.14,296.39,302.6423576423577
285.0165,287.1387,282.33026,284.60773,301.63,307.3,299.23,305.24975024975026
289.61243,291.62326,287.4871,289.752,302.28,307.04,299.78,303.43656343656346
289.19232,291.40518,286.5248,289.18527,305.34,306.94,303.98,305.6843156843157
289.29626,291.47205,286.699,289.33682,304.04,306.13,301.26,301.48351648351655
284.70248,287.12253,281.6656,284.4329,299.27,303.11,299.17,300.8741258741259
282.32538,284.45282,279.65045,282.07718,301.54,306.35,300.75,304.4155844155845
281.0336,282.9425,278.25143,280.67877,307.83,313.87,306.82,313.29170829170835
279.9416,281.78583,277.1552,279.59338,315.73,317.73,309.46,310.3596403596404
281.54318,283.37717,279.03348,281.41537,311.38,315.03,297.24,299.0809190809191
284.2758,286.33002,281.60318,284.16028,299.13,306.7,298.88,305.90909090909093
289.834,291.95624,287.18518,289.98593,305.57,305.76,296.89,299.2807192807193
287.61316,289.88766,284.5652,287.62448,299.7,303.66,297.45,303.5914085914086
282.8313,285.27188,279.65097,282.715,303.44,304.82,298.32,300.70429570429576
285.31418,287.40442,282.85886,285.57242,299.38,299.74,293.04,294.6603396603397
280.11752,282.31677,277.0734,279.86758,296.79,298.45,293.06,296.0589410589411
282.0029,283.99445,279.5718,282.12494,292.98,294.84,290.68,293.01698301698303
284.634,286.6685,282.05737,284.78912,293.26,293.9,288.42,289.3456543456544
280.91998,283.09436,278.07007,280.79355,284.83,285.26,283.11,284.42557442557444
288.96652,291.04642,286.88382,289.5591,284.05,289.16,283.94,288.21678321678326
289.16193,291.47235,286.4132,289.4586,286.65,287.99,282.18,284.14085914085916
292.1427,294.6042,289.54465,292.6085,287.16,289.9,285.73,289.2007992007992
296.84357,299.43234,294.1698,297.4105,292.7,292.85,287.55,288.0369630369631
292.02057,294.77954,288.88464,292.20633,286.85,289.42,286.22,289.14085914085916
292.1247,294.70746,289.5506,292.59717,291.01,291.57,282.29,283.18681318681325
290.7193,293.3945,288.05258,291.07224,283.82,284.09,278.25,281.4935064935065
284.9085,287.47778,282.12128,284.85065,279.81,282.44,278.3,279.4955044955045
284.3609,286.645,282.06192,284.44064,279.6,281.48,277.22,278.4815184815185
287.49142,289.715,285.3149,287.72302,279.12,281.21,277.5,281.1988011988012
286.9492,289.20715,284.4303,287.05408,280.26,286.03,278.58,284.36063936063937
287.11743,289.48102,284.71713,287.33322,285.72,291.05,285.49,289.6803196803197
289.77585,292.06366,287.3911,290.0977,288.82,288.92,285.68,287.6773226773227
295.80084,298.26218,293.3876,296.32632,288.84,288.84,280.81,281.54845154845157
303.1614,305.91138,300.8732,304.02283,282.94,284.67,281.85,284.67
304.82968,307.96164,301.90225,305.23282,282.61,282.98,277.63,279.3006993006993
302.7869,305.934,299.7817,303.21317,280.33,282.24,278.7,281.28371628371633
303.41394,306.36624,300.72806,304.0512,282.79,285.92,281.95,283.58641358641364
305.7581,308.6859,303.33124,306.5994,281.89,282.06,277.56,281.09890109890114
314.95114,318.0882,312.74847,315.99384,286.41,288.98,285.03,288.951048951049
315.13492,318.5085,312.25253,315.83658,289.82,290.41,287.17,289.1508491508492
315.1395,318.4495,312.423,315.90378,288.92,293.11,287.92,292.81718281718287
315.55148,318.85928,313.00592,316.4541,293.28,298.91,293.17,296.8481518481519
313.59512,317.00064,310.84656,314.14392,295.12,295.65,290.32,291.8981018981019
319.63855,322.82144,317.6303,320.7556,291.38,293.2,289.54,291.91308691308694
320.41428,323.79007,317.9463,321.21646,293.99,295.11,288.29,289.7652347652348
318.68878,322.09296,316.35587,319.49002,287.07,287.85,281.42,284.53046953046953
319.9825,323.30804,317.8462,320.8875,282.5,284.9,280.0,284.1758241758242
320.22348,323.5014,318.11102,321.14258,285.01,288.49,283.21,287.18281718281725
319.10696,322.3871,317.0263,319.9104,287.11,288.51,284.82,286.3886113886114
327.8346,331.15106,326.14218,328.9892,288.14,289.25,283.14,287.2877122877123
332.3603,335.88943,330.14487,333.27228,287.41,290.76,286.99,289.2957042957043
332.15298,335.7986,329.7218,333.05237,291.98,298.12,291.91,295.4245754245755
334.7202,338.274,332.43106,335.74268,303.24,305.33,297.97,304.2707292707293
336.5587,340.12317,334.31122,337.62057,299.12,308.02,298.01,306.6033966033967
336.15872,339.78745,333.77536,337.11356,306.35,307.81,301.04,302.65234765234766
332.99338,336.78906,330.4696,333.67096,303.02,305.54,301.55,302.8621378621379
337.11298,340.66043,334.87228,337.87115,306.35,307.28,303.88,305.53446553446554
336.81717,340.31433,334.38373,337.41528,308.29,316.31,307.6,316.29370629370635
337.78076,341.18088,335.48163,338.52008,316.84,320.1,313.57,314.97002997003005
332.18564,335.69574,329.54465,332.4122,312.96,317.06,312.94,315.3046953046954
336.66333,339.95108,334.5572,337.25812,317.46,318.56,314.51,315.1598401598402
341.9041,345.25162,339.7665,342.59644,311.59,317.82,310.54,313.2017982017982
339.38937,342.82864,336.84842,339.93103,318.81,320.66,316.88,319.4655344655345
341.09106,344.4932,338.80966,341.88638,318.61,323.48,318.42,320.20979020979024
338.3814,341.8841,335.95706,338.95316,319.7,320.93,317.05,319.0759240759241
339.74875,343.06384,337.38992,340.39896,318.33,321.73,318.06,319.91508491508495
347.68372,351.03152,345.53207,348.47464,321.05,321.98,319.56,319.975024975025
351.45483,355.0014,348.8701,352.08447,318.1,319.92,316.88,319.80019980019983
349.3061,353.01788,346.42175,349.86273,322.5,328.84,322.13,328.77122877122883
345.2674,348.80237,342.31308,345.65668,328.39,335.17,328.27,333.08191808191816
343.70798,347.12115,340.9556,344.00366,333.89,335.87,330.81,332.5224775224776
351.3911,354.70673,348.9192,351.8619,332.51,336.06,332.29,335.1798201798202
353.72003,356.98584,351.0673,354.2477,335.8,337.36,334.6,337.3076923076923
353.30435,356.70367,350.53345,353.80283,336.49,338.17,335.07,336.50849150849155
357.0598,360.48306,354.40674,357.60983,335.3,337.73,329.85,333.50649350649354
361.7138,365.19547,359.01367,362.29504,332.44,339.03,332.11,337.32767232767236
362.14844,365.73608,359.23917,362.6565,335.88,338.97,334.25,337.1378621378622
365.52933,369.02383,362.82178,366.33026,336.54,338.95,335.78,338.0469530469531
371.9735,375.74005,369.11115,372.54315,330.26,334.75,328.39,333.36163836163837
374.44968,378.38385,371.1694,374.98486,331.26,337.54,331.13,337.3626373626374
374.87152,378.85126,371.5204,375.22296,337.42,343.21,336.81,342.72227772227774
377.15372,380.955,373.97565,377.7423,340.84,342.41,338.82,339.5654345654346
376.1203,379.86786,372.78702,376.53162,340.72,343.0,338.75,341.2637362637363
379.87555,383.52408,376.758,380.448,341.0,341.22,335.49,339.25074925074927
376.91125,380.7853,373.53568,377.21725,338.73,341.97,338.3,339.0909090909091
379.69592,383.27356,376.4981,379.98834,341.7,348.64,341.09,348.39660339660344
382.53006,386.02655,379.33173,382.80133,348.69,354.8,347.53,351.7582417582418
382.99265,386.5398,379.7047,383.29538,353.55,355.07,347.89,349.07592407592415
377.51108,381.0715,374.02167,377.51456,347.68,349.02,344.21,344.80019980019983
371.88916,375.52216,368.3146,371.7862,343.42,346.16,339.17,344.1508491508492
371.67972,374.75656,368.41855,371.53378,345.25,353.18,343.98,351.70329670329676
376.07684,379.0029,373.00894,376.1898,353.48,355.17,352.18,353.51648351648356
372.0267,375.1038,368.61877,371.8281,352.73,355.11,351.18,353.6663336663337
368.6046,371.5642,365.32648,368.3072,352.57,357.99,352.07,357.79720279720283
371.34454,374.06573,368.2604,371.2019,357.41,362.92,356.87,362.39260739260743
375.8592,378.6543,372.7885,375.69586,360.88,364.32,359.26,362.70229770229776
346.12952,350.51697,340.81262,343.8866,364.74,366.09,363.7,365.62437562437566
342.78253,345.27625,338.92435,341.29,364.14,373.62,363.76,373.29170829170835
340.05518,341.70996,336.42407,338.39996,375.12,381.02,372.43,373.18181818181824
340.71786,342.27853,337.14252,339.1457,373.52,379.2,369.12,375.32467532467535
339.1597,340.79318,335.7339,337.93466,378.56,380.0,374.42,376.83816183816185
338.72885,340.39288,335.46103,337.7601,375.67,378.23,374.17,375.83916083916085
337.63123,339.4595,334.19794,336.64352,378.11,381.07,376.69,379.4655344655345
339.53195,341.33282,336.42944,338.91992,381.17,381.56,373.73,377.0829170829171
342.97382,345.04663,339.74442,342.42474,376.45,380.53,374.7,379.8251748251748
343.8104,346.0672,340.50378,343.47348,379.95,383.51,378.28,382.59240759240765
340.02948,342.48175,336.5668,339.50253,383.92,385.74,381.08,382.39260739260743
340.20584,342.637,337.03156,339.96033,379.08,380.36,375.67,377.50749250749254
333.525,336.07675,329.94247,332.86337,378.42,379.24,369.88,370.65434565434566
326.9582,329.57407,323.43527,326.20782,369.54,372.37,367.77,370.8891108891109
331.3163,333.6025,328.3706,330.7813,375.04,377.83,373.74,374.3356643356644
332.53934,334.80267,329.531,332.05563,374.52,376.03,370.66,370.984015984016
329.3604,331.80524,326.1876,328.8859,369.58,370.53,363.99,369.10589410589415
326.1531,328.6523,323.121,325.77695,368.68,372.1,366.85,370.959040959041
324.08392,326.6126,321.00516,323.57028,370.59,376.76,368.75,376.3336663336664
322.5235,325.0489,319.7212,322.0465,376.36,378.29,336.74,346.20379620379623
332.97675,335.4288,330.80484,333.2267,351.47,352.03,334.75,339.62037962037965
333.932,336.7788,331.09998,333.98453,339.23,341.04,333.6,338.0669330669331
331.2198,334.16034,328.39877,331.351,334.75,342.38,334.75,338.90609390609393
333.06387,335.87183,330.5495,333.54877,342.12,342.22,336.37,337.3876123876124
329.56094,332.53406,326.75998,329.77744,338.73,339.73,335.5,337.61238761238764
333.9706,336.9871,331.41336,334.28134,336.99,340.24,334.35,336.31368631368633
339.1962,342.35574,336.58136,339.41858,338.66,339.23,336.24,338.88111888111894
343.8839,347.07526,341.29294,344.4059,338.48,344.16,338.09,342.51248751248755
346.4977,349.89536,343.78247,347.04956,346.1,346.48,342.4,342.6773226773227
346.83173,350.39252,343.93317,347.46005,340.97,342.15,336.52,340.20479520479523
343.8239,347.37012,340.95187,344.3184,341.46,341.97,337.51,339.58541458541464
342.65228,346.1728,339.92905,343.14725,336.24,337.85,332.0,332.31268731268733
344.5352,347.92804,341.9517,345.02255,333.85,334.49,324.4,324.92507492507497
341.59042,345.10953,338.79556,341.9099,326.1,332.92,323.94,330.2747252747253
342.473,345.7,339.87906,342.8676,330.64,333.65,329.2,331.70829170829177
347.42654,350.6918,344.9528,347.89374,330.26,332.55,327.89,328.29670329670336
347.62302,350.95786,344.97473,348.02176,329.1,329.85,324.04,325.0549450549451
350.91934,354.45422,348.40384,351.65356,323.79,328.77,320.75,322.4225774225775
350.1584,353.56122,347.31454,350.49124,321.79,325.29,316.81,322.3826173826174
358.3498,361.73486,355.7848,358.87213,326.63,333.21,326.54,332.8571428571429
359.37494,362.8864,356.29205,359.63086,333.5,337.73,331.04,333.73626373626377
358.54443,361.98352,355.61438,359.00464,333.25,333.65,328.97,331.6933066933067
359.57355,363.00867,356.77866,360.175,333.73,333.75,331.81,332.73726273726277
356.16974,359.62042,353.1188,356.41937,331.98,332.25,328.28,329.3406593406594
353.81036,357.14496,350.8896,354.11346,328.85,336.24,327.77,334.10089910089914
353.27747,356.4967,350.42017,353.47968,332.76,341.18,330.71,340.5594405594406
351.50104,354.62805,348.66046,351.58258,342.61,345.65,339.73,344.6553446553447
349.77536,352.7667,346.84186,349.79193,344.36,348.3,341.56,347.88211788211794
352.30786,355.30127,349.56592,352.36356,349.81,351.63,345.76,346.32867132867136
360.8981,363.84952,358.4049,361.38562,346.2,346.46,341.57,344.2257742257743
360.91235,364.16226,357.8988,361.1546,344.78,345.95,339.89,342.62737262737267
367.6061,370.87897,364.78674,368.09268,342.51,346.51,340.98,344.2757242757243
365.78708,369.17416,362.60965,366.05524,346.2,347.14,339.94,340.8291708291709
364.43793,367.89252,361.39606,364.80643,341.42,344.53,340.62,341.42857142857144
367.2577,370.5545,364.32068,367.65863,343.71,349.65,342.58,347.1378621378622
369.01874,372.40024,366.0521,369.44934,348.31,350.44,345.45,347.4775224775225
368.5631,371.87518,365.5073,368.93927,356.62,356.9,348.47,350.0399600399601
361.4165,365.0525,357.81317,361.3143,348.28,352.59,347.91,349.6703296703297
361.7757,365.09714,358.38583,361.49155,351.43,359.61,350.7,359.04595404595403
357.3428,360.36813,353.94803,356.97336,356.96,363.19,356.19,359.19080919080926
355.75073,358.59818,352.6084,355.59076,359.01,360.15,357.0,358.7112887112887
351.85797,354.66812,348.65225,351.495,360.28,360.97,357.15,359.8301698301699
350.24207,352.8979,347.32846,349.96405,355.65,358.07,353.93,356.4785214785215
371.8985,374.3515,369.6552,372.6204,355.92,356.25,352.41,353.42657342657344
374.86475,377.91574,371.59476,374.77658,352.71,355.11,349.89,353.1118881118881
375.41504,378.59595,372.03665,375.55304,352.25,353.1,348.0,351.8281718281719
374.09512,377.35364,370.66727,374.32016,349.53,352.14,348.7,348.7
375.60886,378.85336,372.18066,375.78818,348.69,353.96,346.7,352.36763236763244
376.65503,379.86197,373.14957,376.85074,358.37,362.14,356.94,360.2747252747253
376.67404,379.8512,373.18655,376.79297,361.11,364.6,359.01,360.48451548451555
386.07465,389.33197,382.78882,386.30817,363.31,369.35,362.48,367.6073926073927
378.37268,381.88104,374.45892,378.18805,366.35,368.31,363.93,366.00399600399606
382.35425,385.63324,378.90808,382.56396,366.4,366.78,360.86,365.2797202797203
383.56485,386.88245,379.95023,383.45306,364.77,367.8,362.94,367.6823176823177
385.7422,389.07364,382.2322,385.78503,370.03,371.11,365.38,369.3556443556444
391.77893,395.00793,388.52606,392.15643,369.61,369.83,366.78,368.6113886113887
388.86426,392.31647,385.30087,388.91043,367.12,369.71,359.83,360.2747252747253
389.88766,393.33136,386.4041,390.14484,358.32,366.13,354.72,361.11388611388617
390.63672,393.97183,387.22772,390.88403,359.85,360.82,355.5,356.2587412587413
392.1781,395.57565,388.79028,392.3338,357.51,358.48,354.18,354.33066933066937
395.11383,398.4314,391.88123,395.45508,353.85,355.05,349.36,350.939060939061
401.714,405.12134,398.57922,402.17047,351.01,351.35,346.46,350.1248751248752
395.4823,399.201,391.66815,395.52408,366.62,373.1,366.52,369.36563436563443
397.62903,401.06918,394.08246,397.84457,369.24,377.0,368.87,375.69930069930075
398.69955,401.93817,395.30066,398.91156,373.98,377.82,373.72,375.4295704295705
395.56302,399.11096,391.78735,395.56348,374.48,376.39,372.55,373.961038961039
394.20944,397.46432,390.69672,394.2305,371.98,377.06,371.88,375.43456543456546
399.34436,402.4696,395.9944,399.44073,375.46,379.05,375.05,375.50949050949055
400.4639,403.53384,397.05853,400.5694,373.85,377.4,373.72,376.43356643356645
401.4406,404.525,398.0096,401.40073,377.68,386.85,377.63,386.3536463536464
409.04333,412.1654,405.71768,409.06012,382.41,383.8,377.72,378.0919080919082
418.09796,421.2379,414.96857,418.47815,379.14,384.12,378.32,381.43856143856146
414.43567,418.04132,410.8288,414.65137,378.12,385.04,377.83,383.64635364635365
415.35535,418.6876,411.8766,415.69104,383.41,387.95,381.32,385.5294705294706
414.16162,417.51776,410.63034,414.38574,388.61,391.87,388.32,391.21878121878126
417.02563,420.28253,413.52148,417.27682,387.75,390.04,385.43,389.7502497502498
412.38342,415.67834,408.72836,412.4079,389.42,392.48,388.23,388.8911088911089
411.9937,415.18848,408.48077,412.14798,388.61,391.21,388.53,389.97002997003005
409.82132,412.98953,406.3391,409.90582,388.41,392.9,387.43,392.43756243756246
406.67966,409.70538,403.13788,406.6407,392.23,395.15,392.07,394.96503496503504
402.997,405.902,399.3263,402.62915,396.51,401.99,396.16,401.91808191808195
405.74118,408.5488,402.34674,405.62875,401.15,402.97,394.42,394.7502497502498
406.73648,409.4803,403.57742,406.81055,397.51,401.22,394.13,396.2787212787213
405.15292,407.96063,401.81616,405.08344,398.14,399.13,395.42,398.36163836163837
404.73672,407.48572,401.53308,404.8271,399.65,402.7,393.77,393.906093906094
404.673,407.56848,401.36435,404.6764,396.02,396.49,390.74,393.59140859140865
405.1896,407.91434,402.09436,405.3159,395.92,400.87,394.08,398.39660339660344
400.24786,402.98312,396.9013,400.16074,399.05,401.99,399.02,399.10589410589415
396.91068,399.6973,393.51028,396.82507,397.41,402.06,396.59,401.58841158841165
399.91635,402.39862,396.74652,399.84995,401.15,409.88,401.0,409.21578421578425
405.72485,408.21313,402.65015,405.7427,412.92,418.51,412.9,417.73226773226776
401.62448,404.40857,398.24918,401.4694,418.94,420.42,412.86,414.1358641358642
396.66483,399.47913,393.127,396.41925,415.47,416.75,413.24,414.74525474525484
390.11328,392.67014,386.4852,389.58975,415.69,415.9,410.98,414.20579420579423
386.45728,388.8588,382.94333,385.97302,414.29,418.28,414.2,415.8491508491509
389.03763,391.31635,385.70575,388.7065,413.8,414.39,410.3,412.25774225774234
393.77252,396.18195,390.62036,393.5052,412.4,413.79,409.62,411.1138861138861
393.7287,396.2329,390.55908,393.58234,411.95,411.95,407.17,409.23576423576424
393.33948,395.94385,390.17578,393.2926,407.72,408.62,405.15,405.6293706293707
390.6935,393.57745,387.04883,390.2999,401.0,404.86,399.24,402.3876123876125
396.00085,398.5656,392.7765,395.89636,404.11,408.1,401.72,404.14585414585423
390.07068,392.83374,386.40582,389.61572,406.89,407.23,404.2,405.8341658341659
382.497,385.49045,378.63873,381.95068,404.13,406.93,403.41,404.1158841158841
398.41006,401.11362,395.07916,397.90515,405.85,406.1,403.31,403.6413586413587
395.98383,399.0058,392.4748,395.34265,404.69,408.09,401.9,403.3066933066933
403.47684,406.3098,400.15833,403.43716,405.23,405.48,402.39,404.69530469530474
405.8225,408.7263,402.38306,405.7854,401.83,401.99,399.17,399.8301698301699
403.50922,406.59448,399.95917,403.5734,400.49,401.18,395.17,395.61438561438564
399.3347,402.45557,395.65176,399.24902,396.02,399.63,395.14,399.10089910089914
408.6812,411.6685,405.1953,408.61255,400.77,405.89,400.5,405.0
411.23187,414.23697,407.71613,411.18677,405.21,405.58,398.84,401.59340659340666
408.71387,411.887,405.136,408.75278,400.62,401.37,394.17,396.0489510489511
413.89352,417.11594,410.36926,413.9532,391.56,392.03,386.75,390.06493506493507
421.79004,424.96716,418.5274,422.10135,387.92,388.32,382.77,385.979020979021
428.9582,432.31183,425.64108,429.25635,386.3,390.41,385.11,387.3726273726274
426.55957,430.18796,422.98767,426.81427,390.0,394.7,386.55,393.61638361638364
434.43933,438.00018,430.92792,434.58545,394.96,395.07,390.57,393.7212787212788
434.94583,438.5642,431.25482,435.12506,394.52,394.57,390.0,393.5514485514486
438.55347,442.09406,435.10632,438.9639,391.51,397.01,387.06,389.50549450549454
437.42578,441.0929,433.80243,437.7297,391.83,396.51,390.5,395.2047952047953
442.29486,445.8916,438.79297,442.60522,391.91,393.94,387.6,389.8201798201798
456.16852,459.86182,452.95505,456.55023,391.21,391.43,379.21,381.5234765234765
450.617,454.77905,447.0542,451.02393,383.14,400.22,381.7,398.44155844155847
453.0572,456.9194,449.6901,453.568,398.81,400.48,386.05,398.5614385614386
454.29272,458.17126,450.60095,454.50403,399.0,406.23,398.69,402.44255744255753
451.57816,455.39816,448.02744,451.78534,402.55,407.47,402.49,405.2047952047953
444.2873,448.3244,440.31793,444.25433,406.6,406.71,402.31,403.0369630369631
440.50494,444.12726,436.61548,440.26547,402.29,402.36,396.8,399.21578421578425
436.00525,439.35345,432.40952,436.01587,400.13,409.81,400.0,408.00199800199806
441.6963,444.9918,438.576,442.20233,407.97,412.27,407.31,410.7442557442558
432.97455,436.36722,429.534,432.96082,410.09,410.82,406.66,408.6813186813187
435.44077,438.61697,432.33527,435.75604,408.52,415.72,408.0,413.25674325674333
435.36295,438.37204,432.31638,435.58356,416.92,421.81999999999994,416.44,421.2787212787213
431.58417,434.75696,428.55542,431.7377,422.55,429.32,422.55,429.1658341658342
428.85773,431.9469,425.75427,429.03235,429.89,430.32,423.75,427.0129870129871
430.11786,433.03247,427.1621,430.42502,426.9,435.31,424.86,435.18481518481525
429.73825,432.69287,426.9089,429.92987,433.79,438.19,432.49,434.11088911088916
438.38654,441.21075,435.88684,438.8918,436.02,438.63,434.45,438.47152847152853
443.50665,446.40292,441.02576,444.05133,437.8,439.59,435.06,437.1278721278722
438.53827,441.58008,435.65027,438.90878,437.11,442.69,436.93,441.8931068931069
435.29434,438.45593,432.22833,435.67126,446.0799999999999,456.48,445.34,456.2337662337663
437.27673,440.14056,434.20154,437.40994,457.78,458.27,449.32,450.24975024975026
437.42535,440.36896,434.41907,437.78284,453.31,455.04,448.58,452.89210789210796
442.48187,445.3611,439.6411,442.90924,450.81,458.58,450.81,452.5674325674326
448.88113,451.81802,446.15558,449.297,452.31,454.13,447.13,451.7932067932068
449.73755,452.93634,446.78912,450.14484,449.59,452.96,441.78,443.0469530469531
441.56854,445.01218,438.10715,441.604,436.86,443.32,435.37,439.7452547452548
439.24518,442.52536,435.9812,439.44147,436.0,437.77,433.88,435.02997002997006
433.646,436.72333,430.17578,433.55066,440.1,444.4,438.56,438.99100899100904
433.4212,436.5543,430.20874,433.7055,436.22,437.36,430.53,432.53246753246754
436.95825,439.85516,434.07263,437.4106,433.34,437.81,431.59,433.7562437562438
438.73102,441.71912,435.85248,439.19156,432.44,436.86,432.14,433.9810189810191
439.05212,441.99002,436.15833,439.34735,434.87,435.35,425.91,432.19280719280727
443.57077,446.53235,440.88098,444.1668,432.3,433.67,425.44,427.947052947053
439.7057,442.94705,436.7552,440.08264,429.64,433.1,426.96,428.2467532467533
442.09564,445.14526,439.2102,442.45374,430.54,431.55,422.03,430.70429570429576
445.70392,448.68994,443.01218,446.26,433.58,438.36,431.04,438.2217782217783
451.31104,454.33774,448.74225,451.9806,439.4,443.84,438.4,443.4465534465535
450.9417,454.27728,448.18268,451.52618,440.33,441.84,438.12,438.2617382617383
451.85983,455.10577,448.96765,452.3286,441.08,441.35,433.2,434.3606393606394
458.51297,461.75958,455.91388,459.1944,432.87,438.19,431.13,436.8631368631369
459.377,462.65585,456.70636,460.02228,438.41,440.7,435.43,435.88411588411594
460.3686,463.7828,457.60944,461.0178,437.97,443.05,437.5,441.4685314685315
458.23016,461.7421,455.26855,458.77185,442.67,448.82,442.52,448.62637362637366
458.88623,462.26855,455.85403,459.3983,449.0,453.72,447.06999999999994,448.6563436563437
453.6732,457.2201,450.44446,453.94962,445.33,448.82,440.01,440.7192807192808
445.1186,448.6237,441.28058,444.52075,442.51,443.28,434.9,438.8211788211789
454.50153,457.66003,451.63632,454.90677,434.31,436.52,430.01,433.2717282717283
450.7823,454.1607,447.81168,451.1645,436.99,438.2,430.64,431.48351648351655
450.89023,454.21667,448.07498,451.4994,435.24,437.36,433.66,435.1948051948052
442.798,446.08673,439.56158,442.95453,437.76,440.69,436.69,436.8981018981019
442.07562,445.1524,439.10632,442.4879,435.82,439.27,435.46,438.5414585414586
441.62244,444.74246,438.54065,441.92926,441.57,444.37,440.85,442.28271728271733
444.68604,447.72278,441.8806,445.059,443.44,443.84,437.0,439.50549450549454
443.407,446.50232,440.62512,443.90912,438.31,442.92,437.61,441.5584415584416
451.27423,454.20712,448.8545,452.00845,443.34,446.03,442.01,445.0749250749251
451.58112,454.5619,449.06534,452.20996,447.93,451.44,446.87,450.8541458541459
450.40857,453.43713,447.81818,451.0549,453.8,454.77,447.31,450.929070929071
447.81204,451.0692,444.86508,448.31506,450.04,453.87,448.51,451.30369630369637
444.7226,447.7901,441.71155,445.11746,454.8,458.69,452.56,458.40159840159845
445.00284,448.00693,442.19513,445.5434,458.28,459.78,455.91,459.77522477522484
444.9685,447.86676,442.08524,445.46884,460.42,462.27,456.47,460.61938061938065
441.32196,444.18915,438.39737,441.7127,461.83,462.25,455.24,458.08691308691317
439.6701,442.6633,436.70166,440.08234,458.78,461.7,456.44,457.5624375624376
434.2716,437.27576,431.08777,434.4505,457.78,458.28,449.91,453.6413586413587
429.1542,431.9662,425.99933,429.31543,441.65,449.79,436.17,446.62837162837167
428.5278,431.1758,425.56247,428.8777,449.32,454.63,446.83,453.6513486513487
432.87485,435.5598,429.9423,433.08926,453.65,454.8,448.11,450.2147852147853
432.40002,435.1157,429.57056,432.7237,451.94,453.45,448.67,449.76523476523477
434.48264,437.3006,431.73248,434.94632,445.27,446.75,441.39,442.1928071928072
435.90753,438.64325,433.28586,436.4466,441.84,443.33,439.35,441.02397602397605
434.42804,437.35315,431.64935,434.96545,440.8,445.74,438.8,439.48551448551456
432.95715,435.8623,430.00418,433.3392,441.08,446.13,438.79,443.7962037962038
424.35822,427.3454,420.9255,424.26077,444.83,446.5799999999999,441.44,442.2177822177823
424.59137,427.2083,421.46106,424.78464,445.83,450.5899999999999,445.83,450.4195804195805
427.5902,430.17532,424.5626,427.7412,450.03,451.81,448.73,451.59340659340666
423.05713,425.8104,419.8664,423.11896,451.0,451.07,447.92,450.8091908091908
430.4375,433.043,427.58142,430.7921,450.66,453.16,446.19,446.61338661338664
433.89618,436.7021,430.99554,433.9956,445.85,447.55,442.88,443.66133866133873
438.27878,441.04337,435.5951,438.7146,446.07,446.25,440.99,444.66533466533474
438.0782,441.06696,435.2723,438.55798,443.62,446.09,443.34,443.5414585414586
442.98407,445.92532,440.25287,443.57733,441.79,441.84,439.18,441.10389610389615
442.83942,445.92834,439.9605,443.34308,441.76,442.59,436.46,438.981018981019
446.38916,449.52185,443.50256,446.8534,437.54,438.47,431.96,433.2817182817183
445.1321,448.3947,442.1878,445.67615,430.61,430.85,427.4,428.2267732267732
443.2164,446.5683,440.1507,443.7094,429.03,429.61,426.67,426.8531468531469
443.29712,446.66043,440.25006,443.8565,427.25,434.37,427.12,431.20879120879124
441.7346,444.92978,438.67902,442.1491,432.55,434.43,430.16,431.0939060939061
449.77618,453.0274,446.8391,450.06354,433.7,436.82,431.63,433.04195804195814
447.98798,451.32474,445.07483,448.47104,434.72,435.74,433.5,435.22477522477527
450.09015,453.31427,447.2367,450.5984,437.28,437.36,433.25,433.48151848151855
442.466,445.97647,439.0432,442.55554,433.38,435.82,431.41,431.5784215784216
442.49542,445.6903,439.41205,442.82593,428.2,430.25,422.37,423.48651348651356
437.89078,441.19098,434.72693,438.19476,423.5400000000001,426.11,422.3,422.69230769230774
438.71732,441.81702,435.76108,439.1479,422.95,428.58,422.71,426.1188811188812
436.95163,439.96027,434.03745,437.29358,426.28,427.42,421.2,421.8681318681319
436.9984,440.04517,433.9956,437.21014,425.58,431.48,425.38,428.58141858141863
442.71713,445.59927,440.15674,443.3009,428.57,435.12,425.99,434.18581418581425
441.8744,444.9056,439.1516,442.2415,435.12,438.3,434.18,438.13686313686316
437.3283,440.69666,434.22052,437.56244,439.57,440.24,435.24,438.1468531468532
435.5421,438.4826,432.60803,435.88275,440.21,443.21,439.56,442.36763236763244
432.53036,435.45444,429.43005,432.72974,443.35,444.33,440.35,442.67732267732265
426.30188,429.28424,423.06982,426.40594,442.61,446.81,441.39,446.4235764235765
426.79428,429.67065,423.72543,426.89343,447.02,447.27,443.34,444.8601398601399
433.55676,436.18854,430.97125,434.06317,445.58,446.16999999999996,440.77,442.87712287712293
434.7439,437.501,432.03278,435.1106,446.43,446.83,440.78,442.22277722277727
436.11816,438.95636,433.3624,436.41434,442.05,442.54,438.86,441.39860139860144
439.81525,442.69324,437.09412,440.23456,441.52,450.3,439.89,449.975024975025
447.2694,450.18573,444.69617,447.7674,451.3,451.3,446.03,447.51748251748256
442.7928,445.95435,439.8363,443.12836,447.52,450.38,446.14,449.8701298701299
507.26892,509.4749,505.83704,508.41943,446.4,449.11,440.95,441.59340659340666
498.91113,502.50287,496.15936,499.39697,441.59,443.39,439.05,441.7632367632368
500.67865,504.35095,497.55844,501.14276,441.62,441.62,436.17,436.97802197802207
512.8527,516.5971,509.30994,512.57587,437.51,439.73,435.87,437.4475524475525
512.0699,516.00305,508.49304,512.31445,435.78,437.12,434.03,436.5584415584416
505.8099,510.01477,501.87402,506.0147,432.92,438.78,432.53,436.31868131868134
507.30762,511.2826,503.27914,507.47247,438.48,442.18,438.38,441.8431568431569
516.0879,520.1319,512.2536,516.0663,439.72,443.02,437.27,442.3376623376624
513.7191,517.8608,509.90295,513.9833,442.34,445.38,434.42,436.40859140859146
514.709,519.0292,510.6555,514.8015,435.87,437.12,433.38,434.5454545454546
512.9675,517.2363,508.9531,513.14307,432.11,435.36,430.44,431.2537462537463
512.02924,516.33765,508.1046,512.32825,431.04,431.37,424.22,425.2397602397603
510.25687,514.6338,506.07947,510.2815,426.54,429.71,419.92,426.3336663336664
509.883,514.15674,506.02612,510.15842,430.31000000000006,432.79,428.5,432.4975024975025
503.30786,507.7647,499.11166,503.44702,431.4,435.11,431.03,434.36563436563443
507.30573,511.4049,503.42517,507.5376,431.71,436.49,431.08,436.4185814185815
504.23175,508.22717,500.25995,504.34302,436.24,441.16,435.37,439.3606393606394
504.6933,508.67337,500.77893,504.8368,441.28,447.49,440.35,447.33766233766244
513.7488,517.6556,509.9234,513.54175,444.83,446.78,441.21,442.73726273726277
516.3014,519.8637,512.8644,516.6421,486.47,505.83,485.18000000000006,503.81618381618387
515.1029,518.67346,511.53528,515.4116,503.84,507.6,497.91,499.7752247752248
515.6988,519.5905,511.7957,515.8102,500.62,504.61,496.04,501.6183816183817
511.42892,515.1778,507.47675,511.51694,498.63,515.44,498.45,513.7812187812187
510.56772,514.364,506.6161,510.81555,514.01,518.34,510.49,510.8591408591409
516.4441,520.11316,512.71594,516.7174,512.49,512.49,503.48,505.70429570429576
514.58606,518.2301,510.84354,514.87476,505.7,509.79999999999995,504.6,505.6043956043957
522.2325,526.0069,518.5559,522.48474,507.65,516.53,504.86,516.1838161838162
527.15686,530.8439,523.58026,527.239,516.78,516.82,511.08,513.2867132867133
530.4702,534.0929,527.03235,530.81946,512.54,518.82,510.07,513.3666333666334
528.62634,532.3171,524.93134,528.82263,513.97,516.07,510.64,511.6033966033967
525.8872,529.844,521.9381,525.98114,513.82,514.26,509.11,511.13886113886116
526.0576,529.96655,521.9048,525.96967,508.27,513.9,506.81,508.8511488511489
528.0034,531.85345,523.95325,527.9376,510.89,511.58,505.79,509.4655344655345
526.74243,530.5329,522.77234,526.83185,509.4,510.05,501.94,502.0929070929072
533.1345,536.9987,529.5447,533.61786,502.49,507.35,502.37,506.1188811188812
537.5874,541.4773,533.77625,537.7023,502.87,506.07,502.12,503.4065934065935
541.12775,545.0491,537.1619,541.0178,501.97,506.88,500.62,504.00099900099906
537.4293,541.4988,533.2745,537.3587,501.5,514.5,501.37,514.3056943056944
534.121,538.2053,529.75726,534.0292,515.03,517.93,513.25,515.6843156843158
529.45685,533.71814,524.88354,529.34436,515.5,517.06,513.23,514.8501498501499
535.4685,539.4486,531.1631,535.455,515.94,522.41,512.7,513.8511488511489
534.5479,538.58905,530.12085,534.50037,513.93,515.44,509.61,510.6843156843157
538.95233,543.06396,534.604,538.6448,513.05,514.75,508.27,509.2457542457543
541.9321,545.86145,537.6533,541.79395,511.58,517.22,511.08,515.1048951048951
548.5491,552.39246,544.47833,548.45703,514.78,516.15,512.69,514.015984015984
555.84894,559.6305,551.9939,555.9118,516.64,524.63,515.58,521.013986013986
553.67633,557.50397,549.59,553.6261,522.34,528.77,519.52,527.2277722277723
556.5818,560.4883,552.41907,556.4776,529.03,532.01,528.02,529.5704295704296
557.17053,561.0968,552.9739,557.11694,529.1,531.32,527.75,527.8171828171829
553.44165,557.62537,548.88104,553.2998,529.77,531.18,523.42,525.2697302697303
558.1442,562.30383,553.66797,557.9251,523.51,529.73,522.55,524.6653346653347
554.5321,558.671,549.84875,554.2744,523.72,530.0,523.04,527.1128871128872
551.68463,556.0307,546.8075,551.5398,526.63,527.85,523.58,526.6983016983017
557.2594,561.4834,552.6259,557.2079,532.9,533.0,528.06,532.937062937063
567.82,571.9627,563.3711,567.6539,533.5,539.13,532.02,537.0579420579421
568.65686,572.7855,564.20636,568.5322,536.07,544.12,535.82,540.3046953046954
563.2834,567.65137,558.3445,562.8647,541.67,543.62,535.58,536.6333666333667
563.46045,567.91235,558.5764,563.19366,537.77,539.45,532.5,532.9820179820181
561.7379,566.4743,556.19464,560.9354,535.69,536.14,526.97,528.4165834165835
572.9164,577.35974,568.20074,572.5928,530.01,535.34,529.02,534.4855144855145
572.83154,577.1027,568.0801,572.6262,534.41,538.36,532.2,532.932067932068
576.47736,580.6907,571.6931,576.1642,533.92,540.45,527.54,540.3496503496503
573.4453,577.8583,568.3244,572.975,538.37,543.96,537.53,541.0839160839162
579.86926,584.2047,575.09314,579.6826,542.12,548.53,541.97,548.2567432567432
580.73914,585.00806,575.8569,580.5071,551.85,555.82,550.5,555.4695304695305
577.8423,582.1312,572.6776,577.41345,555.4,555.54,551.98,553.8461538461539
560.3815,565.38837,554.02136,559.3548,554.92,557.41,552.27,556.6433566433567
547.703,553.24475,541.0045,546.7429,557.91,558.05,554.39,557.1128871128872
562.385,567.20685,556.7217,562.396,558.08,558.16,552.44,552.6573426573427
551.943,556.70685,545.74316,551.4335,554.04,558.41,551.06,558.2617382617384
569.49585,574.3623,564.2511,569.91425,555.65,556.79,552.06,554.4805194805195
589.23364,593.6626,584.4707,589.0812,555.42,556.38,550.4,550.4345654345655
565.2012,570.25806,558.71045,563.8286,554.43,557.34,551.15,556.5734265734267
570.4355,575.1251,564.5458,569.76355,560.4,567.72,558.49,567.3026973026974
569.90625,574.45905,564.14636,569.2013,570.86,571.52,564.53,568.4865134865136
578.9088,583.217,573.6754,578.635,569.59,569.97,560.68,563.0119880119881
586.75037,590.9821,581.7003,586.3618,567.41,567.4100000000001,559.03,562.982017982018
585.3441,589.5575,579.9405,584.69165,561.13,571.31,556.5,559.3956043956046
592.81934,597.1061,587.7134,592.21765,566.85,573.35,561.94,572.5524475524476
591.3015,595.47253,586.1452,590.79083,574.34,575.34,569.76,572.1678321678322
597.28503,601.5968,592.00793,596.4199,572.4,576.8,571.86,575.949050949051
599.30457,603.49243,594.14185,598.6184,576.27,578.15,569.96,573.1168831168833
603.58264,607.83716,598.4641,602.9372,578.3,579.83,573.5,579.6753246753248
599.14636,603.5232,593.74677,598.4387,581.13,581.76,577.27,580.3346653346654
600.79865,605.23395,595.5189,600.3547,577.83,579.07,575.03,577.882117882118
601.1742,605.6801,595.81335,600.80414,573.36,574.62,559.4,559.8151848151849
605.76196,610.3785,600.2689,605.14905,560.95,561.15,539.11,548.5564435564436
608.5199,613.1199,603.1388,608.0051,553.09,560.77,552.9,559.4105894105895
608.76184,613.43835,603.2377,608.2301,557.47,558.78,547.66,551.3936063936067
608.72327,613.30225,603.0885,608.2292,570.36,574.09,561.52,565.5744255744256
605.9207,610.8023,600.03,605.3468,583.49,591.05,573.42,588.2817182817183
598.5655,603.4571,592.3068,597.82635,587.4,588.65,563.89,564.6003996003997
607.1209,612.0429,601.521,607.23834,566.87,575.34,566.38,566.953046953047
608.1646,612.99304,602.2881,607.8871,569.56,573.24,561.9,569.4655344655345
609.3893,614.18835,603.5464,609.2317,573.42,577.91,571.63,577.8121878121879
606.50494,611.5231,600.41077,606.2346,581.63,586.75,578.11,586.5234765234766
604.24695,609.25964,598.0268,603.8943,583.71,588.99,582.33,584.2757242757243
599.2169,604.4774,592.7317,598.90765,587.88,593.71,583.92,592.867132867133
600.8196,606.03015,594.3353,600.2727,592.28,592.78,588.48,591.1288711288712
593.9972,599.4597,587.1914,593.6052,588.17,597.71,587.63,597.7072927072927
586.63824,592.0371,579.5158,586.1555,595.5699999999999,599.95,594.17,599.1558441558442
596.3041,601.53735,589.75525,596.16016,598.46,604.17,597.76,603.1768231768232
604.485,609.2919,598.26306,604.18665,600.4,602.35,596.51,598.926073926074
598.144,603.0194,591.70526,597.7719,599.32,601.19,597.87,599.8051948051948
598.8179,603.74994,592.34045,598.44403,601.65,602.6800000000001,599.17,599.6453546453547
591.8784,597.23047,585.0438,591.42566,600.43,607.8,600.3,603.991008991009
576.987,582.72345,569.5176,576.1317,605.7,609.96,602.95,607.7222777222778
579.0477,584.6666,572.17426,578.99695,609.71,612.15,604.61,607.8071928071928
567.5231,573.4547,559.8048,566.98486,606.92,609.83,606.23,607.3276723276723
558.0553,563.77563,550.4847,557.68115,607.89,609.81,600.86,605.5544455544456
562.5268,567.8534,555.4606,562.689,601.12,601.66,593.84,599.1008991008993
558.8041,564.0165,551.75104,558.9252,605.23,605.73,602.49,605.1848151848152
567.7389,572.51465,561.05164,567.5713,605.26,609.26,603.44,606.853146853147
571.7512,578.14307,564.7377,571.57324,608.86,610.79,607.02,607.5274725274726
572.7786,577.9422,565.6449,571.4785,611.11,611.2,603.46,605.1248751248752
544.3949,550.39,536.1366,542.59863,605.58,606.55,599.8,603.5214785214786
537.52783,543.10565,529.7924,536.3528,604.62,604.89,596.09,597.7522477522477
555.9885,560.80664,549.63916,555.79694,595.97,601.67,589.8799999999999,601.3936063936064
563.1677,567.5813,557.2923,562.974,601.72,602.99,590.17,592.3076923076924
540.5672,545.7557,533.2705,539.4236,588.79,593.21,584.08,584.2107892107892
530.643,535.411,523.2608,529.47266,587.42,596.3,586.86,593.8261738261739
535.2848,540.12585,528.67883,535.0917,595.1,603.5,594.3,603.3666333666334
532.8955,537.4846,526.499,532.21704,603.64,603.73,594.97,597.3876123876124
556.29114,560.49603,550.91425,556.0443,597.73,602.55,595.45,596.3436563436564
533.46356,537.7239,526.89636,532.07153,600.9,602.56,589.02,589.3106893106893
528.0777,532.4523,521.92053,527.4944,589.88,590.24,570.84,576.8031968031969
535.3164,539.34467,529.6124,534.8437,580.82,582.74,571.36,577.1978021978023
526.74365,530.72894,520.92114,526.24963,578.84,583.5999999999999,563.64,563.8711288711289
525.1896,529.34424,519.5781,524.95,566.44,566.44,551.41,556.93
516.4574,520.531,510.4825,515.8898,559.66,564.88,557.14,558.46
513.83594,517.9776,508.12787,513.2512,565.34,565.45,555.41,555.45
527.7523,531.60547,522.6319,527.4577,557.18,566.89,557.18,565.6099999999999
525.41595,528.90173,520.5031,525.2081,598.35,603.17,560.65,565.45
530.0822,533.76685,525.3931,529.934,568.29,585.67,562.59,568.18
527.25226,531.00684,522.52264,527.05945,573.08,576.19,541.51,541.65
525.8821,529.63556,521.17236,525.52094,539.26,546.98,525.71,536.68
514.8335,518.9703,509.5705,514.34894,541.11,553.48,540.13,553.38
508.45172,512.58746,503.20926,508.02094,558.09,563.82,551.44,562.6
511.94647,515.82825,506.88483,511.6225,563.45,563.45,538.42,539.47
516.39197,520.30804,511.75647,515.97394,531.09,538.52,525.09,529.15
528.4476,532.16125,524.55176,528.57544,536.78,542.61,528.11,531.06
532.4519,536.07996,528.6246,532.56396,535.35,536.98,517.04,534.97
525.2199,529.05273,520.97046,525.1473,541.51,555.47,538.52,555.02
518.6013,522.5047,514.03406,518.3478,547.31,548.0,529.7,534.63
519.1919,523.01996,514.9155,519.2193,534.63,535.23,524.16,527.17
527.3512,531.23517,523.1686,527.17395,527.19,535.76,526.07,533.35
529.69904,533.598,525.5823,529.6358,532.33,532.41,524.81,525.5
537.759,541.4618,534.04395,537.8401,528.62,530.19,520.69,523.72
544.4441,548.1708,540.78754,544.5187,521.08,523.26,514.01,514.77
550.4372,554.2626,546.8098,550.3153,515.76,517.18,501.42,515.73
563.84973,567.60986,560.4035,563.66315,515.48,528.01,514.91,526.26
560.5978,564.45355,556.79285,560.37115,526.16,526.55,521.09,525.22
558.7529,562.7228,554.792,558.61835,525.67,531.47,522.45,529.9
558.03687,562.06384,553.92065,557.8467,532.3,532.54,524.17,526.48
550.97314,555.57983,546.30707,550.4839,523.38,527.45,519.89,526.36
543.93225,548.4951,538.9015,543.45276,523.79,525.37,513.65,513.73
543.92303,548.4405,538.8563,543.438,514.38,515.27,501.92,508.56
553.0011,557.3794,548.36707,552.7844,507.07,515.81,505.06,509.6
554.1421,558.48706,549.70935,554.11804,509.35,518.48,502.82,517.31
561.10034,565.2352,556.6819,560.979,522.08,528.74,517.59,528.47
559.46027,563.5527,554.80383,559.1522,529.44,534.6,528.06,531.63
557.00934,561.0988,552.20544,556.6144,531.54,531.54,523.85,525.21
549.8954,554.35913,544.6509,549.38306,524.26,524.43,516.0,518.56
549.79004,554.1853,544.76,549.5548,519.96,520.37,514.03,519.2
543.0288,547.54364,537.57996,542.6713,518.28,528.33,516.17,527.41
542.0929,546.49023,536.73206,541.9406,528.29,534.76,524.86,528.32
552.6859,556.9624,547.647,552.52844,531.44,537.71,530.45,537.46
552.80115,556.89075,547.8956,552.6734,539.65,546.1,539.3,543.57
554.4448,558.5986,549.5608,554.35205,545.76,552.12,542.21,551.19
563.2726,567.33563,558.38074,562.7994,554.48,564.45,552.83,564.4
564.50464,568.6966,559.4695,563.96545,563.02,566.29,559.46,560.14
577.02765,581.0819,572.2918,576.20825,561.81,562.46,557.18,558.55
574.3607,578.5305,569.6839,573.84924,559.26,559.81,554.39,558.36
575.9925,580.1123,571.339,575.57654,559.16,559.36,544.24,552.41
574.6489,578.9043,569.87524,574.3425,549.48,550.83,541.06,543.45
581.7865,586.11523,577.1029,581.4519,540.02,547.11,537.27,543.17
581.45215,585.73975,576.67834,581.1586,544.9,553.43,542.96,552.38
583.24744,587.5023,578.4835,582.9817,556.53,556.53,547.43,554.81
581.2355,585.687,576.12195,580.8109,555.62,561.36,554.52,560.58
568.8517,573.6819,562.94763,567.9241,558.98,562.06,556.37,559.02
575.33716,579.9966,569.97034,574.9955,556.47,558.35,553.5,557.31
570.14734,574.7785,564.0925,569.121,555.77,556.46,546.96,549.84
578.7181,583.2589,573.2998,578.2549,550.75,550.79,544.07,550.25
583.4547,587.8084,578.3525,583.194,547.76,548.12,540.04,542.79
581.81476,586.3028,576.547,581.38513,542.71,543.83,537.85,541.52
582.6599,587.2551,577.3243,582.4663,543.37,552.04,542.51,551.85
571.59436,576.43384,565.4909,570.73944,552.72,553.48,547.01,553.38
594.56226,599.4088,589.65955,594.6471,555.33,556.05,548.89,554.84
587.847,592.3749,582.2874,587.2526,553.63,563.45,552.73,563.4
594.98206,599.53815,589.4955,594.4302,563.64,571.08,559.47,563.07
595.06934,599.4109,589.6155,594.47375,563.71,578.37,563.67,577.07
592.9662,597.5581,587.306,592.4037,579.41,580.86,570.28,574.42
587.86194,592.44885,582.0418,587.28516,575.6,578.28,572.23,575.66
589.475,594.21814,583.6699,588.9918,577.08,577.98,573.18,573.7
584.79565,589.56323,578.8222,584.3955,576.74,582.8,575.0699999999999,581.07
587.099,591.85864,581.2634,586.88525,581.75,583.84,578.8,580.74
570.7317,575.8458,563.79553,569.7484,581.75,583.41,579.33,583.13
566.6375,571.9923,559.76416,566.06415,582.16,584.82,578.0,580.6599999999999
572.97186,577.9801,566.6508,572.68823,576.08,577.94,564.58,569.53
564.6278,569.52515,557.9839,564.171,570.02,575.14,567.82,574.5
566.32324,571.17993,559.7064,565.7937,564.36,575.01,563.46,569.54
563.67725,568.4463,557.2144,563.39355,570.34,579.26,569.86,577.59
567.9989,572.61066,561.74585,567.61273,581.0,583.61,576.45,583.27
567.7085,572.1028,561.6989,567.5658,584.14,584.2,574.98,583.18
561.90424,566.3025,555.6034,561.5012,586.3899999999999,586.79,580.61,581.06
574.449,578.8546,568.7099,574.24414,577.94,579.4,567.05,572.16
573.84973,578.135,568.1135,573.5844,591.38,595.17,580.41,593.45
572.92786,577.4182,567.13367,572.65137,590.13,592.77,583.63,587.86
582.2289,586.5572,576.6911,581.8621,589.1,598.01,588.98,593.11
586.26587,590.34973,581.0877,586.08777,591.61,596.21,590.88,594.3499999999999
583.1469,587.338,577.7309,582.7741,594.82,597.86,590.15,591.73
582.172,586.4487,576.74805,581.83563,588.78,590.24,585.42,587.41
581.9639,586.3727,576.4735,581.6621,586.46,590.88,583.15,588.98
579.83606,584.40027,574.24585,579.5747,587.14,588.09,581.92,584.01
577.49414,582.09656,571.82544,577.2411,584.94,587.89,582.4,585.81
570.7947,575.5904,564.72107,570.3286,579.01,582.05,568.44,570.03
569.28564,574.00476,563.2361,568.9032,568.84,574.38,561.31,564.52
570.8065,575.4082,565.08057,570.7074,567.48,573.77,562.56,571.58
576.8729,581.33795,571.2272,576.6277,568.49,570.41,561.07,563.52
577.83234,582.3544,572.18085,577.56976,560.24,569.14,558.47,564.82
582.4007,586.7948,576.8157,582.031,566.44,568.33,559.56,561.82
585.15076,589.3983,579.7827,584.82635,562.02,568.69,558.82,567.21
589.3351,593.59247,583.9495,588.91833,568.43,568.93,564.45,566.33
579.95184,584.53394,574.0454,579.2893,562.97,564.35,559.34,561.19
581.4917,586.07446,575.80383,581.0746,565.76,573.43,564.2,573.21
579.6659,584.1809,573.88086,579.23914,574.6000000000001,576.32,569.32,573.08
575.2245,579.9783,569.2046,574.9001,576.28,577.79,568.96,571.91
571.6848,576.39343,565.55554,571.2713,574.53,582.91,574.42,580.57
579.80164,584.45233,573.91846,579.4673,583.4,585.73,582.4,585.25
584.445,588.9093,578.71326,584.0226,584.28,585.09,580.97,582.89
588.34656,592.6145,582.9619,588.12115,582.22,582.9,579.55,581.77
594.91595,599.17755,589.62695,594.5362,581.99,583.63,579.05,580.96
585.2473,589.7998,579.37354,584.47546,583.12,583.4,577.41,578.6099999999999
580.7522,585.4639,574.84314,580.3048,579.67,580.21,575.0,576.28
587.53284,592.22375,581.76764,587.02637,575.69,576.91,568.54,569.44
574.5559,579.64276,568.1447,573.8641,568.0,571.68,565.55,567.64
577.2676,582.09717,571.3141,577.09,569.77,570.47,565.52,570.03
575.5596,580.25024,569.34155,575.0397,570.28,576.25,569.63,575.75
576.7235,581.4164,570.71484,576.4916,578.41,581.39,573.4300000000001,576.36
568.0504,572.9636,561.53345,567.55945,578.41,584.4,577.63,580.39
569.1735,573.95325,562.8967,568.7865,582.38,584.94,580.36,584.48
576.0438,580.5713,570.21606,576.0399,584.99,590.15,584.69,588.11
577.2408,581.7245,571.4404,577.09564,587.29,587.39,578.41,579.42
563.208,568.0271,556.58264,562.4673,579.91,581.9,575.36,581.5
570.3484,575.26337,564.1764,569.7147,578.77,580.22,574.68,579.76
560.55066,565.4267,554.04724,559.95135,579.41,580.05,572.89,574.04
545.75964,551.2228,538.31616,544.6865,571.37,573.38,566.65,571.53
535.1111,540.5066,527.6794,534.41223,571.19,579.91,571.09,578.36
540.38855,545.4918,533.6149,540.2691,578.42,585.91,577.19,583.17
526.79974,531.3739,519.61566,525.8198,585.39,587.93,583.4,587.66
523.64294,528.1839,516.4434,522.7766,589.88,594.85,587.89,594.45
512.8656,517.8133,505.49734,512.1348,592.19,592.32,581.86,585.76
520.8558,525.0293,514.376,520.32635,585.24,585.24,579.41,579.54
525.9578,529.82715,520.4082,526.06964,579.87,588.02,578.93,586.38
534.2689,538.1813,528.8221,534.2157,585.94,586.37,572.61,573.49
543.73114,547.5133,538.8292,543.6267,574.48,577.66,573.0900000000001,575.52
538.0035,541.8312,532.93134,537.6846,570.18,576.61,569.61,574.78
540.3885,544.1674,535.3052,540.0034,575.35,578.26,571.28,575.78
547.7781,551.45404,543.1575,547.57324,574.43,576.0,565.46,566.71
548.8922,552.7267,544.26154,548.7472,565.76,570.34,561.78,568.52
548.23126,552.14935,543.50256,547.88544,571.48,575.64,570.93,573.7
558.4252,562.22064,554.3677,558.7111,577.22,579.41,572.87,575.77
553.80676,557.6168,549.20654,553.50867,572.83,573.69,562.2,562.2
552.1568,556.1185,547.48303,551.8283,564.02,572.31,555.96,570.93
545.36346,549.8097,540.27106,544.9887,569.62,569.93,557.53,559.34
541.8804,546.09576,536.7903,541.5835,556.19,563.58,542.56,543.0
540.834,545.189,535.8871,540.7871,543.5,548.0,531.64,531.75
547.3657,551.5665,542.53174,547.15125,537.42,545.69,531.71,536.47
549.57874,553.63354,544.9762,549.4463,529.56,531.34,516.88,528.58
546.10425,550.22485,541.3305,545.9414,517.58,527.98,513.59,523.07
544.76105,548.95624,539.8466,544.5952,525.81,529.53,507.14,509.77
543.55023,547.7444,538.6776,543.4611,508.06,520.33,506.71,519.41
535.4077,539.8236,530.00525,534.99164,523.75,525.35,517.69,525.1
535.95056,540.29004,530.5718,535.7412,528.44,538.32,527.35,531.25
535.6212,539.7582,530.39124,535.31104,537.84,545.72,534.38,542.49
533.68195,537.57776,528.4294,533.33545,542.87,543.39,534.32,538.3
538.057,542.1399,533.22754,538.3123,535.56,542.92,535.56,539.29
538.9823,542.9535,533.9658,538.785,541.51,547.48,540.14,547.4
540.9472,544.8083,536.02527,540.7616,548.49,552.67,545.48,547.83
538.9566,542.7797,534.0995,538.7853,547.45,551.29,542.02,548.8
540.202,544.05273,535.435,540.0973,557.82,558.04,553.23,557.55
533.03345,537.14795,527.74457,532.5825,553.98,556.37,551.72,553.7
532.7981,536.7583,527.79913,532.6067,551.49,553.98,547.8,552.59
531.30133,535.26404,526.16095,531.0116,555.28,555.28,542.56,544.43
535.77625,539.7003,530.968,535.537,544.01,545.39,539.49,540.56
524.1669,528.1944,518.7738,523.59424,544.71,544.71,537.2,539.53
527.04395,531.0792,522.0802,527.0171,539.98,548.09,539.54,545.99
531.48236,535.4127,526.44293,530.8516,546.99,550.43,544.8,548.78
526.2633,530.3611,521.21027,525.963,548.88,548.95,543.68,545.81
529.25397,533.1631,524.4706,529.17285,548.29,548.29,541.99,543.89
518.7405,522.76587,513.364,518.13196,545.18,545.18,540.67,542.91
514.2158,518.39624,509.07175,514.1078,542.09,542.3,532.6,535.04
493.90585,498.54324,487.59418,492.7627,536.03,540.46,532.71,533.57
505.9956,509.92657,500.951,505.96423,533.54,536.77,528.63,535.52
510.84088,514.64996,506.47577,511.203,529.8,533.64,529.63,533.37
514.71204,518.4442,510.33105,514.7264,540.13,540.66,535.09,536.03
524.0454,527.63696,519.9182,523.9937,536.18,541.21,534.15,537.79
530.38904,533.9442,526.4913,530.4546,537.52,542.49,537.13,539.6
527.3991,530.9431,523.43005,527.43066,539.4,540.07,535.57,538.89
532.33167,535.9108,528.4238,532.3058,539.14,540.52,535.13,540.35
529.885,533.5587,525.73413,529.8084,537.42,539.93,530.4,532.34
528.96606,532.6072,524.8456,528.9128,532.05,534.03,528.35,532.29
526.0047,529.9122,521.69995,526.04376,529.98,534.53,527.81,529.87
525.0081,528.9892,520.66766,525.10205,529.71,535.87,527.14,535.84
513.345,517.52515,508.35934,512.96375,529.55,531.43,522.84,523.82
502.32346,506.77258,496.973,501.9272,525.69,529.55,522.36,525.54
502.14978,506.19614,497.35944,502.31876,520.71,532.73,519.07,531.91
500.59845,504.42996,495.7146,500.2069,531.62,534.86,524.12,524.62
496.54068,500.47513,491.82794,496.5959,526.35,532.46,525.66,526.89
491.5799,495.24835,486.8694,491.42297,522.08,527.05,517.24,517.24
497.222,500.98157,492.9549,497.4873,521.31,521.67,511.86,512.39
500.22113,503.7701,495.98712,500.0337,510.16,511.65,487.66,494.03
500.79224,504.47064,496.99213,501.13898,495.64,505.61,495.45,503.51
506.765,510.2209,502.97842,506.82526,511.55,512.46,503.32,509.7
506.6405,510.22958,502.9444,506.98138,510.11,516.3,505.52,514.94
516.42114,520.0075,512.75745,516.3893,514.67,525.02,514.67,523.43
532.69934,536.26013,529.4133,532.6218,525.56,533.1,524.85,529.14
537.9933,541.479,534.9099,538.1228,529.06,530.3,525.58,527.32
531.94794,535.69415,528.4441,531.9247,527.32,532.79,525.87,532.57
517.0594,521.19037,512.5353,516.57855,530.73,534.01,528.56,528.88
510.50082,514.8699,505.92822,510.41583,526.64,529.7,525.69,528.97
508.3075,512.2949,503.98315,508.20435,529.8,531.14,524.36,524.96
534.8887,539.00574,530.9851,534.60547,527.56,529.82,522.67,523.37
524.6498,528.6501,520.69574,524.229,521.83,522.89,511.66,512.46
527.9236,531.8988,524.0531,527.8774,513.59,514.76,499.68,500.59
522.57556,526.75885,518.3241,522.34845,505.61,505.86,498.28,499.73
526.61346,530.5223,522.70966,526.60535,496.63,502.1,489.66,501.3
531.1927,535.2315,527.12366,531.0257,503.38,503.54,493.44,494.81
526.93646,530.876,522.76245,526.72986,493.58,494.62,486.23,491.2
535.27094,539.2339,531.32513,535.1367,497.47,501.6,491.04,494.82
534.874,538.72974,530.9194,534.84534,493.3,501.85,491.65,499.5
541.3567,545.3159,537.4221,541.23114,504.19000000000005,504.3,496.4,500.42
547.7694,551.58496,543.98535,547.7089,498.64,506.8,498.63,506.69
541.5674,545.6351,537.2374,541.2571,509.6,511.1,504.63,505.51
538.9261,543.0509,534.4004,538.6289,505.86,517.86,504.81,516.62
541.7754,545.6526,537.40753,541.58417,520.05,534.86,518.28,532.93
537.62146,541.7135,533.0733,537.4699,534.12,540.69,531.54,538.47
530.4995,534.6072,525.636,530.1904,537.06,537.52,528.22,533.74
534.9002,538.9355,530.18896,534.6099,528.52,529.25,516.77,517.21
543.2866,547.30615,538.79834,543.0012,521.35,521.56,508.6,508.6
553.2157,557.2462,548.9564,552.72095,509.6,509.69,499.83,509.26
557.87836,561.8751,553.5624,557.4562,514.45,538.39,514.11,533.06
569.159,573.01697,565.14764,568.59375,530.27,531.54,517.13,527.03
571.15186,575.0012,567.1553,570.7003,526.55,531.94,521.83,527.79
571.37396,575.4038,567.10095,570.83563,527.79,531.21,519.84,521.33
574.4584,578.49634,570.3131,574.23584,522.36,527.05,520.66,526.14
566.6433,571.12366,561.8196,566.1539,526.2,535.73,524.97,529.55
567.1699,571.57263,562.4076,566.78406,526.55,530.54,524.58,526.38
553.9037,558.6495,548.36707,553.28937,527.85,536.23,525.48,535.47
551.6312,556.41174,546.13196,551.4137,533.83,536.98,531.92,534.5
555.04517,559.5632,549.85675,555.0271,535.78,543.33,533.21,541.44
547.1415,551.97656,541.23517,546.60516,541.86,548.4,541.64,547.51
553.90027,558.4477,548.54614,553.672,545.33,548.49,539.61,541.35
550.0281,554.3135,544.57605,549.70184,539.92,544.0,536.04,538.22
557.3847,561.79504,552.1825,557.0156,536.57,541.62,536.54,541.38
557.4832,561.61096,552.3836,557.2909,541.64,542.26,534.33,537.47
559.87976,563.99506,554.97455,559.91376,534.58,534.97,527.96,530.45
557.7362,562.00903,552.49585,557.44617,528.55,535.32,526.8,534.62
570.165,574.5201,565.05457,569.71405,534.43,544.72,533.98,542.38
558.4652,563.0322,552.76825,557.7625,541.72,554.62,540.02,553.96
553.4888,557.9409,547.81995,552.94604,552.72,563.16,551.39,556.87
548.5392,553.0575,542.69226,548.1508,559.0,570.58,557.22,569.78
551.8053,556.16187,546.38605,551.79175,568.89,573.81,564.97,572.07
548.3613,552.7495,542.5745,548.01117,570.3,575.53,566.45,571.8
542.23596,546.79663,536.27484,541.7826,573.45,576.33,571.84,573.75
535.06287,539.4178,529.0695,534.65906,573.31,575.1,565.21,566.13
535.9809,540.2494,530.1389,535.5548,565.31,568.71,561.99,567.29
538.2283,542.3838,532.66235,538.09717,562.71,563.3,553.21,553.49
541.93335,545.8989,536.6498,541.8073,553.62,556.61,549.17,549.67
538.99,542.94617,533.72125,538.72314,551.99,554.85,548.95,553.99
539.219,543.18024,534.0696,539.15796,551.98,556.87,542.73,545.82
539.44073,543.4471,534.12463,539.15393,549.44,555.33,544.51,552.99
529.2584,533.4017,523.5548,528.6711,550.2,552.28,546.5,549.33
530.94073,535.0956,525.46387,530.48566,550.99,558.25,545.5,557.97
533.5689,537.4225,528.3773,533.3321,557.86,559.26,554.62,556.46
522.4105,526.4105,516.79395,521.8663,560.11,560.18,557.52,558.83
534.71594,538.6669,529.72314,534.52423,558.9,560.82,554.31,557.28
534.3652,538.1738,529.5591,534.3968,561.02,573.02,559.67,568.63
538.0359,541.85583,533.28436,537.80066,568.94,570.69,557.21,557.26
546.81445,550.6553,542.3137,546.5661,556.06,557.37,549.14,553.65
565.4087,569.3124,561.7184,565.6752,551.49,553.76,546.63,546.84
555.49133,559.59357,550.937,554.9649,550.11,551.95,546.67,550.52
553.43274,557.3814,548.92053,553.0514,548.49,553.19,545.22,546.5
549.6311,553.7169,544.80817,549.14844,547.1,549.63,538.02,541.07
537.6436,542.24274,532.23553,536.99744,539.37,539.37,532.39,534.06
538.0912,542.47156,533.09033,537.93115,530.76,536.94,528.12,535.3
541.96875,546.27936,537.02844,541.8417,536.61,541.2,534.53,535.55
531.89685,536.28204,526.4751,531.4983,536.91,542.36,536.91,540.13
525.0953,529.58984,519.54034,524.73083,539.55,540.47,534.02,539.3
532.005,536.23883,526.7593,531.65344,540.81,540.81,535.84,538.53
537.5873,541.88367,532.78,537.3678,536.94,542.57,535.84,537.69
537.65405,541.6919,532.84467,537.5356,534.78,536.1,526.65,528.94
528.6166,532.6655,523.4041,528.06805,527.25,533.27,521.79,531.07
531.7023,535.7383,526.7703,531.63904,528.45,534.12,528.16,532.34
539.5083,543.3727,534.9509,539.479,527.21,528.39,519.58,522.62
533.7709,537.8471,528.9142,533.5553,524.16,534.62,523.06,533.91
532.6932,536.62415,527.7716,532.44916,536.04,537.91,532.21,532.51
538.9208,542.8552,534.21,538.8025,532.94,539.6,530.29,537.89
539.4342,543.40186,534.68677,539.1647,539.52,549.45,538.75,545.5
542.641,546.4546,537.9817,542.355,564.55,569.58,555.72,563.51
541.391,545.1664,536.68054,541.15356,563.39,565.95,553.2,555.37
532.3323,536.4143,527.2545,531.8822,554.64,556.02,550.37,553.68
540.45264,544.4061,535.7775,540.21375,550.47,553.68,546.91,549.08
540.1294,543.8994,535.5751,539.95276,547.87,548.59,535.05,537.34
532.6968,536.7751,527.7599,532.4178,538.43,539.54,532.1,537.9
534.576,538.66266,529.94684,534.6379,538.53,544.07,535.06,540.78
540.20276,544.27783,535.42395,539.8235,538.21,539.74,530.39,530.8
541.1538,545.089,536.62787,541.00305,531.24,532.38,521.09,524.22
537.04364,541.03894,532.27905,536.7727,523.99,533.46,521.75,530.7
534.2417,538.22125,529.44727,534.1091,536.65,541.15,525.0,538.22
528.0037,532.1791,522.89636,527.77594,538.37,541.98,535.4,535.7
527.4181,531.4839,522.49506,527.3209,531.6,533.21,525.26,529.04
538.20264,542.1799,533.6216,538.17896,530.56,534.32,528.66,529.62
535.3916,539.3281,530.8203,535.3987,533.77,539.0,532.41,538.4
532.4629,536.2398,527.7528,532.32227,539.18,539.27,530.38,533.85
526.75757,530.59485,521.83887,526.49567,532.01,534.82,528.85,532.3
529.08984,532.952,524.4196,529.2011,533.98,540.66,533.04,537.36
529.73047,533.5962,525.09186,529.7579,538.49,542.92,532.97,539.27
537.8342,541.65497,533.41846,537.8571,537.95,543.84,535.98,542.51
536.66064,540.4222,532.2792,536.63983,540.15,544.19,539.51,540.11
540.08276,543.9807,535.68555,540.1387,538.12,539.0,529.88,532.32
540.2513,544.09625,535.89636,540.1539,532.8,540.55,531.71,539.79
537.92804,541.799,533.484,537.8827,538.01,540.61,536.25,539.78
536.7588,540.7716,532.13794,536.7158,537.37,538.63,531.45,532.11
532.9656,537.06885,528.2189,532.8928,536.79,536.79,529.76,533.99
522.26654,526.3873,516.85535,521.6725,532.93,543.0,531.33,539.18
522.712,526.83716,517.7986,522.85645,539.91,543.5,537.11,540.31
523.11523,527.1747,518.32336,523.2147,537.76,540.59,534.32,536.7
524.76337,528.558,520.0911,524.81445,536.35,537.2,532.52,533.33
523.5983,527.3803,518.76306,523.34576,533.31,534.12,526.24,526.83
523.91644,527.84,519.2512,523.6756,527.56,529.2,523.01,526.69
517.7054,521.5722,512.7796,517.46094,529.36,538.36,529.35,536.69
522.8276,526.587,518.4789,523.20355,538.42,538.98,533.02,534.61
531.9432,535.69183,527.811,532.1723,531.6,533.12,530.16,532.33
546.4195,550.18445,542.46484,546.1484,528.0,528.3,524.0,527.2
561.27136,565.06366,557.3701,560.6094,528.4,529.64,525.56,528.15
560.3827,564.09033,556.4978,559.9485,529.37,530.98,525.1,529.26
579.4358,583.09534,575.84985,578.8159,531.0,538.15,530.79,536.73
675.8873,676.55646,674.19763,674.00055,537.21,538.25,533.01,536.69
658.11365,660.6522,655.7388,657.318,539.59,543.74,537.53,538.19
661.6666,664.42847,658.1377,659.5812,539.64,541.5,535.25,540.48
664.46936,667.6567,660.4324,662.06177,540.0,540.0,535.66,537.84
643.8801,648.1083,638.9957,641.67365,538.87,540.9,535.23,535.23
625.3092,630.8589,619.5575,623.51447,537.26,537.76,531.35,531.69
629.901,635.3309,624.464,628.6918,525.01,528.61,520.54,521.52
629.2885,634.693,624.2147,629.01465,526.02,526.25,520.5,520.51
632.09973,637.45886,626.8652,631.69104,524.73,525.69,518.23,521.84
632.2201,637.5925,626.6863,631.57495,521.08,524.65,521.08,523.4
627.75977,633.1152,621.9337,627.3292,519.5,525.25,519.0,522.86
632.9541,638.1981,627.1402,632.4178,523.13,526.18,515.18,525.02
631.4254,636.64105,625.29663,630.816,521.05,522.73,516.11,516.83
645.76624,650.9899,639.8772,645.00635,523.12,523.77,520.35,520.68
641.15393,646.2666,635.1703,640.4144,526.29,532.56,525.55,530.13
635.54596,640.9807,629.05804,634.751,532.88,547.11,532.4,546.55
636.39685,642.07635,629.85364,635.9695,546.76,565.85,546.71,561.1
666.319,671.886,660.73645,666.37634,560.13,566.5,556.79,560.22
658.8881,663.9125,652.8628,658.2762,565.12,580.68,565.0,579.85
657.53973,662.881,651.01434,656.7232,649.0,674.47,645.0,672.93
658.24536,663.4141,651.88306,657.5373,659.24,668.88,653.01,663.02
660.4632,665.72974,654.2029,659.8048,655.21,673.0,654.3,662.3
657.72595,663.2312,651.2616,657.20544,660.89,678.64,659.0,662.1
662.8817,668.3971,656.43884,662.08777,661.27,663.63,641.0,644.28
648.36536,654.27203,640.99347,647.0996,647.0,648.17,622.52,623.56
613.70544,620.6584,604.77576,612.18494,621.0,634.3,620.5,627.26
585.9037,593.0166,575.1152,582.9678,632.83,632.83,623.31,628.0
591.17993,599.97534,582.1885,592.44446,628.8,633.36,622.65,631.93
632.3305,638.9741,624.88477,632.8493,630.0,635.22,622.05,632.59
637.77484,643.31586,630.8017,637.90686,631.38,632.91,625.5,625.61
630.8508,635.91315,623.4482,630.1417,625.34,633.06,625.34,631.21
621.7744,627.423,613.7072,620.6829,628.4200000000001,634.81,627.16,629.25
599.09314,604.92395,589.9663,597.32275,634.33,647.86,633.16,643.78
616.099,622.0831,608.75336,616.1349,645.0,645.38,632.25,642.68
608.97473,614.8274,601.1695,608.7774,640.23,642.68,629.71,635.3
601.26636,606.7549,593.4231,600.87775,639.48,643.44,631.25,633.73
616.6929,622.3095,609.7793,617.06354,669.2,674.9,654.27,660.78
616.11664,621.73,608.8462,615.9252,663.08,665.0,652.29,659.56
622.63165,627.7972,615.7104,622.0216,659.32,664.5,651.66,656.45
626.04663,630.89734,619.5217,625.5078,655.01,659.85,652.66,657.12
623.68524,628.5966,617.23425,623.301,656.8,661.38,651.24,660.87
636.4082,641.45874,630.1033,635.6514,661.9,664.0,653.46,656.13
636.7897,641.46844,630.79645,636.25793,656.6,667.0,654.19,660.9
644.8116,649.796,638.6434,643.7443,655.46,662.99,642.9,646.83
629.63403,634.6696,622.92615,628.2892,639.78,640.05,612.33,612.48
635.30676,640.6289,629.3712,634.78094,573.0,599.33,565.05,589.61
621.30756,626.65,614.41156,620.3123,614.91,617.45,581.11,582.06
625.2739,631.0063,618.64404,625.0552,610.35,631.71,599.05,628.62
625.2909,630.8262,618.4023,624.4949,639.4,643.59,622.0,637.61
614.3913,620.5138,607.12805,613.9687,632.82,636.88,624.56,630.38
596.25256,602.8506,588.01904,595.24677,627.54,635.8,617.68,618.25
598.6863,605.1228,591.1354,598.6186,602.36,612.86,594.1,597.79
611.2237,616.8944,604.5907,611.67773,605.59,614.34,599.71,614.34
610.7186,616.0669,603.8647,610.5226,617.0,619.71,602.82,606.25
625.5949,630.9016,618.78394,624.4662,600.0,603.47,595.25,600.7
641.81287,646.4766,635.8613,641.062,612.49,616.31,604.12,614.66
645.5448,649.9862,639.5393,644.4869,621.22,626.52,609.6,612.72
640.98267,645.9678,634.8312,639.9083,613.1,624.16,611.43,621.35
636.9995,642.31946,630.6545,635.8119,619.75,625.78,617.42,625.77
644.19385,649.39636,638.2825,643.5426,625.7,625.86,619.43,623.24
646.7842,651.8998,640.8902,646.1803,626.7,638.7,623.78,635.14
653.3713,658.56903,647.2976,652.3602,635.47,637.95,632.32,635.98
653.0345,658.1992,647.0397,652.3165,637.79,650.9,635.02,642.9
662.78735,667.7333,657.2189,662.08997,636.79,640.0,627.02,629.25
662.1677,667.13696,656.6322,661.6073,634.4,636.49,625.94,635.44
666.2776,671.2113,660.7075,665.5191,627.0,627.55,615.43,622.69
649.7665,655.53375,643.05396,648.57806,622.05,628.93,620.0,622.36
645.46954,651.706,638.8203,644.994,616.64,627.3200000000002,612.4,625.8
654.5819,660.5664,648.1684,654.1526,629.77,629.77,611.0,611.97
712.67236,717.597,707.81384,712.5964,610.34,614.6,589.38,594.89
711.791,716.1166,706.7612,710.5173,597.28,605.0,590.22,594.97
707.8848,711.90533,702.5504,706.2372,603.28,608.76,600.73,608.42
711.28345,715.4248,705.9566,709.47156,608.37,612.09,599.85,611.29
716.5475,720.83746,711.2506,714.91144,607.2,627.34,603.13,626.91
711.60583,716.30786,705.98206,710.2986,632.0,643.01,627.0,641.47
719.288,724.26953,713.6958,717.6514,638.84,649.25,636.53,645.44
721.6498,726.5104,716.17163,720.37317,649.24,650.61,632.15,642.36
728.96326,733.8581,723.4939,727.59503,641.36,644.45,625.56,639.16
733.1996,738.0802,727.7196,731.9326,640.0,645.99,635.32,643.61
732.7572,737.5879,727.3406,731.59753,642.09,648.5,639.01,646.67
724.94775,730.3246,718.7444,723.593,643.15,657.81,643.15,652.3
727.87,733.3262,721.8872,726.78204,653.21,659.39,648.85,651.16
737.0904,742.47437,731.35486,736.29346,654.66,663.1299999999999,654.46,661.74
732.1836,737.4651,726.0779,731.275,664.11,664.97,657.2,662.2
718.95325,724.8248,712.053,718.0326,661.18,666.82,659.58,666.1
728.0318,733.97375,721.4695,726.9613,664.04,664.72,644.2,650.28
727.07947,732.74243,720.7173,726.833,654.15,655.87,641.73,642.61
740.00885,745.5048,733.8568,739.29486,646.7,657.8,644.01,651.79
739.5105,744.7073,733.37396,739.22644,727.5,730.0,701.5,702.0
755.60754,760.74084,749.82495,754.7034,701.55,719.15,701.26,712.78
755.8564,760.79456,750.05396,755.0089,707.38,713.6199999999999,704.55,708.49
745.89844,751.206,739.43085,744.57916,707.3299999999999,712.98,703.08,712.95
749.31256,754.64685,743.27844,748.6178,710.5,718.26,710.01,716.9199999999998
750.995,756.345,745.03064,750.5044,715.73,718.0,710.05,710.81
744.426,750.2222,737.7799,743.70306,711.06,721.62,705.85,721.11
765.6118,771.1671,759.51855,764.14417,718.86,724.65,714.72,722.16
763.1924,768.558,757.0443,762.24255,722.0,733.1,721.9,728.11
752.4959,758.33545,745.6688,751.21094,729.47,739.48,729.47,731.25
765.1973,770.8011,759.0462,763.75867,731.5,735.41,727.01,733.76
761.62695,767.0614,755.5847,760.8492,730.2,734.71,719.43,724.89
761.1872,766.57886,755.03485,760.2271,724.4,730.59,718.5,728.32
749.4646,755.62115,742.27844,748.1034,732.46,741.0,730.23,735.4
750.42615,756.54895,743.8373,749.96704,731.0,737.8,728.65,731.23
740.11694,746.20776,733.0619,739.79047,729.1700000000001,731.15,716.73,717.0
744.2876,750.86163,737.32825,743.77014,715.6,729.49,711.33,728.96
747.28644,753.6748,740.3977,747.30426,729.29,731.84,723.03,725.3
756.0836,762.1908,749.53467,755.5548,727.58,741.41,727.0,740.0
751.42804,757.39514,744.74084,751.2484,738.74,742.0,737.43,738.41
741.9501,748.23956,734.56757,741.3163,746.53,757.92,743.0,756.6
748.4758,754.6405,741.9105,748.42365,757.45,762.71,751.82,755.98
751.0227,756.9835,744.5696,751.0687,752.0,755.28,737.63,748.28
750.1239,756.00793,743.64343,750.066,748.14,752.0,746.06,748.15
749.409,755.1465,742.9568,749.3975,748.46,753.41,747.49,750.26
761.51556,767.1633,755.30536,761.00415,748.81,754.93,741.27,742.6
775.91016,781.09973,770.08984,775.0692,747.11,768.95,746.7,767.04
769.57666,774.67224,763.57715,768.83704,768.9,775.96,758.96,762.38
759.3745,764.8451,752.8069,758.46686,766.01,768.99,745.63,752.54
738.82935,744.66284,731.3562,737.672,753.1,768.49,750.0,766.81
745.7239,752.4085,738.7449,745.6749,767.77,768.73,755.09,763.25
742.87195,749.2288,735.4324,742.1314,757.89,764.8,754.2,762.37
727.1146,733.617,718.90424,726.32275,759.17,764.23,737.0,751.61
718.7047,726.0442,710.51404,718.86523,752.85,755.85,743.83,749.46
716.2929,723.4142,708.5032,716.8094,741.16,745.71,736.75,738.87
728.5444,735.26184,721.3454,729.3053,741.79,748.73,724.17,747.77
704.97974,712.5708,695.7283,704.6172,753.0,758.08,743.01,743.4
714.4323,722.05725,706.1201,714.0241,750.0,760.59,739.43,758.09
695.7528,702.6133,686.4889,694.9926,762.42,762.68,749.0,749.43
705.4142,712.56854,697.44934,706.09937,746.51,754.13,738.15,739.31
696.2133,703.26276,687.144,695.3158,746.13,750.0,740.0,747.77
710.4065,717.3009,702.3094,710.25,751.65,754.85,745.53,750.0
728.307,734.0028,721.7433,728.8867,753.47,754.21,744.0,750.31
713.9009,719.9564,706.14233,713.45306,749.55,751.35,746.62,748.4000000000001
714.2499,720.3353,706.99,713.9584,752.92,762.99,749.52,762.51
702.04004,708.9238,693.9452,701.54395,766.69,779.98,766.43,776.6
732.0472,738.43823,725.5856,731.8849,776.6,777.6,766.9,771.0
741.2254,746.7793,735.07715,740.5944,769.5,769.5,758.34,758.88
751.552,756.6,745.85254,750.67883,743.0,744.06,731.26,741.84
768.7313,773.8828,763.08606,767.44556,746.45,752.0,738.64,742.58
728.0358,734.67194,719.4696,725.12537,730.0,747.18,728.92,743.62
709.7106,716.9217,701.6914,708.1047,730.31,738.5,719.06,726.39
686.1537,694.2038,677.5003,685.7664,731.45,733.23,713.0,714.47
682.458,690.4934,673.81464,682.3812,716.61,718.85,703.54,716.03
684.45996,692.6502,675.1511,684.2602,721.68,728.75,717.32,726.07
691.3705,698.6886,682.96674,691.86816,730.85,734.74,698.61,700.56
683.6615,690.33496,674.96387,683.22864,705.38,721.9200000000001,689.1,714.72
686.5864,693.2963,678.5471,687.0225,692.29,706.74,685.37,694.45
694.5901,700.9331,687.0438,695.05615,703.3,709.98,693.41,701.79
708.65247,714.4979,701.54944,708.4283,688.61,706.8499999999999,673.26,698.45
700.00244,705.8734,692.4253,699.6727,702.18,719.19,694.46,706.59
702.23535,707.95,695.0034,701.7928,723.6,728.13,720.12,725.25
709.254,715.00146,702.3977,709.10913,723.58,729.68,710.01,711.67
697.912,703.87427,690.3468,697.272,713.85,718.28,706.48,713.04
697.4789,703.603,690.0105,696.5651,713.67,718.23,694.39,699.99
704.8687,710.9291,697.9984,704.604,722.22,733.69,712.35,730.96
707.19794,713.2063,700.36456,707.1055,731.53,744.99,726.8,742.95
701.21313,707.34357,693.8171,700.6377,750.46,757.86,743.27,752.0
718.16296,724.14575,711.55304,717.363,784.5,789.87,764.65,764.6499999999999
718.2489,723.6045,712.0886,717.89105,770.22,774.5,720.5,726.95
712.0818,717.74756,705.5454,711.4172,722.81,727.0,701.86,708.01
711.8195,717.6094,705.4148,711.3594,703.87,703.99,680.15,683.57
694.6592,701.0866,687.2281,693.8356,667.85,684.03,663.06,682.74
696.5543,703.28503,689.06384,695.92694,672.32,699.9,668.77,678.11
706.0907,712.28925,699.4879,706.18604,686.86,701.31,682.13,684.12
713.7007,719.5621,707.26276,713.59607,675.0,689.35,668.87,683.11
727.0718,732.35944,721.1846,726.8102,690.26,693.75,678.6,682.4
731.19556,736.29346,725.1815,730.53394,692.98,698.0,685.05,691.0
728.53125,733.59283,722.37775,727.72266,698.09,709.75,691.38,708.4
735.1748,740.32935,729.06934,734.00256,710.0,712.35,696.03,697.35
739.15784,744.19836,733.33093,738.3923,695.03,703.08,694.05,700.91
736.8742,742.14417,730.98193,736.20154,707.45,713.24,702.51,706.46
741.1731,746.4002,735.36426,740.3308,701.45,708.4,693.58,695.85
741.3792,746.6117,735.4375,740.569,688.92,700.0,680.78,699.56
739.2261,744.71204,733.1074,738.5736,700.01,705.98,690.59,705.75
735.49585,740.97003,729.18066,734.7988,708.58,713.43,700.86,705.07
735.2787,740.95667,729.0104,735.0133,700.32,710.89,697.68,697.77
743.5307,749.35297,737.1873,742.64844,703.62,718.81,699.77,718.81
752.8274,758.1759,746.9417,752.30005,719.0,720.0,712.0,718.85
744.5,749.812,738.25,743.8114,718.68,719.45,706.02,712.42
748.42755,753.8048,742.0952,747.22687,714.99,716.49,706.02,710.89
746.23676,751.66724,739.92816,745.57227,706.9,708.09,686.9,695.16
738.52356,744.033,731.873,737.8829,688.59,703.79,685.34,693.97
745.6743,751.3203,739.27686,745.0698,698.47,705.68,694.0,705.24
740.8701,746.5909,734.26587,740.59766,708.12,716.44,703.36,712.8199999999999
740.4307,746.33887,733.8372,740.3071,720.0,726.92,717.13,726.82
738.71075,744.734,732.0029,738.72943,726.81,735.5,725.15,730.49
742.17456,748.1081,735.5999,741.90356,726.92,732.29,724.77,728.33
752.26245,757.8917,746.11145,752.10913,726.37,737.47,724.51,736.09
754.48285,759.78125,748.4404,754.3528,736.45,743.07,736.0,737.78
758.69556,763.90204,752.6415,758.0869,741.86,742.0,731.83,737.6
765.301,770.37946,759.41125,764.4508,736.5,742.5,733.52,742.09
754.0155,759.6953,747.2683,753.00555,737.46,745.0,737.46,740.75
753.5332,759.2055,747.2433,753.02734,742.36,745.72,736.15,738.06
758.26227,763.9407,752.1627,757.77313,732.01,737.75,731.0,735.3
717.82263,723.6848,708.68506,715.6798,736.79,738.99,732.5,733.53
725.5951,732.4803,718.14795,725.8624,734.59,747.25,728.76,744.77
710.6559,717.99835,702.176,711.0106,750.1,757.88,748.74,750.53
705.76807,713.05133,697.562,706.29456,749.25,750.85,740.94,744.95
696.65735,704.5386,687.676,697.20105,738.6,750.34,737.0,749.91
696.99365,704.14856,688.6597,697.91437,750.06,752.8,742.43,745.29
700.71796,707.52905,692.8088,701.8125,738.0,742.8,735.37,737.8
695.6339,702.1083,687.545,696.52716,735.77,746.24,735.56,745.69
698.4935,704.92804,690.3843,698.8916,745.37,747.0,736.28,740.28
703.69385,709.70483,696.1293,704.25635,743.97,745.45,735.55,739.15
711.7552,717.54443,704.25354,711.5779,743.02,745.0,736.05,736.1
715.45715,720.97864,708.30457,715.4199,738.0,743.83,731.01,743.09
723.95703,729.23926,717.3053,723.7721,749.16,754.38,744.26,751.72
716.3571,721.9496,709.29675,716.0115,754.01,757.31,752.71,753.2
714.4901,720.3602,707.52136,714.197,753.98,761.0,752.69,759.0
713.08044,719.056,706.1282,712.93555,760.46,768.05,757.3,766.61
716.567,722.56885,709.687,716.1406,769.51,769.9,749.33,753.93
708.9104,715.27893,701.52264,708.4571,758.0,758.13,750.01,752.67
708.19904,714.45526,701.08014,707.85645,755.38,760.45,749.55,759.14
701.8055,707.9772,694.5983,701.6574,726.3,736.12,713.61,718.77
711.93115,718.16296,705.0044,711.67883,716.1,723.93,715.59,723.15
706.85095,712.6911,699.8373,706.73,725.42,725.77,703.03,708.14
720.72766,726.43835,714.1643,720.1742,707.29,708.98,692.36,705.84
726.1783,731.3564,719.95703,725.7987,708.26,714.17,689.55,691.02
724.766,729.93054,718.422,724.18384,690.7,697.62,689.0,693.01
732.8185,737.9433,726.6832,731.9856,697.63,700.64,691.0,698.21
736.48737,741.50037,730.46063,735.7169,696.87,697.84,692.0,692.36
734.1425,739.1986,728.10474,733.5033,690.49,699.75,689.01,695.7
729.5564,734.92676,723.2906,728.9396,697.7,702.32,695.72,701.43
723.5125,729.3098,716.9203,723.146,698.38,711.86,698.11,711.12
718.38513,724.59143,711.5839,718.3027,712.0,718.71,710.0,712.8999999999999
719.56885,725.7737,712.9506,719.85266,716.75,723.5,715.72,723.18
729.2662,735.1948,723.0315,729.46893,723.41,724.48,712.8,715.29
728.73285,734.29114,722.26324,728.49744,717.06,719.25,709.0,713.31
720.5321,726.20746,713.4522,719.9508,711.93,716.6599999999999,709.26,710.83
721.31476,727.20355,714.29114,720.92633,709.13,718.48,705.65,716.49
719.61993,725.4704,712.6333,719.36523,715.99,721.52,704.11,706.23
721.30237,727.09033,714.56616,721.372,703.67,711.6,700.63,706.63
710.28107,716.3275,702.89746,709.9866,702.36,706.0,696.8,700.32
693.89087,700.8219,685.63684,693.6592,701.62,714.58,700.52,709.74
698.75415,705.7392,691.2561,699.58215,706.53,711.48,704.18,704.24
699.11646,705.8324,691.6067,699.8805,706.86,720.97,706.86,720.0899999999999
699.6188,706.0122,692.25415,700.31635,720.76,727.51,719.71,725.27
700.9212,707.2187,693.47845,701.0637,722.87,728.33,720.28,724.12
677.4619,683.74945,668.20483,676.3782,724.01,733.94,724.0,732.6599999999999
670.07056,676.9414,661.5956,670.4971,731.74,739.73,731.26,735.72
683.2406,689.9362,675.73065,684.55774,734.53,737.21,730.66,734.15
687.38586,693.5072,679.9167,688.26025,732.5,733.02,724.17,730.4
693.3311,699.0914,686.06006,693.59875,729.27,729.49,720.56,722.34
700.78876,706.21375,693.7738,700.7063,724.91,724.91,714.61,716.55
694.6978,700.07983,687.5846,694.47107,719.84,721.98,716.55,716.65
698.9557,704.6077,691.753,698.3346,723.96,728.57,720.58,728.28
695.20166,700.8751,688.24725,694.98816,722.87,729.54,722.34,728.58
706.3876,711.9766,699.9419,706.234,719.47,725.89,716.43,719.41
715.8308,721.10693,709.6658,715.48096,716.51,725.44,716.51,718.36
721.1413,726.19824,715.25476,720.75366,716.48,722.47,713.1199999999999,718.27
718.2655,723.48987,712.17554,717.7953,719.0,722.98,717.31,718.92
721.60455,726.80225,715.79736,721.1902,714.91,716.65,703.26,710.36
721.2842,726.6643,715.3341,720.90594,708.65,708.82,688.45,691.72
733.5873,738.94556,727.7119,732.54083,698.77,702.48,693.41,693.71
735.87036,740.81116,730.2134,734.9643,698.4,702.77,692.01,695.94
741.182,746.0044,735.72485,740.3729,699.06,700.86,693.08,697.46
738.34827,743.31055,732.6835,737.5488,697.45,701.95,687.0,701.8700000000001
742.01013,747.0326,736.4868,741.2654,675.1700000000001,689.4,673.45,675.22
739.9468,745.0309,734.2306,739.2629,671.0,672.3,663.28,668.26
738.5238,743.85266,732.5831,737.8623,678.97,680.33,673.0,680.04
742.44104,747.80255,736.5154,741.8219,683.0,687.43,681.41,684.11
745.5819,750.9617,739.78015,745.13025,685.47,692.32,683.65,692.1
771.7933,776.74896,766.6805,771.1781,692.2,700.65,692.13,699.21
770.8318,775.64856,765.0958,769.0948,696.06,696.94,688.88,694.95
770.33466,774.80695,764.78253,768.8521,689.98,701.68,689.09,697.77
771.2583,775.74243,765.7864,769.84644,698.08,698.2,688.22,695.36
770.6688,775.3606,765.15845,769.608,699.5,705.71,696.43,705.63
780.2665,785.0443,774.87103,778.927,708.05,716.51,707.24,715.09
779.8028,784.4325,774.54175,778.8954,719.12,722.94,715.91,720.64
783.61176,788.3728,778.1166,782.34717,723.62,724.0,716.85,716.98
783.5857,788.2551,778.2097,782.5908,721.58,722.21,718.03,720.95
784.4124,789.2446,778.8379,783.3448,725.73,725.74,719.05,719.85
781.6923,786.49207,776.0896,780.8248,722.71,736.13,721.19,733.78
782.2636,787.34204,776.4276,781.37036,729.89,736.99,729.0,736.96
776.1001,781.3103,769.977,775.3169,737.33,742.13,737.1,741.19
778.8789,784.15485,772.87915,778.17883,740.36,741.69,735.83,738.63
778.20447,783.5015,772.1072,777.71155,741.86,743.24,736.56,742.74
775.13153,780.3576,768.9491,774.6785,740.67,742.61,737.5,739.77
772.2174,777.5475,765.8771,771.85754,739.04,741.69,734.27,738.42
773.2899,778.74255,766.9988,773.15405,738.28,744.46,737.0,741.77
770.2602,775.7854,763.66656,769.9371,747.04,748.65,739.3,745.91
769.1188,774.7317,762.401,768.725,772.71,778.55,766.77,768.79
770.75415,776.42804,764.00574,770.3559,761.09,780.4300000000001,761.0899999999999,772.88
772.16223,777.6489,765.5952,771.76746,768.69,775.84,767.85,771.0699999999999
769.8795,775.3527,763.1978,769.4795,767.1800000000001,773.21,766.82,773.18
767.5371,772.9492,760.95874,767.3313,772.22,774.07,768.79,771.61
768.8367,774.40533,762.3246,768.6956,773.78,783.04,772.34,782.22
771.78577,777.2816,765.4729,771.74036,782.0,782.63,778.09,781.76
779.089,784.4798,772.8336,778.53064,781.1,788.94,780.57,784.26
779.40234,784.5391,773.29944,778.94073,783.75,786.81,782.78,784.68
775.146,780.39404,768.78644,774.5843,785.0,789.75,782.97,784.85
761.1776,766.99786,753.883,760.34937,781.5,783.4,780.4,783.22
767.93854,773.904,761.0042,766.9464,783.75,787.49,780.11,782.44
759.9335,765.77185,752.9436,759.6085,780.3,780.98,773.44,777.1399999999999
764.2986,770.1825,757.53394,764.03955,777.32,780.81,773.53,779.91
770.7976,776.48865,764.2208,770.2388,780.01,782.86,777.0,777.5
767.9656,773.2927,761.62225,767.77014,775.0,777.1,773.13,775.42
766.9829,772.6171,760.4042,766.67444,773.27,774.54,770.05,772.15
772.0217,777.43616,765.839,771.7704,775.48,776.44,771.78,772.08
774.77545,780.10315,768.6425,774.31506,770.58,774.5,767.07,769.64
786.084,791.1848,780.2156,785.22473,767.0,771.89,763.18,769.41
785.4306,790.2435,779.73755,784.808,769.0,776.08,765.85,769.54
773.67004,778.8827,767.18884,772.79126,768.74,774.99,766.61,772.15
782.38196,787.7464,776.21545,781.3174,769.33,774.47,766.84,769.09
779.4858,784.61865,773.4324,778.7732,767.01,769.09,765.38,767.05
776.15027,781.683,769.6554,775.3856,769.25,771.02,764.3,768.78
777.4844,782.93555,771.2772,776.9258,773.01,773.92,768.41,771.46
772.1666,777.6754,765.74896,771.7279,773.45,782.0,771.0,780.08
776.6474,782.1804,770.4877,776.3546,780.0,782.73,776.2,780.35
777.3075,782.7954,771.1062,777.0314,778.59,780.35,773.5800000000002,775.32
777.15967,782.50916,771.01587,776.8667,770.1,773.24,759.66,759.66
774.54675,780.0482,768.2186,774.16614,755.13,770.29,754.0,769.02
785.1904,790.5818,779.0134,784.2752,764.48,766.22,755.8,759.69
783.3092,788.58716,777.0371,782.5541,759.61,767.68,759.1100000000001,762.49
785.2747,790.3451,779.2947,784.5605,762.89,773.8,759.96,771.76
776.35364,781.5723,769.93365,775.6168,769.75,769.75,764.66,768.88
779.1427,784.62256,772.8436,778.62646,772.42,774.0,764.44,765.7
780.6259,786.1048,774.33435,780.1179,769.0,773.33,768.53,771.41
794.70294,800.03235,788.6934,793.6469,772.66,777.16,768.3,776.22
800.00995,804.7942,794.51416,799.219,780.0,789.8500000000001,778.44,787.21
795.6791,800.5388,789.8895,794.7871,786.59,788.93,784.15,786.9
796.9745,801.7263,791.27856,795.863,782.74,782.74,773.07,774.21
810.5289,815.17773,805.17883,809.13336,775.5,785.99,774.31,783.01
805.3495,810.11816,799.7445,804.19836,777.85,781.81,774.97,781.56
797.37,802.35,791.30664,796.0579,781.44,785.8,774.23,775.01
794.59174,799.9342,788.3927,793.4362,776.33,780.94,774.09,777.29
797.5416,803.4149,791.0737,796.344,774.25,776.07,769.5,772.56
785.0718,790.7948,778.3699,784.19867,776.03,778.71,772.89,776.43
783.09674,789.0119,776.3232,782.2108,779.31,782.07,775.65,776.47
769.2702,775.5105,761.6916,768.4675,779.0,780.48,775.54,776.86
764.0245,770.45013,756.61316,763.87646,779.66,779.66,770.75,775.08
763.3567,769.92645,755.4193,762.6186,777.71,789.38,775.87,785.94
783.5274,789.3621,776.9656,783.40454,786.66,792.28,780.58,783.07
789.2253,794.5846,782.7613,788.6139,783.76,788.13,782.06,786.14
782.2333,787.4536,775.20715,780.83655,781.22,781.22,773.0,778.19
762.80396,769.31885,754.43176,761.2038,781.65,783.95,776.0,778.53
755.7241,762.1099,748.1438,755.2877,779.8,785.85,777.5,779.96
737.8458,745.43756,729.12366,737.5341,787.85,801.6100000000001,785.57,795.26
762.06555,769.18005,754.8552,762.36194,798.24,804.6000000000001,798.03,801.5
763.0528,769.26587,756.00745,763.1111,803.3,803.97,796.03,796.97
771.1292,776.7324,764.6156,771.0795,795.0,799.5,794.0,799.37
762.3186,768.2427,755.07947,761.89417,804.9,815.1800000000001,804.82,813.11
768.7393,774.42004,762.1476,768.2395,816.68,816.6800000000001,805.14,807.67
769.74756,775.45044,763.1958,769.41296,806.34,806.98,796.32,799.07
760.31067,766.18115,753.38184,759.78503,801.0,803.49,791.5,795.35
763.03674,768.9133,756.5675,763.0012,808.35,815.49,793.59,795.37
769.8853,775.9502,762.97754,768.89856,795.47,796.8600000000001,784.0,784.54
771.9408,777.5293,765.58826,771.4126,782.89,789.49,775.54,783.61
758.81226,764.7755,751.63257,757.9656,778.2,781.65,763.45,768.7
747.3798,753.92065,739.77765,746.5167,767.25,769.95,759.03,762.13
751.9563,758.33594,744.9414,751.749,750.66,770.36,750.56,762.02
762.67377,768.74084,756.26117,762.77295,774.5,785.19,772.55,782.52
760.6766,766.6194,753.9736,760.561,783.4,795.6300000000001,780.19,790.51
768.9844,774.64355,762.57214,768.19055,779.94,791.23,771.67,785.31
774.8558,780.08496,768.7958,774.125,791.17,791.17,752.18,762.56
787.0706,791.8754,781.5154,786.0508,756.54,760.78,750.38,754.02
787.0647,791.63245,781.5073,786.0112,755.6,757.85,727.54,736.08
795.91595,800.59607,790.3854,794.5451,746.97,764.42,746.97,758.49
795.5526,800.23645,790.0464,794.2268,755.2,766.36,750.51,764.48
795.77905,800.5571,790.2184,794.3699,766.92,772.7,764.23,771.23
790.2866,795.35925,784.4269,789.11285,771.37,775.0,760.0,760.54
792.1973,797.37744,786.3833,790.87134,762.61,769.7,760.6,769.2
794.99854,800.0227,789.50635,794.15967,772.63,776.96,767.0,768.27
791.5705,796.67896,785.79675,790.6061,767.73,768.28,755.25,760.99
789.99335,795.08704,784.17664,789.2071,764.26,765.0,760.52,761.68
789.0593,794.2711,783.12646,788.38983,760.0,779.53,759.8,768.24
791.3943,796.7495,785.2851,790.4964,771.53,778.5,768.24,770.84
785.00793,790.45825,778.63525,784.26965,770.0700000000002,772.99,754.83,758.04
782.3103,787.71124,775.9717,781.65784,757.44,759.85,737.03,747.92
772.8146,778.6501,765.88403,772.32007,744.59,754.0,743.1,750.5
786.1449,791.93713,779.77545,785.54565,757.71,763.9,752.9,762.52
786.45685,791.8255,780.28064,786.1874,764.73,768.8300000000002,757.34,759.11
792.0277,797.1565,785.96075,791.27765,761.0,771.36,755.8,771.19
802.7282,807.64746,796.8229,801.434,772.48,778.18,767.23,776.42
804.249,808.87634,798.6455,803.3107,780.0,789.43,779.02,789.29
802.9894,807.66797,797.3358,802.048,785.04,791.25,784.35,789.27
804.59467,809.3424,798.9872,803.5094,793.9,804.3800000000001,793.34,796.1
802.6339,807.50476,796.92456,801.5999,797.4,804.0,794.01,797.07
806.6137,811.4768,801.0581,805.6657,797.34,803.0,792.92,797.85
801.77405,806.7279,796.0011,800.8757,800.4,800.8600000000001,790.29,790.8
803.38104,808.3562,797.7373,802.5528,790.22,797.6600000000001,786.27,794.2
801.7731,806.9408,795.7865,800.8665,796.76,798.6500000000001,793.27,796.42
803.1458,808.22266,797.44763,802.4579,795.84,796.6800000000001,787.1000000000001,794.56
814.8638,819.8801,809.16626,813.297,792.36,793.3200000000002,788.58,791.26
819.89465,824.4321,814.6969,818.73376,790.9,792.74,787.28,789.91
829.72076,834.01794,824.8063,828.14923,790.68,797.8600000000001,787.66,791.55
827.10596,831.45605,821.9675,825.5873,793.7,794.23,783.2,785.05
821.7544,826.67676,815.7063,819.64435,783.33,785.93,778.92,782.79
800.65344,805.77295,793.7832,798.7678,782.75,782.78,770.41,771.82
