index,Open_pred,High_pred,Low_pred,Close_pred,index,Open,High,Low,Close
0,303.7026,306.21188,301.01694,303.56232,30,305.32,305.32,300.15,301.64835164835165
1,302.54764,305.06247,299.6652,302.04877,31,300.28,303.27,297.75,302.1278721278722
2,301.6411,304.4682,299.1632,301.82962,32,301.36,302.68,300.08,301.18881118881126
3,301.7157,304.41193,299.18378,301.77127,33,300.81,307.79,300.31,305.85414585414594
4,305.2416,308.29242,302.57608,305.48187,34,304.84,307.24,302.22,302.83716283716285
5,303.9515,306.53812,301.2412,303.8717,35,302.37,302.83,299.05,301.92307692307696
6,301.6682,304.3106,299.23343,301.6464,36,302.54,304.68,301.62,303.81118881118886
7,304.06195,306.93134,301.46793,304.17648,37,302.16,305.04,301.4,303.51648351648356
8,303.60037,306.29535,301.09253,303.78186,38,303.86,308.73,302.71,308.0419580419581
9,307.16708,310.13895,304.5687,307.31616,39,308.14,311.63,306.6,307.972027972028
10,308.8366,311.51205,305.97916,308.74786,40,309.97,311.68,307.92,310.0399600399601
11,310.3022,312.89713,307.42883,309.97537,41,309.84,310.83,309.0,309.46553446553446
12,310.04318,312.64697,307.4519,310.00928,42,309.06,310.08,304.55,305.979020979021
13,306.67105,309.2723,304.0793,306.53815,43,302.89,303.27,295.81,301.34865134865134
14,300.2149,303.08725,298.17,300.60297,44,303.39,304.45,301.8,302.2677322677323
15,303.35687,306.4209,300.82187,303.55887,45,303.88,304.61,302.04,302.43756243756246
16,303.3032,306.10217,300.725,303.5326,46,302.84,304.81,298.88,299.00599400599407
17,300.538,303.21878,297.94064,300.50797,47,298.88,302.37,298.51,301.4435564435565
18,301.31403,304.36893,299.07974,301.81445,48,303.24,307.77,301.64,307.73726273726277
19,306.57227,309.78516,303.9742,306.98526,49,306.35,310.23,305.58,306.84315684315686
20,307.45575,310.13297,304.7631,307.54523,50,307.15,310.59,306.27,309.4055944055944
21,309.10883,311.89102,306.57596,309.16943,51,309.29,311.79,308.87,311.3536463536464
22,311.16788,313.93723,308.59616,311.28943,52,310.4,317.45,309.46,315.80419580419584
23,314.6637,317.62402,311.95255,314.8064,53,314.28,316.84,312.46,315.5644355644356
24,315.1184,317.81345,312.5606,315.1815,54,316.12,322.49,315.07,318.7962037962038
25,319.00412,321.86362,316.03732,318.8269,55,318.06,323.19,314.32,321.8181818181818
26,320.1563,323.12064,317.47928,320.31473,56,322.09,323.04,319.25,320.09490509490513
27,320.79303,323.39777,317.91504,320.48544,57,321.3,323.53,318.58,323.4515484515485
28,322.50217,325.36337,319.77783,322.49042,58,322.31,325.53,321.2,322.3026973026973
29,322.95517,325.68652,320.2119,322.96686,59,324.8,328.07,324.32,326.6533466533467
30,326.8591,329.73813,324.00055,326.76212,60,325.5,327.07,320.95,322.99200799200804
31,323.26816,325.94183,320.60428,323.29514,61,324.66,325.52,319.3,319.4205794205795
32,320.9756,323.68155,318.12506,320.62933,62,319.19,322.54,316.23,322.25274725274727
33,320.99872,324.18863,318.63678,321.5573,63,321.5,322.77,318.13,320.10989010989016
34,320.3663,323.2718,317.8378,320.67688,64,318.03,318.31,314.37,316.3886113886114
35,316.24948,319.03888,314.0289,316.65137,65,314.94,317.03,313.11,314.98001998002
36,315.20016,318.18567,312.98877,315.73712,66,313.07,316.48,311.48,314.2407592407593
37,314.18015,317.2065,311.96878,314.858,67,315.58,316.07,311.11,312.2577422577423
38,313.1017,315.94632,310.57532,313.30478,68,315.8,316.81,314.47,316.7932067932068
39,316.87793,319.849,314.22018,317.11362,69,319.98,325.35,318.93,324.29070929070934
40,323.68918,326.80573,320.73764,323.94797,70,322.57,323.28,310.61,311.13386613386615
41,313.0549,315.4035,310.14224,312.68036,71,310.34,310.74,299.71,301.9030969030969
42,303.16077,306.02353,300.84128,303.09592,72,303.14,307.69,302.37,303.64635364635365
43,305.03613,308.58722,302.7486,305.87967,73,302.89,305.26,300.28,302.5924075924076
44,302.7915,305.9099,300.55423,303.5936,74,301.71,306.98,298.38,298.53146853146853
45,300.6202,303.62122,298.1279,300.99005,75,301.0,303.29,296.8,296.91808191808195
46,298.86218,301.8677,296.32178,299.16068,76,295.34,298.11,294.0,297.6823176823177
47,297.10632,300.1974,295.06436,297.91254,77,298.0,302.18,297.54,299.51048951048955
48,300.07468,303.18628,297.66666,300.6124,78,300.87,304.53,300.31,303.72127872127874
49,303.42252,306.3763,300.8503,303.7828,79,304.31,307.85,303.71,306.5834165834166
50,306.45718,309.23315,303.80136,306.5907,80,306.36,307.22,304.16,306.34365634365633
51,306.19876,308.75803,303.65585,306.2048,81,305.35,306.89,299.18,301.29370629370635
52,302.1019,304.623,299.44336,301.8942,82,300.77,304.66,298.97,301.0889110889111
53,301.7578,304.60547,299.26764,301.8843,83,299.48,302.92,299.18,302.4975024975025
54,302.08453,305.01526,299.80923,302.56998,84,303.67,306.27,303.34,304.3706293706294
55,305.07346,307.84494,302.36942,305.08826,85,301.83,302.81,297.29,297.37262737262745
56,298.676,301.09415,296.18848,298.65027,86,296.39,304.14,296.39,302.6423576423577
57,301.73538,304.95154,299.38522,302.1676,87,301.63,307.3,299.23,305.24975024975026
58,304.44318,307.56036,301.86002,304.9146,88,302.28,307.04,299.78,303.43656343656346
59,303.32266,305.98938,300.69485,303.35977,89,305.34,306.94,303.98,305.6843156843157
60,306.1272,308.9038,303.45923,306.06284,90,304.04,306.13,301.26,301.48351648351655
61,302.7703,305.24936,300.0489,302.6635,91,299.27,303.11,299.17,300.8741258741259
62,301.21124,303.98193,298.94757,301.43045,92,301.54,306.35,300.75,304.4155844155845
63,304.453,307.53067,301.8738,304.75055,93,307.83,313.87,306.82,313.29170829170835
64,312.28864,315.39523,309.2176,312.28546,94,315.73,317.73,309.46,310.3596403596404
65,312.0443,314.4884,308.6729,311.38168,95,311.38,315.03,297.24,299.0809190809191
66,302.015,304.4406,298.62137,301.01587,96,299.13,306.7,298.88,305.90909090909093
67,304.8486,308.38135,302.53107,305.42322,97,305.57,305.76,296.89,299.2807192807193
68,300.38474,303.28357,297.64758,300.56107,98,299.7,303.66,297.45,303.5914085914086
69,302.35358,305.47742,299.83743,302.60364,99,303.44,304.82,298.32,300.70429570429576
70,301.4171,304.36554,298.82434,301.73013,100,299.38,299.74,293.04,294.6603396603397
71,295.47296,298.1021,292.96088,295.45428,101,296.79,298.45,293.06,296.0589410589411
72,296.41418,299.56915,294.03278,296.74954,102,292.98,294.84,290.68,293.01698301698303
73,293.09894,295.97382,290.896,293.6958,103,293.26,293.9,288.42,289.3456543456544
74,290.47598,293.31335,288.13364,290.64893,104,284.83,285.26,283.11,284.42557442557444
75,284.60202,287.459,282.86246,285.4008,105,284.05,289.16,283.94,288.21678321678326
76,287.74728,291.0877,285.65063,288.49557,106,286.65,287.99,282.18,284.14085914085916
77,284.8388,287.63654,282.50143,285.22614,107,287.16,289.9,285.73,289.2007992007992
78,289.02374,292.0023,286.4639,289.13498,108,292.7,292.85,287.55,288.0369630369631
79,289.71036,292.30734,286.72064,289.4231,109,286.85,289.42,286.22,289.14085914085916
80,288.78638,291.3797,286.3849,288.86578,110,291.01,291.57,282.29,283.18681318681325
81,285.40433,288.00256,282.56845,285.01465,111,283.82,284.09,278.25,281.4935064935065
82,281.7998,284.5144,279.3134,281.7633,112,279.81,282.44,278.3,279.4955044955045
83,280.46698,283.39557,278.26324,280.86847,113,279.6,281.48,277.22,278.4815184815185
84,279.46283,282.29556,277.05075,279.65918,114,279.12,281.21,277.5,281.1988011988012
85,280.78812,283.75095,278.467,281.09793,115,280.26,286.03,278.58,284.36063936063937
86,283.61505,286.62015,281.07416,283.9001,116,285.72,291.05,285.49,289.6803196803197
87,289.37994,292.22427,286.54462,289.30035,117,288.82,288.92,285.68,287.6773226773227
88,287.8255,290.13983,285.16568,287.53146,118,288.84,288.84,280.81,281.54845154845157
89,283.57516,285.85727,280.59625,282.78793,119,282.94,284.67,281.85,284.67
90,284.7382,287.54724,282.2327,284.71042,120,282.61,282.98,277.63,279.3006993006993
91,280.24875,282.79797,277.7478,280.20203,121,280.33,282.24,278.7,281.28371628371633
92,281.5032,284.34238,279.02896,281.49194,122,282.79,285.92,281.95,283.58641358641364
93,284.50125,287.30582,281.7104,284.44403,123,281.89,282.06,277.56,281.09890109890114
94,280.79236,283.2555,278.31915,280.68384,124,286.41,288.98,285.03,288.951048951049
95,288.81165,291.79886,285.85223,288.49658,125,289.82,290.41,287.17,289.1508491508492
96,289.54092,291.91293,286.51886,289.13843,126,288.92,293.11,287.92,292.81718281718287
97,291.9595,294.55463,289.2406,291.6527,127,293.28,298.91,293.17,296.8481518481519
98,296.95102,299.68753,293.99924,296.69714,128,295.12,295.65,290.32,291.8981018981019
99,292.56686,294.7399,289.71945,291.9667,129,291.38,293.2,289.54,291.91308691308694
100,292.13968,294.76144,289.61304,291.87793,130,293.99,295.11,288.29,289.7652347652348
101,291.33368,293.95798,288.30148,290.8591,131,287.07,287.85,281.42,284.53046953046953
102,284.7726,287.32867,282.36472,284.703,132,282.5,284.9,280.0,284.1758241758242
103,283.79678,286.88312,281.7014,284.2358,133,285.01,288.49,283.21,287.18281718281725
104,287.07672,290.17712,284.46,287.32806,134,287.11,288.51,284.82,286.3886113886114
105,286.9443,289.58453,284.3105,286.89673,135,288.14,289.25,283.14,287.2877122877123
106,287.177,289.9311,284.4983,287.01257,136,287.41,290.76,286.99,289.2957042957043
107,289.66556,292.4208,286.95682,289.62778,137,291.98,298.12,291.91,295.4245754245755
108,295.73132,298.5941,292.68884,295.49335,138,303.24,305.33,297.97,304.2707292707293
109,303.5543,306.33127,300.0137,302.78235,139,299.12,308.02,298.01,306.6033966033967
110,304.55847,307.23926,301.7165,304.51007,140,306.35,307.81,301.04,302.65234765234766
111,303.55124,305.97772,300.6498,302.8955,141,303.02,305.54,301.55,302.8621378621379
112,303.6699,306.2402,300.78113,303.24225,142,306.35,307.28,303.88,305.53446553446554
113,306.14642,308.86176,303.18393,305.72876,143,308.29,316.31,307.6,316.29370629370635
114,314.5621,317.76712,311.40616,314.47192,144,316.84,320.1,313.57,314.97002997003005
115,315.95428,318.4957,312.71252,315.42877,145,312.96,317.06,312.94,315.3046953046954
116,315.2103,317.76978,312.49054,314.91034,146,317.46,318.56,314.51,315.1598401598402
117,316.2777,318.98898,313.3465,315.89102,147,311.59,317.82,310.54,313.2017982017982
118,313.5666,316.3451,310.91183,313.61716,148,318.81,320.66,316.88,319.4655344655345
119,319.85434,322.92377,316.88705,319.60986,149,318.61,323.48,318.42,320.20979020979024
120,320.79175,323.59756,317.84515,320.84546,150,319.7,320.93,317.05,319.0759240759241
121,318.9654,321.6612,316.43286,318.88095,151,318.33,321.73,318.06,319.91508491508495
122,320.2419,323.17972,317.67444,320.43674,152,321.05,321.98,319.56,319.975024975025
123,320.66626,323.44647,317.99188,320.6891,153,318.1,319.92,316.88,319.80019980019983
124,319.14783,321.97244,316.83218,319.47693,154,322.5,328.84,322.13,328.77122877122883
125,327.67972,331.02356,324.85138,327.95862,155,328.39,335.17,328.27,333.08191808191816
126,332.47003,335.49304,329.54553,332.73816,156,333.89,335.87,330.81,332.5224775224776
127,332.83044,335.4379,329.87384,332.4677,157,332.51,336.06,332.29,335.1798201798202
128,334.92303,337.7927,332.2042,334.95886,158,335.8,337.36,334.6,337.3076923076923
129,336.8371,339.6993,334.1646,336.94812,159,336.49,338.17,335.07,336.50849150849155
130,336.54056,339.28555,333.9027,336.59753,160,335.3,337.73,329.85,333.50649350649354
131,333.20142,336.10284,330.69223,333.37714,161,332.44,339.03,332.11,337.32767232767236
132,336.59128,339.8888,334.12064,337.14597,162,335.88,338.97,334.25,337.1378621378622
133,336.7626,339.80627,334.37216,337.37692,163,336.54,338.95,335.78,338.0469530469531
134,337.78513,340.7023,335.30142,338.09595,164,330.26,334.75,328.39,333.36163836163837
135,331.64355,334.65656,329.91165,332.72867,165,331.26,337.54,331.13,337.3626373626374
136,335.95544,339.33932,333.79736,336.76172,166,337.42,343.21,336.81,342.72227772227774
137,341.5781,344.90662,339.03125,342.39423,167,340.84,342.41,338.82,339.5654345654346
138,339.7749,342.42328,337.18655,339.95096,168,340.72,343.0,338.75,341.2637362637363
139,341.2861,344.1952,338.65982,341.43082,169,341.0,341.22,335.49,339.25074925074927
140,338.56577,341.46124,336.08493,338.95093,170,338.73,341.97,338.3,339.0909090909091
141,339.82953,342.7275,337.2126,340.06702,171,341.7,348.64,341.09,348.39660339660344
142,347.11014,350.5386,344.39227,347.75433,172,348.69,354.8,347.53,351.7582417582418
143,351.51715,354.5777,348.54575,351.82608,173,353.55,355.07,347.89,349.07592407592415
144,349.9802,352.67108,346.88904,349.668,174,347.68,349.02,344.21,344.80019980019983
145,345.42368,348.1786,342.8239,345.51633,175,343.42,346.16,339.17,344.1508491508492
146,343.2263,346.37875,340.9008,343.80103,176,345.25,353.18,343.98,351.70329670329676
147,350.60712,354.1684,347.85196,351.32355,177,353.48,355.17,352.18,353.51648351648356
148,353.89023,356.83514,351.01428,354.2352,178,352.73,355.11,351.18,353.6663336663337
149,353.34573,356.1255,350.63104,353.50858,179,352.57,357.99,352.07,357.79720279720283
150,356.5926,359.7735,354.0541,357.17352,180,357.41,362.92,356.87,362.39260739260743
151,361.33847,364.52716,358.6231,361.87888,181,360.88,364.32,359.26,362.70229770229776
152,362.0688,364.99258,359.3861,362.4024,182,364.74,366.09,363.7,365.62437562437566
153,365.72473,368.62308,362.8311,365.76263,183,364.14,373.62,363.76,373.29170829170835
154,371.08728,374.51086,368.34937,371.81113,184,375.12,381.02,372.43,373.18181818181824
155,374.95068,377.96262,371.61273,374.83203,185,373.52,379.2,369.12,375.32467532467535
156,374.38937,377.53214,371.40466,374.51697,186,378.56,380.0,374.42,376.83816183816185
157,377.42578,380.5208,374.26694,377.3875,187,375.67,378.23,374.17,375.83916083916085
158,375.93906,378.92056,373.16672,376.32434,188,378.11,381.07,376.69,379.4655344655345
159,379.73813,382.8562,376.78082,379.93033,189,381.17,381.56,373.73,377.0829170829171
160,376.9734,380.05084,374.09216,377.3135,190,376.45,380.53,374.7,379.8251748251748
161,379.04886,382.23035,376.2517,379.4362,191,379.95,383.51,378.28,382.59240759240765
162,382.0404,385.354,379.43936,382.89932,192,383.92,385.74,381.08,382.39260739260743
163,383.06976,386.03656,380.07718,383.27383,193,379.08,380.36,375.67,377.50749250749254
164,377.13895,380.08765,374.75623,377.78424,194,378.42,379.24,369.88,370.65434565434566
165,372.1213,375.14743,369.26416,372.24664,195,369.54,372.37,367.77,370.8891108891109
166,370.72784,373.9819,368.33643,371.60233,196,375.04,377.83,373.74,374.3356643356644
167,376.0348,379.26068,373.05737,376.57416,197,374.52,376.03,370.66,370.984015984016
168,371.94153,374.8345,369.17554,372.46756,198,369.58,370.53,363.99,369.10589410589415
169,367.97644,371.041,365.5412,368.56506,199,368.68,372.1,366.85,370.959040959041
170,370.79504,374.0783,368.22702,371.67972,200,370.59,376.76,368.75,376.3336663336664
171,374.91788,378.2682,372.23212,375.84476,201,376.36,378.29,336.74,346.20379620379623
172,347.13583,350.37518,343.57382,346.65384,202,351.47,352.03,334.75,339.62037962037965
173,341.58414,345.35446,338.361,341.16095,203,339.23,341.04,333.6,338.0669330669331
174,338.2552,342.31204,336.1978,340.37415,204,334.75,342.38,334.75,338.90609390609393
175,338.9714,342.45572,336.5709,340.24615,205,342.12,342.22,336.37,337.3876123876124
176,338.83746,341.9715,336.16888,339.61206,206,338.73,339.73,335.5,337.61238761238764
177,338.17154,341.00012,335.2984,338.54675,207,336.99,340.24,334.35,336.31368631368633
178,337.11813,339.99554,334.4564,337.67368,208,338.66,339.23,336.24,338.88111888111894
179,339.00577,341.83658,336.20908,339.3024,209,338.48,344.16,338.09,342.51248751248755
180,342.33334,345.264,339.44424,342.77725,210,346.1,346.48,342.4,342.6773226773227
181,344.0764,346.63477,340.82492,343.7954,211,340.97,342.15,336.52,340.20479520479523
182,339.66046,342.2238,336.91803,339.7293,212,341.46,341.97,337.51,339.58541458541464
183,340.14294,342.8657,337.2374,340.05795,213,336.24,337.85,332.0,332.31268731268733
184,333.39514,335.94125,330.75647,333.60822,214,333.85,334.49,324.4,324.92507492507497
185,327.06317,329.7463,324.1299,326.76407,215,326.1,332.92,323.94,330.2747252747253
186,330.04807,333.4195,327.29315,330.6538,216,330.64,333.65,329.2,331.70829170829177
187,332.09875,335.0556,329.2938,332.598,217,330.26,332.55,327.89,328.29670329670336
188,329.3788,331.93176,326.5766,329.44315,218,329.1,329.85,324.04,325.0549450549451
189,326.24683,328.90793,323.47403,326.23102,219,323.79,328.77,320.75,322.4225774225775
190,323.8057,326.63992,321.02274,324.0253,220,321.79,325.29,316.81,322.3826173826174
191,321.82538,324.84552,319.3127,322.28864,221,326.63,333.21,326.54,332.8571428571429
192,332.44183,335.77338,329.25296,332.70563,222,333.5,337.73,331.04,333.73626373626377
193,334.2468,336.94235,331.03152,334.28888,223,333.25,333.65,328.97,331.6933066933067
194,331.431,333.88968,328.59033,331.12408,224,333.73,333.75,331.81,332.73726273726277
195,333.4531,336.1551,330.548,333.32626,225,331.98,332.25,328.28,329.3406593406594
196,329.83893,332.3655,327.05737,329.80173,226,328.85,336.24,327.77,334.10089910089914
197,333.34363,336.4535,330.58664,333.59036,227,332.76,341.18,330.71,340.5594405594406
198,338.34784,341.69696,335.63452,339.02533,228,342.61,345.65,339.73,344.6553446553447
199,344.0448,346.9054,340.8284,343.864,229,344.36,348.3,341.56,347.88211788211794
200,346.49924,349.32556,343.47495,346.47943,230,349.81,351.63,345.76,346.32867132867136
201,347.6464,350.25366,344.32498,347.11484,231,346.2,346.46,341.57,344.2257742257743
202,343.92105,346.59048,341.1552,343.81268,232,344.78,345.95,339.89,342.62737262737267
203,342.82693,345.7155,340.04184,342.82162,233,342.51,346.51,340.98,344.2757242757243
204,344.26404,347.3204,341.5503,344.625,234,346.2,347.14,339.94,340.8291708291709
205,342.0892,344.89624,339.12704,342.03793,235,341.42,344.53,340.62,341.42857142857144
206,342.37347,345.2681,339.60297,342.5343,236,343.71,349.65,342.58,347.1378621378622
207,347.14014,350.3973,344.27637,347.59857,237,348.31,350.44,345.45,347.4775224775225
208,347.8396,350.70026,344.91772,347.99774,238,356.62,356.9,348.47,350.0399600399601
209,352.00098,354.8398,348.2058,351.2179,239,348.28,352.59,347.91,349.6703296703297
210,349.9827,352.8131,347.1764,350.3014,240,351.43,359.61,350.7,359.04595404595403
211,357.63983,361.06638,354.7526,358.04294,241,356.96,363.19,356.19,359.19080919080926
212,359.29904,362.36664,356.47318,359.8388,242,359.01,360.15,357.0,358.7112887112887
213,358.59082,361.33282,355.80655,358.52603,243,360.28,360.97,357.15,359.8301698301699
214,359.73557,362.71082,356.9569,359.9433,244,355.65,358.07,353.93,356.4785214785215
215,355.80496,358.68164,353.45358,356.383,245,355.92,356.25,352.41,353.42657342657344
216,353.80945,356.70728,351.34335,354.11902,246,352.71,355.11,349.89,353.1118881118881
217,352.85614,355.9408,350.41125,353.4932,247,352.25,353.1,348.0,351.8281718281719
218,351.0816,354.1169,348.72137,351.73413,248,349.53,352.14,348.7,348.7
219,349.60925,352.5149,347.20563,350.2276,249,348.69,353.96,346.7,352.36763236763244
220,351.5163,354.7725,349.08862,352.31378,250,358.37,362.14,356.94,360.2747252747253
221,360.9578,364.1745,357.71686,361.1811,251,361.11,364.6,359.01,360.48451548451555
222,361.13394,363.92676,358.07068,361.3225,252,363.31,369.35,362.48,367.6073926073927
223,367.3855,370.4773,364.23007,367.3838,253,366.35,368.31,363.93,366.00399600399606
224,365.83768,368.7286,363.1604,366.3088,254,366.4,366.78,360.86,365.2797202797203
225,364.39075,367.25076,361.56033,364.3387,255,364.77,367.8,362.94,367.6823176823177
226,366.85138,370.01556,364.2138,367.4272,256,370.03,371.11,365.38,369.3556443556444
227,369.00858,372.02344,366.03845,369.20715,257,369.61,369.83,366.78,368.6113886113887
228,368.58722,371.40375,365.7603,368.77206,258,367.12,369.71,359.83,360.2747252747253
229,361.7052,364.52002,358.85333,361.79907,259,358.32,366.13,354.72,361.11388611388617
230,360.604,363.97614,358.04507,361.2221,260,359.85,360.82,355.5,356.2587412587413
231,357.05664,360.14792,354.6568,357.84796,261,357.51,358.48,354.18,354.33066933066937
232,355.6421,358.5511,352.86005,355.89352,262,353.85,355.05,349.36,350.939060939061
233,351.54007,354.534,349.07968,352.24033,263,351.01,351.35,346.46,350.1248751248752
234,349.70956,352.74283,347.26685,350.33347,264,366.62,373.1,366.52,369.36563436563443
235,372.29144,375.91983,367.8851,371.9332,265,369.24,377.0,368.87,375.69930069930075
236,374.11203,377.29443,371.04532,374.96362,266,373.98,377.82,373.72,375.4295704295705
237,375.6471,378.3342,372.5217,375.30258,267,374.48,376.39,372.55,373.961038961039
238,374.17706,377.06665,371.4195,374.4615,268,371.98,377.06,371.88,375.43456543456546
239,375.06744,378.06033,372.25787,375.29837,269,375.46,379.05,375.05,375.50949050949055
240,376.53412,379.5235,373.691,376.8561,270,373.85,377.4,373.72,376.43356643356645
241,376.0728,379.03238,373.40967,376.4925,271,377.68,386.85,377.63,386.3536463536464
242,385.12207,388.6432,382.13013,385.699,272,382.41,383.8,377.72,378.0919080919082
243,378.35342,381.20786,375.75656,378.91653,273,379.14,384.12,378.32,381.43856143856146
244,382.02914,385.06503,378.88922,381.86395,274,378.12,385.04,377.83,383.64635364635365
245,382.45184,385.90326,380.1286,383.76132,275,383.41,387.95,381.32,385.5294705294706
246,385.32303,388.4416,382.37213,385.58075,276,388.61,391.87,388.32,391.21878121878126
247,391.61414,394.80746,388.55453,392.01404,277,387.75,390.04,385.43,389.7502497502498
248,388.27972,391.2953,385.75937,388.99463,278,389.42,392.48,388.23,388.8911088911089
249,390.01688,392.97534,387.03345,390.116,279,388.61,391.21,388.53,389.97002997003005
250,390.23834,393.3097,387.5796,390.88,280,388.41,392.9,387.43,392.43756243756246
251,391.52426,394.70267,388.864,392.16083,281,392.23,395.15,392.07,394.96503496503504
252,394.8614,397.99945,392.1269,395.48322,282,396.51,401.99,396.16,401.91808191808195
253,401.32523,404.60635,398.31104,401.83743,283,401.15,402.97,394.42,394.7502497502498
254,395.82666,398.79443,392.826,396.09082,284,397.51,401.22,394.13,396.2787212787213
255,397.6127,400.68732,394.22122,397.36414,285,398.14,399.13,395.42,398.36163836163837
256,398.2971,401.5824,395.55704,399.0824,286,399.65,402.7,393.77,393.906093906094
257,395.90884,398.91974,392.5605,395.89215,287,396.02,396.49,390.74,393.59140859140865
258,393.8544,396.99673,390.9125,394.1769,288,395.92,400.87,394.08,398.39660339660344
259,398.94165,402.33182,395.8381,399.52075,289,399.05,401.99,399.02,399.10589410589415
260,400.32513,403.4121,397.4087,400.96118,290,397.41,402.06,396.59,401.58841158841165
261,400.74384,403.9222,398.02914,401.4268,291,401.15,409.88,401.0,409.21578421578425
262,408.19318,411.76324,405.32544,409.088,292,412.92,418.51,412.9,417.73226773226776
263,417.92676,421.33475,414.68427,418.4402,293,418.94,420.42,412.86,414.1358641358642
264,414.89496,417.93253,411.5886,414.97864,294,415.47,416.75,413.24,414.74525474525484
265,415.5722,418.5501,412.19296,415.3469,295,415.69,415.9,410.98,414.20579420579423
266,413.97205,417.2315,411.1012,414.5619,296,414.29,418.28,414.2,415.8491508491509
267,416.88663,420.01685,413.6937,417.12512,297,413.8,414.39,410.3,412.25774225774234
268,411.91302,415.0821,409.3744,412.76334,298,412.4,413.79,409.62,411.1138861138861
269,411.98297,415.03937,408.89362,412.14594,299,411.95,411.95,407.17,409.23576423576424
270,409.55756,412.75555,406.76105,410.23923,300,407.72,408.62,405.15,405.6293706293707
271,406.4586,409.45377,403.57574,406.88126,301,401.0,404.86,399.24,402.3876123876125
272,402.0587,405.28812,399.67844,403.11038,302,404.11,408.1,401.72,404.14585414585423
273,405.4439,408.69803,402.3984,405.93738,303,406.89,407.23,404.2,405.8341658341659
274,406.57483,409.67078,403.57733,407.15732,304,404.13,406.93,403.41,404.1158841158841
275,405.04437,407.98166,402.0984,405.5219,305,405.85,406.1,403.31,403.6413586413587
276,404.8882,407.82828,401.84705,405.17715,306,404.69,408.09,401.9,403.3066933066933
277,404.69247,407.74466,401.50958,405.02655,307,405.23,405.48,402.39,404.69530469530474
278,405.08664,408.0921,402.03363,405.42062,308,401.83,401.99,399.17,399.8301698301699
279,400.18875,403.0821,397.4677,400.78943,309,400.49,401.18,395.17,395.61438561438564
280,397.13824,400.04474,393.99774,397.21652,310,396.02,399.63,395.14,399.10089910089914
281,399.2287,402.42548,396.33035,399.88977,311,400.77,405.89,400.5,405.0
282,405.3017,408.5531,402.18854,405.9431,312,405.21,405.58,398.84,401.59340659340666
283,401.7168,404.65353,398.62012,402.0302,313,400.62,401.37,394.17,396.0489510489511
284,396.8304,399.69385,393.60077,396.7594,314,391.56,392.03,386.75,390.06493506493507
285,389.39062,392.44226,386.92673,390.1598,315,387.92,388.32,382.77,385.979020979021
286,385.95087,389.0088,383.27322,386.5157,316,386.3,390.41,385.11,387.3726273726274
287,388.53632,391.67505,385.54828,389.14978,317,390.0,394.7,386.55,393.61638361638364
288,393.05975,396.32443,389.90692,393.64795,318,394.96,395.07,390.57,393.7212787212788
289,393.87537,396.7536,390.6485,394.10477,319,394.52,394.57,390.0,393.5514485514486
290,393.48795,396.29242,390.2391,393.5194,320,391.51,397.01,387.06,389.50549450549454
291,390.6913,393.65027,387.4688,390.90594,321,391.83,396.51,390.5,395.2047952047953
292,395.528,398.6477,392.22662,395.65973,322,391.91,393.94,387.6,389.8201798201798
293,389.8905,392.82623,387.1035,390.5305,323,391.21,391.43,379.21,381.5234765234765
294,382.9089,385.73895,379.3938,382.38806,324,383.14,400.22,381.7,398.44155844155847
295,396.30426,400.4996,392.8896,397.2002,325,398.81,400.48,386.05,398.5614385614386
296,395.2303,398.85498,392.33392,396.30762,326,399.0,406.23,398.69,402.44255744255753
297,403.94574,406.90143,399.8732,403.34338,327,402.55,407.47,402.49,405.2047952047953
298,405.55634,408.74954,402.56427,406.28717,328,406.6,406.71,402.31,403.0369630369631
299,404.03775,406.76736,400.50314,403.58005,329,402.29,402.36,396.8,399.21578421578425
300,399.3256,402.2767,396.25854,399.46985,330,400.13,409.81,400.0,408.00199800199806
301,407.7932,411.2833,404.41818,408.14062,331,407.97,412.27,407.31,410.7442557442558
302,410.70285,414.00092,407.8028,411.5331,332,410.09,410.82,406.66,408.6813186813187
303,408.81793,411.68036,405.60352,408.7715,333,408.52,415.72,408.0,413.25674325674333
304,413.4653,416.7851,410.26044,413.8478,334,416.92,421.81999999999994,416.44,421.2787212787213
305,421.47348,424.8449,418.18283,421.891,335,422.55,429.32,422.55,429.1658341658342
306,428.52667,431.91486,425.2653,428.98737,336,429.89,430.32,423.75,427.0129870129871
307,426.77057,429.9328,423.56256,426.95526,337,426.9,435.31,424.86,435.18481518481525
308,433.72028,437.2669,430.33682,433.96228,338,433.79,438.19,432.49,434.11088911088916
309,434.745,438.19617,431.89978,435.602,339,436.02,438.63,434.45,438.47152847152853
310,438.49023,441.679,435.11496,438.45648,340,437.8,439.59,435.06,437.1278721278722
311,437.32208,440.68286,434.44794,438.0362,341,437.11,442.69,436.93,441.8931068931069
312,441.91614,445.27472,438.68994,442.22278,342,446.0799999999999,456.48,445.34,456.2337662337663
313,455.281,459.30487,452.1435,456.2292,343,457.78,458.27,449.32,450.24975024975026
314,450.97968,454.5097,447.80072,451.48798,344,453.31,455.04,448.58,452.89210789210796
315,453.52097,456.79572,449.64368,453.02716,345,450.81,458.58,450.81,452.5674325674326
316,453.87363,457.63925,451.06403,455.03842,346,452.31,454.13,447.13,451.7932067932068
317,451.16098,454.66168,448.10727,451.63324,347,449.59,452.96,441.78,443.0469530469531
318,444.4389,448.03284,441.2663,444.9813,348,436.86,443.32,435.37,439.7452547452548
319,439.41486,443.02914,436.70172,440.3584,349,436.0,437.77,433.88,435.02997002997006
320,435.49902,439.00287,433.07858,436.7157,350,440.1,444.4,438.56,438.99100899100904
321,442.04877,445.3861,438.50412,442.28018,351,436.22,437.36,430.53,432.53246753246754
322,432.28818,435.71503,429.75922,433.55804,352,433.34,437.81,431.59,433.7562437562438
323,435.69888,438.90118,432.17792,435.70935,353,432.44,436.86,432.14,433.9810189810191
324,434.72852,438.23413,432.17548,436.15262,354,434.87,435.35,425.91,432.19280719280727
325,431.42673,434.7272,428.2074,431.75708,355,432.3,433.67,425.44,427.947052947053
326,429.12134,432.41144,425.81277,429.51926,356,429.64,433.1,426.96,428.2467532467533
327,430.1792,433.38788,426.76144,430.4843,357,430.54,431.55,422.03,430.70429570429576
328,429.18518,432.6515,426.0929,429.88248,358,433.58,438.36,431.04,438.2217782217783
329,438.42932,441.823,434.84033,438.75763,359,439.4,443.84,438.4,443.4465534465535
330,443.35675,446.74823,440.25092,444.21405,360,440.33,441.84,438.12,438.2617382617383
331,438.99655,441.9654,435.8246,439.2797,361,441.08,441.35,433.2,434.3606393606394
332,436.1369,439.21384,432.39215,435.7928,362,432.87,438.19,431.13,436.8631368631369
333,436.5954,439.98932,433.43222,437.17816,363,438.41,440.7,435.43,435.88411588411594
334,437.75583,440.93967,434.38394,438.04974,364,437.97,443.05,437.5,441.4685314685315
335,442.34332,445.56058,438.8388,442.55234,365,442.67,448.82,442.52,448.62637362637366
336,448.4937,451.93945,445.304,449.18985,366,449.0,453.72,447.06999999999994,448.6563436563437
337,450.07922,453.30743,446.63782,450.34064,367,445.33,448.82,440.01,440.7192807192808
338,441.72495,444.94305,438.38998,441.91528,368,442.51,443.28,434.9,438.8211788211789
339,439.5164,442.80173,435.85822,439.30597,369,434.31,436.52,430.01,433.2717282717283
340,433.04236,436.43683,430.19678,433.9248,370,436.99,438.2,430.64,431.48351648351655
341,433.97916,437.11096,430.1624,433.7147,371,435.24,437.36,433.66,435.1948051948052
342,436.8962,440.10895,433.43323,437.27057,372,437.76,440.69,436.69,436.8981018981019
343,439.0323,442.10022,435.5002,439.2489,373,435.82,439.27,435.46,438.5414585414586
344,438.7934,441.92847,435.66895,439.33466,374,441.57,444.37,440.85,442.28271728271733
345,444.09128,447.1984,440.55566,444.21292,375,443.44,443.84,437.0,439.50549450549454
346,439.92993,443.1167,436.6178,440.27823,376,438.31,442.92,437.61,441.5584415584416
347,442.1433,445.29596,438.66565,442.23398,377,443.34,446.03,442.01,445.0749250749251
348,445.72052,449.07132,442.61258,446.3938,378,447.93,451.44,446.87,450.8541458541459
349,451.5287,454.74103,448.0189,451.70636,379,453.8,454.77,447.31,450.929070929071
350,451.36566,454.68253,447.91162,451.61768,380,450.04,453.87,448.51,451.30369630369637
351,452.10458,455.29492,448.59158,452.18176,381,454.8,458.69,452.56,458.40159840159845
352,458.57574,462.0581,455.21106,458.97797,382,458.28,459.78,455.91,459.77522477522484
353,459.41306,462.77457,456.33655,460.04596,383,460.42,462.27,456.47,460.61938061938065
354,460.7838,464.06815,457.32712,460.90738,384,461.83,462.25,455.24,458.08691308691317
355,458.61548,461.99872,455.21274,458.87207,385,458.78,461.7,456.44,457.5624375624376
356,459.2751,462.51703,455.66702,459.28558,386,457.78,458.28,449.91,453.6413586413587
357,453.5424,457.02808,450.36304,454.07117,387,441.65,449.79,436.17,446.62837162837167
358,443.45374,447.25177,440.88434,444.67615,388,449.32,454.63,446.83,453.6513486513487
359,454.44983,458.1029,451.0452,454.8477,389,453.65,454.8,448.11,450.2147852147853
360,450.5562,454.0649,447.70233,451.6822,390,451.94,453.45,448.67,449.76523476523477
361,451.66333,454.63245,447.75665,451.20892,391,445.27,446.75,441.39,442.1928071928072
362,442.49292,445.84863,439.81308,443.56592,392,441.84,443.33,439.35,441.02397602397605
363,442.3084,445.3642,438.83197,442.25348,393,440.8,445.74,438.8,439.48551448551456
364,441.481,444.85864,438.38727,442.305,394,441.08,446.13,438.79,443.7962037962038
365,444.35376,447.63495,440.91565,444.6526,395,444.83,446.5799999999999,441.44,442.2177822177823
366,443.76886,446.98306,440.5049,444.28497,396,445.83,450.5899999999999,445.83,450.4195804195805
367,451.47302,454.65198,447.778,451.51123,397,450.03,451.81,448.73,451.59340659340666
368,451.53857,454.83774,448.64777,452.47662,398,451.0,451.07,447.92,450.8091908091908
369,450.89862,453.90192,447.4773,450.91995,399,450.66,453.16,446.19,446.61338661338664
370,448.41443,451.62167,444.9702,448.63678,400,445.85,447.55,442.88,443.66133866133873
371,444.83698,447.94476,441.43808,444.95047,401,446.07,446.25,440.99,444.66533466533474
372,445.14395,448.38873,441.7433,445.3592,402,443.62,446.09,443.34,443.5414585414586
373,445.04898,448.15494,441.80054,445.5014,403,441.79,441.84,439.18,441.10389610389615
374,441.14392,444.20514,438.12384,441.6321,404,441.76,442.59,436.46,438.981018981019
375,439.9216,443.04047,436.48935,440.0551,405,437.54,438.47,431.96,433.2817182817183
376,434.18918,437.32056,430.9541,434.5664,406,430.61,430.85,427.4,428.2267732267732
377,428.99982,431.997,425.87006,429.29425,407,429.03,429.61,426.67,426.8531468531469
378,428.58044,431.60922,425.33374,428.90955,408,427.25,434.37,427.12,431.20879120879124
379,432.2904,435.54553,428.9615,432.8512,409,432.55,434.43,430.16,431.0939060939061
380,432.48267,435.51617,429.1872,432.86243,410,433.7,436.82,431.63,433.04195804195814
381,434.95264,437.90985,431.22107,434.8307,411,434.72,435.74,433.5,435.22477522477527
382,436.09732,439.10327,432.76138,436.3946,412,437.28,437.36,433.25,433.48151848151855
383,435.16333,438.05344,431.53613,435.04636,413,433.38,435.82,431.41,431.5784215784216
384,433.2984,436.2439,429.79645,433.32367,414,428.2,430.25,422.37,423.48651348651356
385,424.24722,427.33923,421.14032,424.61844,415,423.5400000000001,426.11,422.3,422.69230769230774
386,424.67368,427.685,421.23004,424.648,416,422.95,428.58,422.71,426.1188811188812
387,426.97086,430.30298,423.90906,427.8026,417,426.28,427.42,421.2,421.8681318681319
388,423.2278,426.19943,419.87076,423.4027,418,425.58,431.48,425.38,428.58141858141863
389,430.56104,433.68936,426.73364,430.44406,419,428.57,435.12,425.99,434.18581418581425
390,433.03503,436.56024,430.01932,434.05255,420,435.12,438.3,434.18,438.13686313686316
391,438.62146,441.67596,435.05872,438.63452,421,439.57,440.24,435.24,438.1468531468532
392,438.4942,441.6152,435.14673,438.77173,422,440.21,443.21,439.56,442.36763236763244
393,443.4605,446.47375,439.73178,443.25113,423,443.35,444.33,440.35,442.67732267732265
394,443.03244,446.21252,439.82434,443.45227,424,442.61,446.81,441.39,446.4235764235765
395,446.42554,449.59668,442.9405,446.48352,425,447.02,447.27,443.34,444.8601398601399
396,445.48315,448.68573,442.29623,445.88068,426,445.58,446.16999999999996,440.77,442.87712287712293
397,443.66006,446.7334,440.07745,443.50983,427,446.43,446.83,440.78,442.22277722277727
398,443.85278,447.05286,440.21118,443.79712,428,442.05,442.54,438.86,441.39860139860144
399,441.61987,444.79456,438.3916,441.9683,429,441.52,450.3,439.89,449.975024975025
400,449.0299,452.6692,445.76288,449.67572,430,451.3,451.3,446.03,447.51748251748256
401,448.25815,451.5905,445.1456,448.87756,431,447.52,450.38,446.14,449.8701298701299
402,450.2672,453.37384,446.73395,450.23596,432,446.4,449.11,440.95,441.59340659340666
403,442.47656,445.85983,439.5644,443.27002,433,441.59,443.39,439.05,441.7632367632368
404,442.5683,445.6921,439.0883,442.46448,434,441.62,441.62,436.17,436.97802197802207
405,437.9664,441.30707,435.03214,438.75717,435,437.51,439.73,435.87,437.4475524475525
406,438.81476,441.88,435.35577,438.8673,436,435.78,437.12,434.03,436.5584415584416
407,436.5551,439.83313,433.85522,437.57263,437,432.92,438.78,432.53,436.31868131868134
408,436.62045,439.8473,433.61163,437.26086,438,438.48,442.18,438.38,441.8431568431569
409,442.66498,445.95874,439.52377,443.26147,439,439.72,443.02,437.27,442.3376623376624
410,441.4961,444.80048,438.6376,442.37964,440,442.34,445.38,434.42,436.40859140859146
411,437.97073,441.16217,434.35492,437.90735,441,435.87,437.12,433.38,434.5454545454546
412,435.58536,438.7113,432.31927,435.818,442,432.11,435.36,430.44,431.2537462537463
413,432.4234,435.6197,429.4281,433.05405,443,431.04,431.37,424.22,425.2397602397603
414,426.39572,429.51053,423.17297,426.6411,444,426.54,429.71,419.92,426.3336663336664
415,426.37753,429.73962,422.99762,426.6876,445,430.31000000000006,432.79,428.5,432.4975024975025
416,433.4668,436.77673,430.04248,433.94873,446,431.4,435.11,431.03,434.36563436563443
417,434.50104,437.6494,431.42978,435.24042,447,431.71,436.49,431.08,436.4185814185815
418,435.88342,439.02847,432.8029,436.40216,448,436.24,441.16,435.37,439.3606393606394
419,439.88287,443.1213,436.6571,440.36102,449,441.28,447.49,440.35,447.33766233766244
420,447.08386,450.4463,443.6773,447.45697,450,444.83,446.78,441.21,442.73726273726277
421,443.04303,446.21674,439.95013,443.5484,451,486.47,505.83,485.18000000000006,503.81618381618387
422,508.92065,513.734,501.69748,506.30228,452,503.84,507.6,497.91,499.7752247752248
423,496.9026,502.25754,495.80655,500.5464,453,500.62,504.61,496.04,501.6183816183817
424,502.76358,505.81424,496.89825,499.86804,454,498.63,515.44,498.45,513.7812187812187
425,511.0432,516.2752,508.89343,513.375,455,514.01,518.34,510.49,510.8591408591409
426,512.5081,516.47437,508.96576,512.6617,456,512.49,512.49,503.48,505.70429570429576
427,506.5555,510.52112,502.66885,506.51923,457,505.7,509.79999999999995,504.6,505.6043956043957
428,508.00702,511.6989,504.1499,508.04822,458,507.65,516.53,504.86,516.1838161838162
429,515.14685,519.40686,512.09436,516.28076,459,516.78,516.82,511.08,513.2867132867133
430,513.7685,517.735,510.66498,514.687,460,512.54,518.82,510.07,513.3666333666334
431,514.99304,518.8045,511.28668,515.292,461,513.97,516.07,510.64,511.6033966033967
432,513.0476,516.95074,509.83557,513.87494,462,513.82,514.26,509.11,511.13886113886116
433,512.51135,516.18604,508.85214,512.7815,463,508.27,513.9,506.81,508.8511488511489
434,510.13147,514.0133,506.9518,511.09897,464,510.89,511.58,505.79,509.4655344655345
435,510.1063,513.8342,506.6499,510.58942,465,509.4,510.05,501.94,502.0929070929072
436,503.8164,507.62674,500.29022,504.39728,466,502.49,507.35,502.37,506.1188811188812
437,507.54498,511.06372,503.8728,507.7981,467,502.87,506.07,502.12,503.4065934065935
438,503.85004,507.67743,501.22913,505.33795,468,501.97,506.88,500.62,504.00099900099906
439,504.97614,508.51422,501.47443,505.34552,469,501.5,514.5,501.37,514.3056943056944
440,512.50977,516.73773,509.80386,514.036,470,515.03,517.93,513.25,515.6843156843158
441,516.3417,520.1258,513.39844,517.2724,471,515.5,517.06,513.23,514.8501498501499
442,515.56104,519.13306,512.1212,515.90857,472,515.94,522.41,512.7,513.8511488511489
443,516.33826,520.09296,512.5597,516.5222,473,513.93,515.44,509.61,510.6843156843157
444,511.6441,515.3521,508.03555,511.98087,474,513.05,514.75,508.27,509.2457542457543
445,511.44098,514.94885,507.31082,511.21204,475,511.58,517.22,511.08,515.1048951048951
446,516.44543,520.0687,512.7612,516.79297,476,514.78,516.15,512.69,514.015984015984
447,514.5877,518.20667,511.2157,515.2252,477,516.64,524.63,515.58,521.013986013986
448,522.58344,526.1599,518.465,522.4335,478,522.34,528.77,519.52,527.2277722277723
449,526.42566,530.48425,523.14374,527.31683,479,529.03,532.01,528.02,529.5704295704296
450,531.07294,534.6146,527.07275,530.9439,480,529.1,531.32,527.75,527.8171828171829
451,529.0655,532.7936,525.197,529.2539,481,529.77,531.18,523.42,525.2697302697303
452,526.74817,530.48773,522.2086,526.306,482,523.51,529.73,522.55,524.6653346653347
453,526.3676,530.1393,522.1483,526.3848,483,523.72,530.0,523.04,527.1128871128872
454,527.89746,531.7266,523.97125,528.1865,484,526.63,527.85,523.58,526.6983016983017
455,526.9056,530.6596,522.99805,527.15186,485,532.9,533.0,528.06,532.937062937063
456,533.9918,537.5407,529.50494,533.4972,486,533.5,539.13,532.02,537.0579420579421
457,537.35315,541.2908,533.6145,537.87024,487,536.07,544.12,535.82,540.3046953046954
458,541.0598,544.99164,537.1089,541.25824,488,541.67,543.62,535.58,536.6333666333667
459,537.94867,541.97974,533.7466,537.9486,489,537.77,539.45,532.5,532.9820179820181
460,535.0916,538.86096,530.2959,534.4923,490,535.69,536.14,526.97,528.4165834165835
461,530.2496,534.1571,525.49005,529.85504,491,530.01,535.34,529.02,534.4855144855145
462,535.70337,539.3457,531.1411,535.3788,492,534.41,538.36,532.2,532.932067932068
463,534.4801,538.41565,530.6511,535.0371,493,533.92,540.45,527.54,540.3496503496503
464,538.42126,542.4783,534.0871,538.3948,494,538.37,543.96,537.53,541.0839160839162
465,541.8312,545.8476,538.0812,542.3804,495,542.12,548.53,541.97,548.2567432567432
466,548.3407,552.2142,544.3222,548.4123,496,551.85,555.82,550.5,555.4695304695305
467,555.8274,559.8047,551.9845,556.0087,497,555.4,555.54,551.98,553.8461538461539
468,553.80994,557.8402,549.8348,553.9805,498,554.92,557.41,552.27,556.6433566433567
469,557.1528,561.02783,552.63513,556.723,499,557.91,558.05,554.39,557.1128871128872
470,557.44025,561.4637,553.29456,557.51605,500,558.08,558.16,552.44,552.6573426573427
471,554.2195,558.1962,549.48474,553.8213,501,554.04,558.41,551.06,558.2617382617384
472,558.3064,562.2795,553.6793,557.9933,502,555.65,556.79,552.06,554.4805194805195
473,554.3949,558.5742,550.36926,554.87,503,555.42,556.38,550.4,550.4345654345655
474,552.63727,556.4829,547.53937,551.9241,504,554.43,557.34,551.15,556.5734265734267
475,557.46344,561.3512,552.7099,557.0687,505,560.4,567.72,558.49,567.3026973026974
476,567.18774,571.33466,562.9718,567.30237,506,570.86,571.52,564.53,568.4865134865136
477,568.4467,572.72437,564.1432,568.4656,507,569.59,569.97,560.68,563.0119880119881
478,563.8038,568.12054,558.69916,563.2328,508,567.41,567.4100000000001,559.03,562.982017982018
479,564.3285,568.40625,558.8507,563.3282,509,561.13,571.31,556.5,559.3956043956046
480,561.6427,566.1324,556.66785,561.56,510,566.85,573.35,561.94,572.5524475524476
481,572.80945,576.9099,567.64087,571.98944,511,574.34,575.34,569.76,572.1678321678322
482,572.5901,576.94275,568.3304,572.86865,512,572.4,576.8,571.86,575.949050949051
483,576.60486,580.64465,571.72394,576.07007,513,576.27,578.15,569.96,573.1168831168833
484,573.3822,577.88916,568.74243,573.4086,514,578.3,579.83,573.5,579.6753246753248
485,580.3511,584.38165,575.0147,579.3519,515,581.13,581.76,577.27,580.3346653346654
486,580.57965,584.917,576.01404,580.5895,516,577.83,579.07,575.03,577.882117882118
487,577.7957,582.1144,572.8852,577.55963,517,573.36,574.62,559.4,559.8151848151849
488,560.7447,565.7805,555.12775,560.5613,518,560.95,561.15,539.11,548.5564435564436
489,548.4941,553.3214,541.4258,546.92773,519,553.09,560.77,552.9,559.4105894105895
490,562.82935,566.53406,556.7194,561.5624,520,557.47,558.78,547.66,551.3936063936067
491,550.41394,555.1864,545.981,551.42944,521,570.36,574.09,561.52,565.5744255744256
492,571.7716,575.0791,564.2224,568.4936,522,583.49,591.05,573.42,588.2817182817183
493,587.47766,592.33154,582.7526,587.41675,523,587.4,588.65,563.89,564.6003996003997
494,564.8339,570.6338,558.9686,564.68225,524,566.87,575.34,566.38,566.953046953047
495,572.59357,576.32336,564.9469,569.60913,525,569.56,573.24,561.9,569.4655344655345
496,568.7401,573.59546,563.88,569.15845,526,573.42,577.91,571.63,577.8121878121879
497,579.2491,583.1794,573.3544,577.96936,527,581.63,586.75,578.11,586.5234765234766
498,585.85315,590.45264,581.2102,585.9523,528,583.71,588.99,582.33,584.2757242757243
499,584.8908,589.52527,579.95825,584.7948,529,587.88,593.71,583.92,592.867132867133
500,592.603,597.14386,587.2633,591.8479,530,592.28,592.78,588.48,591.1288711288712
501,591.01215,595.68225,586.1454,590.9624,531,588.17,597.71,587.63,597.7072927072927
502,596.5276,601.23816,591.5118,596.2887,532,595.5699999999999,599.95,594.17,599.1558441558442
503,598.621,603.3887,593.9823,598.75256,533,598.46,604.17,597.76,603.1768231768232
504,603.13367,607.78906,598.16125,602.8241,534,600.4,602.35,596.51,598.926073926074
505,598.80554,603.7216,593.776,598.80994,535,599.32,601.19,597.87,599.8051948051948
506,601.2066,605.66254,595.53033,600.36475,536,601.65,602.6800000000001,599.17,599.6453546453547
507,601.3806,605.9037,595.9027,600.8579,537,600.43,607.8,600.3,603.991008991009
508,605.51855,610.1229,600.0861,605.01465,538,605.7,609.96,602.95,607.7222777222778
509,608.0315,612.7954,602.819,607.7417,539,609.71,612.15,604.61,607.8071928071928
510,608.67096,613.48804,603.1377,608.11804,540,606.92,609.83,606.23,607.3276723276723
511,608.6411,613.31287,603.1136,608.13635,541,607.89,609.81,600.86,605.5544455544456
512,605.65985,610.6472,599.93066,605.2168,542,601.12,601.66,593.84,599.1008991008993
513,598.22534,603.3113,592.35205,597.9734,543,605.23,605.73,602.49,605.1848151848152
514,607.99274,612.1512,601.58655,606.4475,544,605.26,609.26,603.44,606.853146853147
515,607.3413,612.14484,602.1076,607.35443,545,608.86,610.79,607.02,607.5274725274726
516,609.3998,614.0049,603.5781,608.5782,546,611.11,611.2,603.46,605.1248751248752
517,606.5336,611.41547,600.48914,605.7528,547,605.58,606.55,599.8,603.5214785214786
518,604.1236,608.92505,597.9326,603.30615,548,604.62,604.89,596.09,597.7522477522477
519,599.4279,604.3152,592.95874,598.5454,549,595.97,601.67,589.8799999999999,601.3936063936064
520,599.9297,604.8888,593.7479,599.3688,550,601.72,602.99,590.17,592.3076923076924
521,594.0561,599.1959,587.5217,593.37744,551,588.79,593.21,584.08,584.2107892107892
522,586.7971,591.6929,579.8146,585.80225,552,587.42,596.3,586.86,593.8261738261739
523,596.0697,600.51697,589.39685,594.8323,553,595.1,603.5,594.3,603.3666333666334
524,602.7883,607.67926,597.47974,602.8097,554,603.64,603.73,594.97,597.3876123876124
525,597.5854,602.7419,591.5767,597.1185,555,597.73,602.55,595.45,596.3436563436564
526,599.1377,603.84454,592.42004,597.8147,556,600.9,602.56,589.02,589.3106893106893
527,592.17725,597.34875,585.2025,591.0809,557,589.88,590.24,570.84,576.8031968031969
528,577.25964,582.808,569.4663,575.9719,558,580.82,582.74,571.36,577.1978021978023
529,580.2046,584.6324,572.08655,578.0034,559,578.84,583.5999999999999,563.64,563.8711288711289
530,567.6382,572.8992,560.26135,566.86566,560,566.44,566.44,551.41,556.93
531,558.69434,563.3924,550.2871,556.624,561,559.66,564.88,557.14,558.46
532,563.16254,567.2677,555.6761,561.6144,562,565.34,565.45,555.41,555.45
533,558.765,563.2358,551.714,557.7263,563,557.18,566.89,557.18,565.6099999999999
534,567.2228,571.40155,560.29236,565.937,564,598.35,603.17,560.65,565.45
535,573.3755,578.8795,564.4888,570.4066,565,568.29,585.67,562.59,568.18
536,572.0973,577.0681,564.2501,570.303,566,573.08,576.19,541.51,541.65
537,545.34607,551.43286,536.92316,543.8163,567,539.26,546.98,525.71,536.68
538,538.4564,543.02893,529.22046,535.4829,568,541.11,553.48,540.13,553.38
539,554.827,559.3338,548.5399,554.4453,569,558.09,563.82,551.44,562.6
540,561.4857,566.2031,556.0808,561.70386,570,563.45,563.45,538.42,539.47
541,541.2136,546.6238,533.9575,540.2153,571,531.09,538.52,525.09,529.15
542,531.30414,535.65234,523.42474,529.3003,572,536.78,542.61,528.11,531.06
543,535.73206,539.9835,528.7284,534.40063,573,535.35,536.98,517.04,534.97
544,531.2261,535.9706,524.9396,530.81537,574,541.51,555.47,538.52,555.02
545,556.03406,560.1885,549.48975,554.72723,575,547.31,548.0,529.7,534.63
546,531.526,537.1207,526.88684,533.00903,576,534.63,535.23,524.16,527.17
547,530.4835,534.106,522.0889,527.08716,577,527.19,535.76,526.07,533.35
548,534.31165,538.7269,529.0537,534.53754,578,532.33,532.41,524.81,525.5
549,526.59393,530.651,520.84106,526.0683,579,528.62,530.19,520.69,523.72
550,526.22943,529.95886,519.573,524.5894,580,521.08,523.26,514.01,514.77
551,516.31366,520.3845,510.67365,515.9818,581,515.76,517.18,501.42,515.73
552,513.35956,517.4345,507.1797,512.2896,582,515.48,528.01,514.91,526.26
553,526.9314,531.0301,521.63916,526.8015,583,526.16,526.55,521.09,525.22
554,524.41943,528.4674,519.8916,524.7794,584,525.67,531.47,522.45,529.9
555,530.4199,534.11,524.7556,529.3441,585,532.3,532.54,524.17,526.48
556,527.43494,531.5215,522.41425,527.1946,586,523.38,527.45,519.89,526.36
557,525.95435,529.7439,520.5693,525.2067,587,523.79,525.37,513.65,513.73
558,515.4088,519.5366,510.20074,515.0792,588,514.38,515.27,501.92,508.56
559,508.87628,512.7123,502.83777,507.54034,589,507.07,515.81,505.06,509.6
560,511.7345,515.5571,506.62946,511.46362,590,509.35,518.48,502.82,517.31
561,514.8482,519.05756,510.4259,515.27826,591,522.08,528.74,517.59,528.47
562,528.3676,532.24066,523.5406,528.03345,592,529.44,534.6,528.06,531.63
563,532.26227,536.20306,528.06274,532.52673,593,531.54,531.54,523.85,525.21
564,525.89355,529.7682,520.8623,525.2749,594,524.26,524.43,516.0,518.56
565,519.56726,523.3795,514.2378,518.69196,595,519.96,520.37,514.03,519.2
566,519.7167,523.39044,514.69904,519.1167,596,518.28,528.33,516.17,527.41
567,526.58026,530.59863,522.29144,526.88684,597,528.29,534.76,524.86,528.32
568,529.65894,533.63367,525.3658,529.81226,598,531.44,537.71,530.45,537.46
569,537.8895,541.64514,533.3075,537.4906,599,539.65,546.1,539.3,543.57
570,544.45013,548.46436,540.4506,544.696,600,545.76,552.12,542.21,551.19
571,550.22656,554.36316,546.06476,550.2349,601,554.48,564.45,552.83,564.4
572,563.5335,567.83215,559.5642,563.631,602,563.02,566.29,559.46,560.14
573,560.6045,565.0342,556.869,561.1178,603,561.81,562.46,557.18,558.55
574,560.0077,563.9676,555.013,559.13403,604,559.26,559.81,554.39,558.36
575,558.6342,562.7593,554.1962,558.5595,605,559.16,559.36,544.24,552.41
576,551.33386,555.87744,546.48254,551.22095,606,549.48,550.83,541.06,543.45
577,544.89716,549.00525,539.6812,544.3984,607,540.02,547.11,537.27,543.17
578,543.90576,547.96936,539.26624,543.9684,608,544.9,553.43,542.96,552.38
579,552.51855,556.5975,548.2957,552.7928,609,556.53,556.53,547.43,554.81
580,553.84607,558.0805,549.7135,554.1721,610,555.62,561.36,554.52,560.58
581,561.2256,565.0983,556.704,560.9485,611,558.98,562.06,556.37,559.02
582,559.04987,563.3175,555.1478,559.5917,612,556.47,558.35,553.5,557.31
583,557.16077,561.19617,552.57324,556.94495,613,555.77,556.46,546.96,549.84
584,550.27527,554.5986,545.5272,550.1958,614,550.75,550.79,544.07,550.25
585,550.27966,554.1868,545.1082,549.59875,615,547.76,548.12,540.04,542.79
586,543.0924,547.2909,538.4688,543.25635,616,542.71,543.83,537.85,541.52
587,542.5545,546.2831,537.2919,541.8137,617,543.37,552.04,542.51,551.85
588,551.9516,555.9729,547.52844,552.06683,618,552.72,553.48,547.01,553.38
589,551.9319,556.1382,547.86505,552.3755,619,555.33,556.05,548.89,554.84
590,554.7311,558.662,549.70154,554.0519,620,553.63,563.45,552.73,563.4
591,562.2604,566.57385,557.97455,562.4626,621,563.64,571.08,559.47,563.07
592,563.9957,568.4794,559.55743,564.06256,622,563.71,578.37,563.67,577.07
593,575.94775,580.40186,571.4283,575.7219,623,579.41,580.86,570.28,574.42
594,573.95776,578.72595,569.69434,574.1752,624,575.6,578.28,572.23,575.66
595,576.62897,580.73083,571.2909,575.5944,625,577.08,577.98,573.18,573.7
596,575.1527,579.42615,570.24756,574.798,626,576.74,582.8,575.0699999999999,581.07
597,582.0022,586.15137,576.85474,581.29016,627,581.75,583.84,578.8,580.74
598,581.38855,585.8087,576.78,581.41113,628,581.75,583.41,579.33,583.13
599,583.5303,587.7403,578.4087,582.943,629,582.16,584.82,578.0,580.6599999999999
600,581.3141,585.8246,576.3668,581.1885,630,576.08,577.94,564.58,569.53
601,568.73926,573.7412,563.25146,568.6388,631,570.02,575.14,567.82,574.5
602,576.03827,580.061,570.0652,574.84235,632,564.36,575.01,563.46,569.54
603,568.42664,573.4021,564.28375,569.7174,633,570.34,579.26,569.86,577.59
604,578.65234,582.78357,573.16925,577.7874,634,581.0,583.61,576.45,583.27
605,582.6003,587.1682,578.1417,582.84326,635,584.14,584.2,574.98,583.18
606,581.3734,586.01025,576.25586,581.04865,636,586.3899999999999,586.79,580.61,581.06
607,583.4911,587.7398,577.7854,582.4365,637,577.94,579.4,567.05,572.16
608,571.1251,576.1135,565.64856,571.0365,638,591.38,595.17,580.41,593.45
609,595.8988,599.79004,588.9683,593.18176,639,590.13,592.77,583.63,587.86
610,586.23315,591.3822,582.0754,587.3408,640,589.1,598.01,588.98,593.11
611,595.42303,599.6633,589.41833,593.9184,641,591.61,596.21,590.88,594.3499999999999
612,594.171,598.93604,589.631,594.4635,642,594.82,597.86,590.15,591.73
613,593.07526,597.7049,587.50745,592.3522,643,588.78,590.24,585.42,587.41
614,587.8203,592.4573,582.35046,587.4539,644,586.46,590.88,583.15,588.98
615,589.38464,593.8873,583.7312,588.7659,645,587.14,588.09,581.92,584.01
616,584.5946,589.24176,579.1183,584.3659,646,584.94,587.89,582.4,585.81
617,587.3082,591.5968,581.334,586.35675,647,579.01,582.05,568.44,570.03
618,570.13574,575.4299,564.4207,570.39,648,568.84,574.38,561.31,564.52
619,567.50696,571.9257,560.18774,565.7425,649,567.48,573.77,562.56,571.58
620,572.2639,576.74866,566.2742,571.717,650,568.49,570.41,561.07,563.52
621,563.9695,568.6947,558.18176,563.876,651,560.24,569.14,558.47,564.82
622,566.1057,570.4509,559.71564,565.1199,652,566.44,568.33,559.56,561.82
623,563.3406,567.9064,557.43726,562.88635,653,562.02,568.69,558.82,567.21
624,567.4136,571.7462,561.25195,566.5066,654,568.43,568.93,564.45,566.33
625,567.4296,571.80615,561.7688,566.9573,655,562.97,564.35,559.34,561.19
626,561.6802,566.0814,555.69965,561.02924,656,565.76,573.43,564.2,573.21
627,574.33813,578.52295,568.1947,573.1031,657,574.6000000000001,576.32,569.32,573.08
628,572.8922,577.6303,567.7776,572.9487,658,576.28,577.79,568.96,571.91
629,573.44275,577.8495,566.98395,571.99524,659,574.53,582.91,574.42,580.57
630,581.9502,586.3527,576.2011,581.0902,660,583.4,585.73,582.4,585.25
631,585.761,590.2287,580.55896,585.3351,661,584.28,585.09,580.97,582.89
632,583.0875,587.68304,577.5465,582.52075,662,582.22,582.9,579.55,581.77
633,582.55896,586.99524,576.6946,581.6869,663,581.99,583.63,579.05,580.96
634,582.2301,586.6959,576.41406,581.50684,664,583.12,583.4,577.41,578.6099999999999
635,580.3026,584.7878,574.2025,579.3809,665,579.67,580.21,575.0,576.28
636,577.98755,582.3966,571.7854,577.03107,666,575.69,576.91,568.54,569.44
637,571.1859,575.7833,564.90186,570.40247,667,568.0,571.68,565.55,567.64
638,569.6752,573.971,563.2817,568.6707,668,569.77,570.47,565.52,570.03
639,570.79285,575.0808,564.85785,570.10785,669,570.28,576.25,569.63,575.75
640,576.40466,580.7327,570.8136,575.9396,670,578.41,581.39,573.4300000000001,576.36
641,577.57275,582.13385,571.9857,577.0858,671,578.41,584.4,577.63,580.39
642,582.3741,586.7322,576.54193,581.45233,672,582.38,584.94,580.36,584.48
643,584.71747,589.2207,579.38367,584.2633,673,584.99,590.15,584.69,588.11
644,589.0994,593.57306,583.70374,588.49927,674,587.29,587.39,578.41,579.42
645,579.9046,584.8755,574.2458,579.54,675,579.91,581.9,575.36,581.5
646,581.97144,586.33563,575.6499,580.66187,676,578.77,580.22,574.68,579.76
647,579.18164,583.82184,573.88354,579.12775,677,579.41,580.05,572.89,574.04
648,575.6169,580.09045,569.5249,574.7394,678,571.37,573.38,566.65,571.53
649,571.50354,576.0102,565.6202,570.9465,679,571.19,579.91,571.09,578.36
650,579.3424,583.6754,573.6902,578.73224,680,578.42,585.91,577.19,583.17
651,583.2414,587.91077,578.2912,583.31006,681,585.39,587.93,583.4,587.66
652,587.95996,592.37024,582.5588,587.2896,682,589.88,594.85,587.89,594.45
653,594.30676,598.8877,589.10645,593.80676,683,592.19,592.32,581.86,585.76
654,584.6957,589.8801,579.2491,584.5737,684,585.24,585.24,579.41,579.54
655,581.794,586.2329,575.13257,580.2784,685,579.87,588.02,578.93,586.38
656,587.146,591.65906,581.36365,586.5017,686,585.94,586.37,572.61,573.49
657,574.4823,579.66736,568.47266,574.2112,687,574.48,577.66,573.0900000000001,575.52
658,578.33716,582.3447,571.3379,576.46545,688,570.18,576.61,569.61,574.78
659,574.4406,579.19836,569.3065,574.87134,689,575.35,578.26,571.28,575.78
660,576.7306,581.1067,570.6344,575.81775,690,574.43,576.0,565.46,566.71
661,568.0176,572.84375,561.97925,567.5886,691,565.76,570.34,561.78,568.52
662,569.1615,573.4883,562.66724,567.9871,692,571.48,575.64,570.93,573.7
663,575.83875,580.0747,570.135,575.20703,693,577.22,579.41,572.87,575.77
664,576.81604,581.2655,571.109,576.19836,694,572.83,573.69,562.2,562.2
665,563.2836,568.2258,557.0304,562.68207,695,564.02,572.31,555.96,570.93
666,570.17474,574.6775,563.40234,568.66345,696,569.62,569.93,557.53,559.34
667,560.1535,565.1222,554.44696,560.1459,697,556.19,563.58,542.56,543.0
668,546.4542,551.29346,538.8982,544.8167,698,543.5,548.0,531.64,531.75
669,535.8613,540.3435,528.37494,534.1837,699,537.42,545.69,531.71,536.47
670,540.4971,544.4991,533.3744,538.9049,700,529.56,531.34,516.88,528.58
671,524.4833,529.3583,519.22253,525.2264,701,517.58,527.98,513.59,523.07
672,523.01514,527.1251,516.6425,522.16833,702,525.81,529.53,507.14,509.77
673,512.5118,517.14014,506.17487,511.93057,703,508.06,520.33,506.71,519.41
674,519.548,523.3406,513.0197,518.30084,704,523.75,525.35,517.69,525.1
675,524.77094,528.93726,519.8893,525.1279,705,528.44,538.32,527.35,531.25
676,534.22687,537.9193,528.1936,533.10126,706,537.84,545.72,534.38,542.49
677,543.0029,547.20044,537.7124,542.56323,707,542.87,543.39,534.32,538.3
678,537.93585,542.20386,532.5477,537.44055,708,535.56,542.92,535.56,539.29
679,540.95105,544.8092,535.10913,539.836,709,541.51,547.48,540.14,547.4
680,547.39575,551.5694,542.45685,547.1797,710,548.49,552.67,545.48,547.83
681,549.15625,553.2788,543.9885,548.6891,711,547.45,551.29,542.02,548.8
682,548.29944,552.55945,542.9927,547.77057,712,557.82,558.04,553.23,557.55
683,559.59534,563.4007,553.90576,558.26624,713,553.98,556.37,551.72,553.7
684,553.4228,557.78503,548.92114,553.792,714,551.49,553.98,547.8,552.59
685,552.7537,556.7976,547.27606,551.9232,715,555.28,555.28,542.56,544.43
686,546.2422,550.66974,540.6216,545.6037,716,544.01,545.39,539.49,540.56
687,542.7221,546.55884,536.78503,541.6072,717,544.71,544.71,537.2,539.53
688,541.56433,545.49945,536.0023,540.8311,718,539.98,548.09,539.54,545.99
689,547.131,551.0563,542.00916,546.7965,719,546.99,550.43,544.8,548.78
690,549.24646,553.32666,544.7146,549.3906,720,548.88,548.95,543.68,545.81
691,546.4651,550.4519,541.4317,546.05194,721,548.29,548.29,541.99,543.89
692,545.5961,549.49585,540.1659,544.765,722,545.18,545.18,540.67,542.91
693,544.0156,547.9022,538.87585,543.5118,723,542.09,542.3,532.6,535.04
694,535.7676,539.9182,530.5095,535.36334,724,536.03,540.46,532.71,533.57
695,536.7916,540.4968,531.10254,535.7268,725,533.54,536.77,528.63,535.52
696,534.8534,538.9635,530.2777,535.04584,726,529.8,533.64,529.63,533.37
697,533.3045,537.1194,528.78284,533.38446,727,540.13,540.66,535.09,536.03
698,538.8717,542.4883,533.6792,538.0119,728,536.18,541.21,534.15,537.79
699,538.448,542.39404,533.88086,538.4684,729,537.52,542.49,537.13,539.6
700,540.9369,544.7074,536.18884,540.5732,730,539.4,540.07,535.57,538.89
701,538.76794,542.6958,534.2687,538.7072,731,539.14,540.52,535.13,540.35
702,540.31506,544.09973,535.4237,539.80865,732,537.42,539.93,530.4,532.34
703,532.9471,537.0918,528.2132,532.9253,733,532.05,534.03,528.35,532.29
704,533.16486,536.81635,527.79395,532.2291,734,529.98,534.53,527.81,529.87
705,531.03296,534.98016,526.4346,531.1199,735,529.71,535.87,527.14,535.84
706,535.25134,539.1207,530.40607,534.9292,736,529.55,531.43,522.84,523.82
707,523.8031,528.02686,519.40344,524.2386,737,525.69,529.55,522.36,525.54
708,527.99023,531.426,522.1268,526.4699,738,520.71,532.73,519.07,531.91
709,529.42786,533.9067,525.61597,530.5532,739,531.62,534.86,524.12,524.62
710,526.6747,530.6141,521.56696,526.1356,740,526.35,532.46,525.66,526.89
711,529.7879,533.3834,524.42236,528.8433,741,522.08,527.05,517.24,517.24
712,518.29553,522.45337,513.7839,518.6135,742,521.31,521.67,511.86,512.39
713,515.5702,519.09094,509.44388,513.85596,743,510.16,511.65,487.66,494.03
714,493.4155,498.05743,488.12408,493.33405,744,495.64,505.61,495.45,503.51
715,506.39154,509.69452,500.19476,504.65872,745,511.55,512.46,503.32,509.7
716,509.68454,513.8567,505.84787,510.78302,746,510.11,516.3,505.52,514.94
717,514.4561,517.95636,509.32376,513.7743,747,514.67,525.02,514.67,523.43
718,523.3487,527.3546,519.25696,523.823,748,525.56,533.1,524.85,529.14
719,530.26056,534.1007,525.9205,530.2076,749,529.06,530.3,525.58,527.32
720,527.735,531.5326,523.3198,527.5623,750,527.32,532.79,525.87,532.57
721,532.7294,536.4662,528.0369,532.2379,751,530.73,534.01,528.56,528.88
722,530.14514,534.08453,526.0008,530.3849,752,526.64,529.7,525.69,528.97
723,529.3834,533.0196,524.74347,528.95886,753,529.8,531.14,524.36,524.96
724,526.7785,530.60846,522.1832,526.56134,754,527.56,529.82,522.67,523.37
725,525.88446,529.49646,520.7705,525.1045,755,521.83,522.89,511.66,512.46
726,513.6677,517.6893,508.8573,513.5177,756,513.59,514.76,499.68,500.59
727,503.4466,507.24698,497.58588,502.15833,757,505.61,505.86,498.28,499.73
728,502.7789,506.26147,497.39783,501.86502,758,496.63,502.1,489.66,501.3
729,498.95154,502.94458,494.91724,499.69647,759,503.38,503.54,493.44,494.81
730,497.2032,500.67847,492.22058,496.6347,760,493.58,494.62,486.23,491.2
731,491.10034,494.64157,486.56625,491.00574,761,497.47,501.6,491.04,494.82
732,497.78522,501.19025,492.64752,497.0114,762,493.3,501.85,491.65,499.5
733,498.9351,502.73242,495.07776,499.66766,763,504.19000000000005,504.3,496.4,500.42
734,501.50378,504.91296,496.8148,500.95337,764,498.64,506.8,498.63,506.69
735,506.3118,509.94916,502.2309,506.56537,765,509.6,511.1,504.63,505.51
736,507.29877,510.83438,503.02734,507.1709,766,505.86,517.86,504.81,516.62
737,515.9418,519.7445,511.60703,515.8642,767,520.05,534.86,518.28,532.93
738,531.6448,536.0754,528.0437,532.40393,768,534.12,540.69,531.54,538.47
739,537.7084,541.87366,534.1387,538.18555,769,537.06,537.52,528.22,533.74
740,532.485,536.62524,528.31506,532.427,770,528.52,529.25,516.77,517.21
741,518.2819,522.4508,513.43665,517.85956,771,521.35,521.56,508.6,508.6
742,512.4192,516.1358,506.6422,510.92706,772,509.6,509.69,499.83,509.26
743,507.91138,511.81134,503.49844,507.99667,773,514.45,538.39,514.11,533.06
744,533.8834,538.21967,529.3462,534.06067,774,530.27,531.54,517.13,527.03
745,522.63684,527.53723,520.0314,524.7971,775,526.55,531.94,521.83,527.79
746,529.63586,533.02625,524.0475,528.0059,776,527.79,531.21,519.84,521.33
747,522.6022,526.9274,518.8342,523.4436,777,522.36,527.05,520.66,526.14
748,527.2909,530.729,522.3091,526.3922,778,526.2,535.73,524.97,529.55
749,530.93066,535.08624,527.2438,531.73706,779,526.55,530.54,524.58,526.38
750,526.97217,530.8066,522.91003,527.18005,780,527.85,536.23,525.48,535.47
751,535.4025,539.3239,531.1238,535.3288,781,533.83,536.98,531.92,534.5
752,534.7121,538.7642,531.25714,535.56396,782,535.78,543.33,533.21,541.44
753,541.60736,545.4771,537.2528,541.3655,783,541.86,548.4,541.64,547.51
754,547.51746,551.65186,544.0355,548.2118,784,545.33,548.49,539.61,541.35
755,541.8137,546.0199,537.8198,542.121,785,539.92,544.0,536.04,538.22
756,539.823,543.7163,535.1489,539.375,786,536.57,541.62,536.54,541.38
757,541.6815,545.6007,537.77295,542.0355,787,541.64,542.26,534.33,537.47
758,537.7914,541.83276,533.66235,538.02356,788,534.58,534.97,527.96,530.45
759,530.91223,534.7951,526.307,530.7223,789,528.55,535.32,526.8,534.62
760,534.6717,538.5284,530.3529,534.7312,790,534.43,544.72,533.98,542.38
761,542.346,546.49384,538.65076,543.08374,791,541.72,554.62,540.02,553.96
762,551.7914,556.1986,548.2206,552.5642,792,552.72,563.16,551.39,556.87
763,557.3191,561.71936,553.6106,557.852,793,559.0,570.58,557.22,569.78
764,568.3374,572.74414,564.3938,568.43994,794,568.89,573.81,564.97,572.07
765,570.5348,575.1308,567.01215,571.1866,795,570.3,575.53,566.45,571.8
766,571.5533,575.9419,567.23395,571.4388,796,573.45,576.33,571.84,573.75
767,575.1728,579.2968,570.7296,574.86084,797,573.31,575.1,565.21,566.13
768,567.1427,571.7065,562.4984,567.1605,798,565.31,568.71,561.99,567.29
769,567.9038,571.97797,562.7997,567.2864,799,562.71,563.3,553.21,553.49
770,554.2273,558.854,549.5919,554.6559,800,553.62,556.61,549.17,549.67
771,552.99365,556.7491,547.0637,551.72546,801,551.99,554.85,548.95,553.99
772,554.8091,558.8075,550.1947,554.9156,802,551.98,556.87,542.73,545.82
773,546.8607,551.31213,541.9187,546.99963,803,549.44,555.33,544.51,552.99
774,554.07007,557.9585,548.50354,553.1028,804,550.2,552.28,546.5,549.33
775,549.21924,553.5193,545.05304,549.92883,805,550.99,558.25,545.5,557.97
776,556.96204,561.03564,551.76843,556.32556,806,557.86,559.26,554.62,556.46
777,557.1113,561.3275,552.8192,557.43634,807,560.11,560.18,557.52,558.83
778,560.46704,564.2008,555.17224,559.4951,808,558.9,560.82,554.31,557.28
779,557.65857,561.88965,552.87274,557.55066,809,561.02,573.02,559.67,568.63
780,569.9861,574.145,564.75696,569.2075,810,568.94,570.69,557.21,557.26
781,558.1383,563.0486,553.3558,558.3998,811,556.06,557.37,549.14,553.65
782,554.37476,558.4276,548.07404,552.8265,812,551.49,553.76,546.63,546.84
783,548.9054,553.1389,543.62885,548.63574,813,550.11,551.95,546.67,550.52
784,552.1147,555.8705,546.40686,551.09033,814,548.49,553.19,545.22,546.5
785,547.98456,552.207,543.0681,548.0823,815,547.1,549.63,538.02,541.07
786,542.4107,546.5813,536.57446,541.5427,816,539.37,539.37,532.39,534.06
787,535.25586,539.2754,529.5788,534.573,817,530.76,536.94,528.12,535.3
788,535.35754,539.31775,530.0205,534.9813,818,536.61,541.2,534.53,535.55
789,538.0536,541.91736,532.8803,537.7106,819,536.91,542.36,536.91,540.13
790,541.50635,545.29724,536.325,541.0401,820,539.55,540.47,534.02,539.3
791,538.4739,542.5797,533.54,538.36115,821,540.81,540.81,535.84,538.53
792,539.8048,543.5541,534.13824,538.7738,822,536.94,542.57,535.84,537.69
793,539.28796,543.27136,534.13855,538.9656,823,534.78,536.1,526.65,528.94
794,529.12823,533.3349,523.7653,528.7232,824,527.25,533.27,521.79,531.07
795,530.8933,534.86896,525.1799,529.9855,825,528.45,534.12,528.16,532.34
796,532.8871,536.9134,528.2889,533.11755,826,527.21,528.39,519.58,522.62
797,521.96277,526.0913,517.00006,521.88354,827,524.16,534.62,523.06,533.91
798,534.7396,538.5008,529.12164,533.67426,828,536.04,537.91,532.21,532.51
799,533.7759,537.92444,529.5432,534.2832,829,532.94,539.6,530.29,537.89
800,537.94507,541.7047,532.5339,536.9828,830,539.52,549.45,538.75,545.5
801,546.34595,550.58057,541.84735,546.4155,831,564.55,569.58,555.72,563.51
802,566.0673,570.1189,560.4758,564.516,832,563.39,565.95,553.2,555.37
803,555.0842,559.91113,550.5147,555.33887,833,554.64,556.02,550.37,553.68
804,554.7958,558.65826,548.8085,553.1811,834,550.47,553.68,546.91,549.08
805,549.88513,554.1927,545.2032,549.9907,835,547.87,548.59,535.05,537.34
806,538.3838,542.7629,532.6773,537.668,836,538.43,539.54,532.1,537.9
807,538.9995,542.797,533.19495,537.9022,837,538.53,544.07,535.06,540.78
808,541.6914,545.7683,536.97705,541.8398,838,538.21,539.74,530.39,530.8
809,531.9599,536.1039,526.9357,531.86487,839,531.24,532.38,521.09,524.22
810,525.90247,529.8041,519.99896,524.782,840,523.99,533.46,521.75,530.7
811,531.36945,535.3742,526.4018,531.23267,841,536.65,541.15,525.0,538.22
812,536.59845,540.9667,531.94147,536.73376,842,538.37,541.98,535.4,535.7
813,538.07654,541.8634,533.07355,537.6166,843,531.6,533.21,525.26,529.04
814,528.29913,532.41736,523.59863,528.3098,844,530.56,534.32,528.66,529.62
815,532.7805,536.3002,527.289,531.656,845,533.77,539.0,532.41,538.4
816,538.96826,542.88947,534.5548,539.06573,846,539.18,539.27,530.38,533.85
817,533.77576,537.8473,529.0683,533.66046,847,532.01,534.82,528.85,532.3
818,533.24554,536.9518,528.03766,532.4818,848,533.98,540.66,533.04,537.36
819,538.89734,542.7964,534.2449,538.72986,849,538.49,542.92,532.97,539.27
820,538.941,543.0765,534.43774,538.99005,850,537.95,543.84,535.98,542.51
821,542.48456,546.4332,537.80493,542.22644,851,540.15,544.19,539.51,540.11
822,541.38666,545.35876,537.028,541.48193,852,538.12,539.0,529.88,532.32
823,532.557,536.6633,527.58453,532.19025,853,532.8,540.55,531.71,539.79
824,540.6437,544.43005,535.51807,539.935,854,538.01,540.61,536.25,539.78
825,539.3744,543.4944,535.53705,540.1228,855,537.37,538.63,531.45,532.11
826,533.2422,537.1045,528.15186,532.66943,856,536.79,536.79,529.76,533.99
827,535.3932,539.1144,529.98724,534.3988,857,532.93,543.0,531.33,539.18
828,539.4439,543.5844,534.9334,539.6549,858,539.91,543.5,537.11,540.31
829,541.06885,545.0043,536.48596,540.93896,859,537.76,540.59,534.32,536.7
830,537.18744,541.1604,532.4748,537.0154,860,536.35,537.2,532.52,533.33
831,534.92523,538.696,529.8267,534.29126,861,533.31,534.12,526.24,526.83
832,528.5038,532.42303,523.3756,528.02234,862,527.56,529.2,523.01,526.69
833,527.82117,531.4906,522.5769,527.0841,863,529.36,538.36,529.35,536.69
834,537.82874,541.7064,533.2141,537.74884,864,538.42,538.98,533.02,534.61
835,535.1537,539.1515,530.85205,535.3576,865,531.6,533.12,530.16,532.33
836,532.84607,536.46344,527.94165,532.2741,866,528.0,528.3,524.0,527.2
837,526.66113,530.5862,522.32056,526.8374,867,528.4,529.64,525.56,528.15
838,529.699,533.20776,524.65924,528.946,868,529.37,530.98,525.1,529.26
839,529.45374,533.29126,525.0351,529.517,869,531.0,538.15,530.79,536.73
840,537.7544,541.4402,533.0188,537.3314,870,537.21,538.25,533.01,536.69
841,536.2537,540.27075,532.15234,536.5659,871,539.59,543.74,537.53,538.19
842,541.0453,544.63745,535.83325,540.0232,872,539.64,541.5,535.25,540.48
843,539.9492,543.98315,535.5995,540.0053,873,540.0,540.0,535.66,537.84
844,538.48846,542.255,533.6583,537.979,874,538.87,540.9,535.23,535.23
845,537.5078,541.26843,532.5373,536.9291,875,537.26,537.76,531.35,531.69
846,533.55426,537.3524,528.4817,532.9501,876,525.01,528.61,520.54,521.52
847,522.1958,526.192,517.4015,522.1298,877,526.02,526.25,520.5,520.51
848,523.9203,527.3555,518.291,522.6272,878,524.73,525.69,518.23,521.84
849,522.9676,526.74976,518.16974,522.7927,879,521.08,524.65,521.08,523.4
850,524.742,528.222,519.98303,524.41766,880,519.5,525.25,519.0,522.86
851,522.9443,526.7858,518.80676,523.3522,881,523.13,526.18,515.18,525.02
852,523.4874,527.4324,518.8675,523.3155,882,521.05,522.73,516.11,516.83
853,517.8541,521.66486,513.31036,517.8255,883,523.12,523.77,520.35,520.68
854,523.9167,527.1553,518.4958,522.6177,884,526.29,532.56,525.55,530.13
855,531.6302,535.40894,527.2091,531.6265,885,532.88,547.11,532.4,546.55
856,545.15063,549.3668,541.0271,545.401,886,546.76,565.85,546.71,561.1
857,559.629,564.4282,556.12634,560.4575,887,560.13,566.5,556.79,560.22
858,560.02563,564.57764,556.18414,560.32104,888,565.12,580.68,565.0,579.85
859,579.24194,583.6055,574.8341,578.63135,889,649.0,674.47,645.0,672.93
860,673.89417,679.59314,669.50757,670.4801,890,659.24,668.88,653.01,663.02
861,654.9203,660.40894,652.8024,655.64874,891,655.21,673.0,654.3,662.3
862,659.263,665.4978,656.8025,659.5157,892,660.89,678.64,659.0,662.1
863,663.4745,668.89197,660.1064,663.3793,893,661.27,663.63,641.0,644.28
864,643.72394,649.88464,639.0835,644.20404,894,647.0,648.17,622.52,623.56
865,626.9263,633.0128,620.4981,626.4678,895,621.0,634.3,620.5,627.26
866,630.7608,635.262,624.8712,630.33594,896,632.83,632.83,623.31,628.0
867,629.976,634.32837,624.71704,630.01074,897,628.8,633.36,622.65,631.93
868,631.9031,636.4625,627.1892,632.33875,898,630.0,635.22,622.05,632.59
869,631.39124,636.2934,627.0244,632.248,899,631.38,632.91,625.5,625.61
870,627.8236,632.5285,622.95056,628.12415,900,625.34,633.06,625.34,631.21
871,632.32227,636.8329,627.6395,632.52997,901,628.4200000000001,634.81,627.16,629.25
872,630.58704,635.33234,626.1627,631.22424,902,634.33,647.86,633.16,643.78
873,644.52905,649.1686,640.05096,644.3999,903,645.0,645.38,632.25,642.68
874,639.6282,644.87646,635.2864,640.2258,904,640.23,642.68,629.71,635.3
875,634.8828,640.23645,629.7835,634.9547,905,639.48,643.44,631.25,633.73
876,636.4036,641.2263,630.6244,635.6157,906,669.2,674.9,654.27,660.78
877,667.1282,671.0548,660.5149,663.78326,907,663.08,665.0,652.29,659.56
878,657.507,662.47534,652.47327,657.2797,908,659.32,664.5,651.66,656.45
879,656.3966,661.82886,651.0983,655.92566,909,655.01,659.85,652.66,657.12
880,657.0558,662.1151,651.729,656.65234,910,656.8,661.38,651.24,660.87
881,659.015,664.2032,653.73193,658.756,911,661.9,664.0,653.46,656.13
882,657.0897,662.35364,651.2644,656.528,912,656.6,667.0,654.19,660.9
883,661.5996,666.89075,655.9559,661.1432,913,655.46,662.99,642.9,646.83
884,647.22394,653.51855,640.9525,647.4778,914,639.78,640.05,612.33,612.48
885,613.7527,621.4021,605.4391,613.829,915,573.0,599.33,565.05,589.61
886,582.38074,590.54944,574.3101,583.9875,916,614.91,617.45,581.11,582.06
887,595.5003,600.35297,583.29724,590.4929,917,610.35,631.71,599.05,628.62
888,630.2982,635.23694,622.0283,628.32166,918,639.4,643.59,622.0,637.61
889,635.7882,641.7755,629.3673,635.6962,919,632.82,636.88,624.56,630.38
890,629.7318,636.0171,622.99884,629.51746,920,627.54,635.8,617.68,618.25
891,621.9773,628.27734,614.22656,621.1498,921,602.36,612.86,594.1,597.79
892,598.18317,605.09094,590.38727,598.5619,922,605.59,614.34,599.71,614.34
893,617.1476,621.91736,608.25464,614.5641,923,617.0,619.71,602.82,606.25
894,608.60913,614.44617,601.4756,608.589,924,600.0,603.47,595.25,600.7
895,601.00195,606.5564,593.3116,600.31177,925,612.49,616.31,604.12,614.66
896,617.3718,622.19244,609.4709,615.4347,926,621.22,626.52,609.6,612.72
897,615.86005,621.4974,608.7783,615.2301,927,613.1,624.16,611.43,621.35
898,621.8168,627.2866,614.9236,621.0198,928,619.75,625.78,617.42,625.77
899,625.2058,630.71936,618.99097,624.98804,929,625.7,625.86,619.43,623.24
900,623.6365,629.17957,617.014,623.06775,930,626.7,638.7,623.78,635.14
901,635.92957,641.3933,629.3987,635.02625,931,635.47,637.95,632.32,635.98
902,636.3281,641.82996,630.2512,636.0305,932,637.79,650.9,635.02,642.9
903,644.2471,650.0044,638.0215,643.6012,933,636.79,640.0,627.02,629.25
904,629.21545,635.6073,622.7256,629.45044,934,634.4,636.49,625.94,635.44
905,636.1802,641.6272,628.6964,634.64404,935,627.0,627.55,615.43,622.69
906,621.0645,627.2772,614.2401,621.4674,936,622.05,628.93,620.0,622.36
907,626.4424,631.6451,618.74426,625.0703,937,616.64,627.3200000000002,612.4,625.8
908,623.9264,629.81464,617.6437,624.3847,938,629.77,629.77,611.0,611.97
909,615.4568,621.45386,607.5681,614.4237,939,610.34,614.6,589.38,594.89
910,596.8523,603.33716,588.23145,595.9591,940,597.28,605.0,590.22,594.97
911,600.19763,605.1187,591.1776,598.03125,941,603.28,608.76,600.73,608.42
912,611.08417,615.77423,603.87134,610.052,942,608.37,612.09,599.85,611.29
913,609.3746,614.9303,603.0931,609.4968,943,607.2,627.34,603.13,626.91
914,623.2422,629.0818,617.4137,623.27905,944,632.0,643.01,627.0,641.47
915,639.7441,645.27673,634.5162,639.3817,945,638.84,649.25,636.53,645.44
916,643.5171,649.3623,638.44415,643.5137,946,649.24,650.61,632.15,642.36
917,640.2379,646.52466,633.9945,639.5347,947,641.36,644.45,625.56,639.16
918,636.43274,642.7484,629.7844,635.8436,948,640.0,645.99,635.32,643.61
919,644.2018,649.5703,637.58545,643.0967,949,642.09,648.5,639.01,646.67
920,646.06757,651.5697,640.11035,645.7312,950,643.15,657.81,643.15,652.3
921,652.1259,657.8323,646.5753,651.99023,951,653.21,659.39,648.85,651.16
922,652.604,658.2241,646.614,652.069,952,654.66,663.1299999999999,654.46,661.74
923,662.09436,667.41833,656.2965,661.30457,953,664.11,664.97,657.2,662.2
924,661.73145,667.1903,655.8217,661.1426,954,661.18,666.82,659.58,666.1
925,665.48596,671.05164,659.8384,665.1272,955,664.04,664.72,644.2,650.28
926,649.3801,656.11444,642.6509,649.4199,956,654.15,655.87,641.73,642.61
927,646.4442,652.4109,638.64856,645.1342,957,646.7,657.8,644.01,651.79
928,654.5117,659.7915,647.33716,653.4143,958,727.5,730.0,701.5,702.0
929,715.44836,718.9828,706.1655,707.8709,959,701.55,719.15,701.26,712.78
930,711.3202,715.3667,704.7385,708.6161,960,707.38,713.6199999999999,704.55,708.49
931,706.86145,712.2418,701.11743,705.41943,961,707.3299999999999,712.98,703.08,712.95
932,709.45996,715.2203,704.2228,708.652,962,710.5,718.26,710.01,716.9199999999998
933,714.9529,720.34094,709.8108,714.1264,963,715.73,718.0,710.05,710.81
934,710.80347,716.332,705.01715,709.9268,964,711.06,721.62,705.85,721.11
935,716.8975,722.78296,711.9641,716.671,965,718.86,724.65,714.72,722.16
936,720.19824,725.50464,714.7822,719.42426,966,722.0,733.1,721.9,728.11
937,727.3497,732.53033,722.26843,726.4736,967,729.47,739.48,729.47,731.25
938,732.0405,736.94714,726.6392,730.72876,968,731.5,735.41,727.01,733.76
939,731.2494,736.38806,725.83997,730.2938,969,730.2,734.71,719.43,724.89
940,723.42065,729.38495,717.6416,723.05804,970,724.4,730.59,718.5,728.32
941,725.6173,731.586,720.256,725.493,971,732.46,741.0,730.23,735.4
942,735.66504,740.76794,730.00854,734.48584,972,731.0,737.8,728.65,731.23
943,731.0537,736.41144,725.1207,730.4009,973,729.1700000000001,731.15,716.73,717.0
944,718.086,724.5741,711.4815,717.95483,974,715.6,729.49,711.33,728.96
945,724.9968,731.5989,719.7308,725.64124,975,729.29,731.84,723.03,725.3
946,726.4795,731.95825,719.83685,725.56866,976,727.58,741.41,727.0,740.0
947,738.14526,743.57495,732.71826,737.55634,977,738.74,742.0,737.43,738.41
948,739.2003,743.96765,732.91693,737.84216,978,746.53,757.92,743.0,756.6
949,754.2529,759.07715,748.9081,752.73315,979,757.45,762.71,751.82,755.98
950,756.0068,760.35254,749.6963,753.86646,980,752.0,755.28,737.63,748.28
951,745.2602,751.0093,738.94995,744.5613,981,748.14,752.0,746.06,748.15
952,748.51733,753.96124,742.7518,747.84204,982,748.46,753.41,747.49,750.26
953,750.2306,755.50726,744.34216,749.53125,983,748.81,754.93,741.27,742.6
954,744.0024,749.9026,737.6255,743.58765,984,747.11,768.95,746.7,767.04
955,762.9907,768.5902,758.3546,762.7134,985,768.9,775.96,758.96,762.38
956,763.7566,768.25366,756.89355,761.4834,986,766.01,768.99,745.63,752.54
957,752.9254,758.7055,745.80884,751.6682,987,753.1,768.49,750.0,766.81
958,763.5386,769.3183,758.25867,763.4309,988,767.77,768.73,755.09,763.25
959,761.9039,767.0373,755.043,760.50964,989,757.89,764.8,754.2,762.37
960,760.65405,766.19586,754.72784,760.3196,990,759.17,764.23,737.0,751.61
961,748.5934,755.4558,741.8436,748.8292,991,752.85,755.85,743.83,749.46
962,749.68884,756.07227,743.4269,749.7785,992,741.16,745.71,736.75,738.87
963,739.20483,745.94495,732.7355,740.1408,993,741.79,748.73,724.17,747.77
964,742.12805,749.4036,736.07635,743.10254,994,753.0,758.08,743.01,743.4
965,747.8373,753.6467,740.75024,746.9275,995,750.0,760.59,739.43,758.09
966,755.2105,761.0619,749.0231,754.82324,996,762.42,762.68,749.0,749.43
967,753.0071,758.25085,745.4391,751.4354,997,746.51,754.13,738.15,739.31
968,742.28,748.68243,735.37573,742.44507,998,746.13,750.0,740.0,747.77
969,748.069,754.09546,741.6686,747.9442,999,751.65,754.85,745.53,750.0
970,751.51825,756.9772,744.768,750.8324,1000,753.47,754.21,744.0,750.31
971,750.7637,756.35425,743.94763,750.16705,1001,749.55,751.35,746.62,748.4000000000001
972,749.95447,755.5062,743.45447,749.68494,1002,752.92,762.99,749.52,762.51
973,761.0012,766.4127,755.2703,760.5954,1003,766.69,779.98,766.43,776.6
974,776.2378,780.52924,770.47144,774.5638,1004,776.6,777.6,766.9,771.0
975,771.58484,775.79675,764.47595,769.4216,1005,769.5,769.5,758.34,758.88
976,760.9727,766.29205,753.9415,759.99536,1006,743.0,744.06,731.26,741.84
977,737.6379,745.22144,731.34814,739.76794,1007,746.45,752.0,738.64,742.58
978,745.005,751.95026,738.7463,745.6729,1008,730.0,747.18,728.92,743.62
979,740.8286,748.01917,735.15247,742.8744,1009,730.31,738.5,719.06,726.39
980,726.07654,733.8873,719.3258,727.9951,1010,731.45,733.23,713.0,714.47
981,718.8401,726.6271,711.1758,719.6808,1011,716.61,718.85,703.54,716.03
982,715.50916,723.00916,708.2219,716.8102,1012,721.68,728.75,717.32,726.07
983,728.79083,734.8407,721.59344,728.70044,1013,730.85,734.74,698.61,700.56
984,707.07544,714.6028,697.7539,707.0304,1014,705.38,721.9200000000001,689.1,714.72
985,712.96704,720.83484,706.0039,714.31836,1015,692.29,706.74,685.37,694.45
986,694.95386,702.76917,687.4227,697.29297,1016,703.3,709.98,693.41,701.79
987,706.1968,712.82166,698.203,705.984,1017,688.61,706.8499999999999,673.26,698.45
988,694.9067,702.7251,687.6571,697.03674,1018,702.18,719.19,694.46,706.59
989,710.7377,717.22266,703.40967,710.6394,1019,723.6,728.13,720.12,725.25
990,730.07935,734.7036,722.60803,728.12683,1020,723.58,729.68,710.01,711.67
991,716.0891,722.0619,708.15424,715.5713,1021,713.85,718.28,706.48,713.04
992,714.7762,721.322,707.9534,715.13525,1022,713.67,718.23,694.39,699.99
993,702.97485,710.2926,695.1873,703.58875,1023,722.22,733.69,712.35,730.96
994,732.4578,738.21344,725.6434,731.23584,1024,731.53,744.99,726.8,742.95
995,742.3611,747.1094,735.51526,741.0726,1025,750.46,757.86,743.27,752.0
996,753.51544,757.9558,746.6605,751.2292,1026,784.5,789.87,764.65,764.6499999999999
997,772.47473,776.0237,764.39355,767.36926,1027,770.22,774.5,720.5,726.95
998,731.9072,738.8829,721.7101,729.9387,1028,722.81,727.0,701.86,708.01
999,709.32983,718.13196,701.65546,710.9646,1029,703.87,703.99,680.15,683.57
1000,685.7094,694.9907,676.62854,687.3818,1030,667.85,684.03,663.06,682.74
1001,680.6432,689.1885,672.34326,682.7041,1031,672.32,699.9,668.77,678.11
1002,684.57587,691.78735,675.62427,685.0765,1032,686.86,701.31,682.13,684.12
1003,692.84247,698.7982,683.84735,691.84296,1033,675.0,689.35,668.87,683.11
1004,683.0509,690.0425,675.4093,684.31683,1034,690.26,693.75,678.6,682.4
1005,687.8817,694.1639,679.50494,687.24194,1035,692.98,698.0,685.05,691.0
1006,695.563,701.3211,687.66876,694.7352,1036,698.09,709.75,691.38,708.4
1007,708.4047,714.197,701.5747,707.9802,1037,710.0,712.35,696.03,697.35
1008,701.3423,707.44226,693.65753,700.75073,1038,695.03,703.08,694.05,700.91
1009,701.80554,708.2784,695.43494,702.3695,1039,707.45,713.24,702.51,706.46
1010,709.8328,715.6462,702.8733,709.19336,1040,701.45,708.4,693.58,695.85
1011,698.3243,704.9874,691.2874,698.85114,1041,688.92,700.0,680.78,699.56
1012,695.94904,703.3324,689.7412,697.46313,1042,700.01,705.98,690.59,705.75
1013,704.5989,710.95197,697.85046,704.6974,1043,708.58,713.43,700.86,705.07
1014,708.08215,713.92737,701.0258,707.5257,1044,700.32,710.89,697.68,697.77
1015,701.50793,707.95447,694.7656,701.91473,1045,703.62,718.81,699.77,718.81
1016,717.03143,723.22955,711.11676,717.0781,1046,719.0,720.0,712.0,718.85
1017,719.03357,724.40686,712.2798,718.27985,1047,718.68,719.45,706.02,712.42
1018,712.71533,719.0493,705.95795,712.65393,1048,714.99,716.49,706.02,710.89
1019,712.2382,718.605,705.5515,712.2433,1049,706.9,708.09,686.9,695.16
1020,694.7377,702.3384,687.3611,695.7411,1050,688.59,703.79,685.34,693.97
1021,695.78827,703.08594,689.08954,696.9173,1051,698.47,705.68,694.0,705.24
1022,706.09235,712.0244,698.98376,705.78467,1052,708.12,716.44,703.36,712.8199999999999
1023,714.2213,719.8209,707.3685,713.6536,1053,720.0,726.92,717.13,726.82
1024,727.4562,732.5923,721.0894,726.34705,1054,726.81,735.5,725.15,730.49
1025,731.77856,736.9304,725.484,730.8009,1055,726.92,732.29,724.77,728.33
1026,728.8544,734.5061,722.6548,728.4973,1056,726.37,737.47,724.51,736.09
1027,734.21985,740.1849,728.71533,734.2501,1057,736.45,743.07,736.0,737.78
1028,739.2345,744.47,733.2562,738.31104,1058,741.86,742.0,731.83,737.6
1029,737.0237,742.57263,730.6399,736.0971,1059,736.5,742.5,733.52,742.09
1030,740.37805,746.0012,734.79565,740.08374,1060,737.46,745.0,737.46,740.75
1031,740.8754,746.40967,735.089,740.5674,1061,742.36,745.72,736.15,738.06
1032,739.1575,744.8788,732.8898,738.574,1062,732.01,737.75,731.0,735.3
1033,734.5264,740.63617,728.75604,734.96735,1063,736.79,738.99,732.5,733.53
1034,734.937,740.87,728.6668,734.72046,1064,734.59,747.25,728.76,744.77
1035,741.9087,748.0403,736.35657,742.10315,1065,750.1,757.88,748.74,750.53
1036,753.0652,757.85706,746.8446,751.50714,1066,749.25,750.85,740.94,744.95
1037,744.881,750.2622,738.17505,744.0072,1067,738.6,750.34,737.0,749.91
1038,746.82776,752.8643,741.5244,747.2557,1068,750.06,752.8,742.43,745.29
1039,746.1458,751.7687,739.69275,745.46484,1069,738.0,742.8,735.37,737.8
1040,737.7958,744.0525,731.73035,738.30304,1070,735.77,746.24,735.56,745.69
1041,743.9634,750.1218,738.5585,744.46484,1071,745.37,747.0,736.28,740.28
1042,740.735,746.6281,734.1197,740.4102,1072,743.97,745.45,735.55,739.15
1043,740.3206,746.32263,733.8326,740.03125,1073,743.02,745.0,736.05,736.1
1044,738.8641,744.7645,732.14014,738.4671,1074,738.0,743.83,731.01,743.09
1045,741.20184,747.33093,735.1161,741.40515,1075,749.16,754.38,744.26,751.72
1046,752.2165,757.41064,745.9607,751.2005,1076,754.01,757.31,752.71,753.2
1047,755.3054,759.9834,748.7816,753.9013,1077,753.98,761.0,752.69,759.0
1048,758.7647,763.7035,752.76917,757.8185,1078,760.46,768.05,757.3,766.61
1049,765.2092,769.9824,759.35266,764.0187,1079,769.51,769.9,749.33,753.93
1050,755.1678,760.6818,747.8696,753.77563,1080,758.0,758.13,750.01,752.67
1051,753.7423,759.4245,747.3825,753.2239,1081,755.38,760.45,749.55,759.14
1052,757.6791,763.32605,751.69806,757.432,1082,726.3,736.12,713.61,718.77
1053,716.00323,724.8971,709.3412,719.42285,1083,716.1,723.93,715.59,723.15
1054,723.39966,731.2575,717.39984,725.20337,1084,725.42,725.77,703.03,708.14
1055,710.76086,718.37024,702.33905,711.37305,1085,707.29,708.98,692.36,705.84
1056,704.9812,712.70984,697.3716,706.2816,1086,708.26,714.17,689.55,691.02
1057,697.56256,705.00806,688.7008,697.85693,1087,690.7,697.62,689.0,693.01
1058,697.1273,703.8158,689.13904,697.7391,1088,697.63,700.64,691.0,698.21
1059,701.49536,707.5488,693.39,701.37823,1089,696.87,697.84,692.0,692.36
1060,696.8565,702.9626,688.94104,697.095,1090,690.49,699.75,689.01,695.7
1061,698.5194,704.9571,691.43756,699.3015,1091,697.7,702.32,695.72,701.43
1062,704.15784,710.0397,697.10675,704.3371,1092,698.38,711.86,698.11,711.12
1063,711.29193,717.3943,705.1145,712.02246,1093,712.0,718.71,710.0,712.8999999999999
1064,716.2512,721.9258,709.6515,716.1089,1094,716.75,723.5,715.72,723.18
1065,724.3755,729.95776,718.24817,724.2159,1095,723.41,724.48,712.8,715.29
1066,717.64154,723.692,710.683,717.5459,1096,717.06,719.25,709.0,713.31
1067,715.08167,721.57495,708.5134,715.5108,1097,711.93,716.6599999999999,709.26,710.83
1068,713.64087,719.99304,707.02435,714.1968,1098,709.13,718.48,705.65,716.49
1069,716.28015,722.75073,710.0476,717.08075,1099,715.99,721.52,704.11,706.23
1070,709.9501,716.6013,702.6834,710.23596,1100,703.67,711.6,700.63,706.63
1071,708.1868,714.9214,701.6105,709.11365,1101,702.36,706.0,696.8,700.32
1072,702.2314,708.9114,695.151,703.04425,1102,701.62,714.58,700.52,709.74
1073,711.8938,718.1983,705.3548,712.27625,1103,706.53,711.48,704.18,704.24
1074,707.7988,713.77203,700.68805,707.97296,1104,706.86,720.97,706.86,720.0899999999999
1075,720.27234,726.3109,714.2864,720.5342,1105,720.76,727.51,719.71,725.27
1076,726.8399,732.11084,720.3869,726.2627,1106,722.87,728.33,720.28,724.12
1077,725.3689,731.0679,719.05347,725.22375,1107,724.01,733.94,724.0,732.6599999999999
1078,732.5425,738.2925,726.8531,732.53735,1108,731.74,739.73,731.26,735.72
1079,736.7621,742.1732,730.7472,736.2906,1109,734.53,737.21,730.66,734.15
1080,734.5464,740.1649,728.34515,734.2048,1110,732.5,733.02,724.17,730.4
1081,729.52356,735.71906,723.28186,729.6936,1111,729.27,729.49,720.56,722.34
1082,723.5243,729.9956,716.9987,723.78394,1112,724.91,724.91,714.61,716.55
1083,718.34656,724.99567,711.5259,718.5945,1113,719.84,721.98,716.55,716.65
1084,719.64844,725.81854,712.84955,719.6203,1114,723.96,728.57,720.58,728.28
1085,729.0634,734.6437,722.53357,728.4935,1115,722.87,729.54,722.34,728.58
1086,728.497,734.1166,722.1715,728.4546,1116,719.47,725.89,716.43,719.41
1087,720.00916,726.3982,713.71936,720.6627,1117,716.51,725.44,716.51,718.36
1088,720.5913,726.98474,714.471,721.124,1118,716.48,722.47,713.1199999999999,718.27
1089,718.95776,725.2715,712.57117,719.417,1119,719.0,722.98,717.31,718.92
1090,721.2843,727.20764,714.77563,721.2622,1120,714.91,716.65,703.26,710.36
1091,709.91003,716.74536,703.04517,710.70984,1121,708.65,708.82,688.45,691.72
1092,693.95166,701.7524,686.26685,694.93555,1122,698.77,702.48,693.41,693.71
1093,699.28156,705.7865,691.51404,699.12195,1123,698.4,702.77,692.01,695.94
1094,699.8342,705.8695,691.9091,699.5769,1124,699.06,700.86,693.08,697.46
1095,700.3502,706.3272,692.7355,700.1553,1125,697.45,701.95,687.0,701.8700000000001
1096,700.5216,706.9735,693.4889,700.9588,1126,675.1700000000001,689.4,673.45,675.22
1097,676.30896,684.2174,669.58606,678.9933,1127,671.0,672.3,663.28,668.26
1098,669.9646,677.26184,662.03064,670.76807,1128,678.97,680.33,673.0,680.04
1099,684.54004,690.06494,676.17786,683.4661,1129,683.0,687.43,681.41,684.11
1100,688.41504,693.782,680.84265,687.9945,1130,685.47,692.32,683.65,692.1
1101,693.2413,699.106,686.56177,693.3715,1131,692.2,700.65,692.13,699.21
1102,700.6718,706.464,694.36285,700.7258,1132,696.06,696.94,688.88,694.95
1103,694.791,701.08185,688.2191,695.24677,1133,689.98,701.68,689.09,697.77
1104,698.3412,704.90576,692.35986,699.1785,1134,698.08,698.2,688.22,695.36
1105,695.4917,701.88184,688.64197,695.7531,1135,699.5,705.71,696.43,705.63
1106,706.58606,712.4947,700.2213,706.41266,1136,708.05,716.51,707.24,715.09
1107,716.13763,721.57275,709.9049,715.6604,1137,719.12,722.94,715.91,720.64
1108,721.91846,727.2258,715.59406,721.067,1138,723.62,724.0,716.85,716.98
1109,719.4147,725.04443,712.76434,718.6873,1139,721.58,722.21,718.03,720.95
1110,722.1073,727.7921,715.8544,721.64276,1140,725.73,725.74,719.05,719.85
1111,722.1515,727.82794,715.47455,721.4765,1141,722.71,736.13,721.19,733.78
1112,732.8546,738.6305,727.26746,732.6593,1142,729.89,736.99,729.0,736.96
1113,735.73157,741.03235,729.8313,735.24225,1143,737.33,742.13,737.1,741.19
1114,741.36646,746.4792,735.549,740.4853,1144,740.36,741.69,735.83,738.63
1115,738.67847,744.04346,732.51276,737.96985,1145,741.86,743.24,736.56,742.74
1116,741.84576,747.32434,735.9547,741.1918,1146,740.67,742.61,737.5,739.77
1117,739.8895,745.40344,733.8365,739.4535,1147,739.04,741.69,734.27,738.42
1118,738.0569,743.91144,732.0646,737.8922,1148,738.28,744.46,737.0,741.77
1119,741.6732,747.3672,735.92285,741.45374,1149,747.04,748.65,739.3,745.91
1120,745.2626,750.66345,739.0486,744.33374,1150,772.71,778.55,766.77,768.79
1121,772.5225,776.26746,766.2262,768.8431,1151,761.09,780.4300000000001,761.0899999999999,772.88
1122,770.681,774.78815,764.673,768.72473,1152,768.69,775.84,767.85,771.0699999999999
1123,770.704,774.791,764.44543,768.4531,1153,767.1800000000001,773.21,766.82,773.18
1124,770.8927,775.3048,765.0636,769.30615,1154,772.22,774.07,768.79,771.61
1125,770.60706,775.0769,764.4763,768.8608,1155,773.78,783.04,772.34,782.22
1126,779.1969,783.61786,773.8487,777.55505,1156,782.0,782.63,778.09,781.76
1127,779.8446,783.7633,773.67883,777.5315,1157,781.1,788.94,780.57,784.26
1128,783.2771,787.40265,777.5684,781.3034,1158,783.75,786.81,782.78,784.68
1129,783.5248,787.52826,777.51587,781.4543,1159,785.0,789.75,782.97,784.85
1130,784.2711,788.4784,778.3025,782.345,1160,781.5,783.4,780.4,783.22
1131,781.28,785.7395,775.3574,779.89996,1161,783.75,787.49,780.11,782.44
1132,781.7352,786.4168,775.8097,780.32086,1162,780.3,780.98,773.44,777.1399999999999
1133,775.4198,780.5897,769.2787,774.5586,1163,777.32,780.81,773.53,779.91
1134,777.54724,782.80756,771.96985,776.9531,1164,780.01,782.86,777.0,777.5
1135,777.5963,782.6026,771.6038,776.6112,1165,775.0,777.1,773.13,775.42
1136,774.298,779.58264,768.4421,773.853,1166,773.27,774.54,770.05,772.15
1137,771.3364,776.8749,765.4335,771.10803,1167,775.48,776.44,771.78,772.08
1138,772.70337,778.0816,766.71735,772.1164,1168,770.58,774.5,767.07,769.64
1139,769.4261,775.08765,763.50385,769.3491,1169,767.0,771.89,763.18,769.41
1140,767.86316,773.77344,762.1643,768.15125,1170,769.0,776.08,765.85,769.54
1141,769.8817,775.59204,764.1052,769.82007,1171,768.74,774.99,766.61,772.15
1142,771.38025,776.87946,765.649,771.26263,1172,769.33,774.47,766.84,769.09
1143,769.6013,775.0875,763.60126,769.42224,1173,767.01,769.09,765.38,767.05
1144,767.25757,772.81274,761.2919,767.2627,1174,769.25,771.02,764.3,768.78
1145,768.561,774.12476,762.5873,768.40283,1175,773.01,773.92,768.41,771.46
1146,771.97504,777.14905,765.8871,771.348,1176,773.45,782.0,771.0,780.08
1147,778.811,783.8147,773.2235,778.22766,1177,780.0,782.73,776.2,780.35
1148,780.1588,784.7107,773.96875,778.9697,1178,778.59,780.35,773.5800000000002,775.32
1149,776.0948,781.0051,769.7419,775.2555,1179,770.1,773.24,759.66,759.66
1150,761.7691,768.01514,755.0657,762.1311,1180,755.13,770.29,754.0,769.02
1151,765.8513,772.5624,760.9674,767.47394,1181,764.48,766.22,755.8,759.69
1152,759.82275,766.0471,753.3341,760.30664,1182,759.61,767.68,759.1100000000001,762.49
1153,763.84033,769.8915,758.13696,764.37036,1183,762.89,773.8,759.96,771.76
1154,770.0576,775.753,764.44507,770.28186,1184,769.75,769.75,764.66,768.88
1155,768.71985,773.90466,762.3199,768.25305,1185,772.42,774.0,764.44,765.7
1156,768.032,773.4158,761.48773,767.4015,1186,769.0,773.33,768.53,771.41
1157,772.54395,777.6212,766.57886,772.0769,1187,772.66,777.16,768.3,776.22
1158,775.252,780.2573,769.1948,774.65826,1188,780.0,789.8500000000001,778.44,787.21
1159,786.6127,791.0371,780.92975,785.3276,1189,786.59,788.93,784.15,786.9
1160,787.1306,791.0104,780.66315,785.2302,1190,782.74,782.74,773.07,774.21
1161,775.3602,780.32837,768.4139,774.3456,1191,775.5,785.99,774.31,783.01
1162,782.0989,787.2898,776.662,781.78253,1192,777.85,781.81,774.97,781.56
1163,779.7395,784.6837,773.67206,779.23083,1193,781.44,785.8,774.23,775.01
1164,776.9374,782.20935,770.5032,776.18005,1194,776.33,780.94,774.09,777.29
1165,777.5705,782.8175,771.6372,777.17725,1195,774.25,776.07,769.5,772.56
1166,772.27515,777.80896,766.04724,772.1794,1196,776.03,778.71,772.89,776.43
1167,776.5994,781.9186,770.7068,776.18604,1197,779.31,782.07,775.65,776.47
1168,777.8064,782.8271,771.5687,776.9824,1198,779.0,780.48,775.54,776.86
1169,777.687,782.68115,771.4704,776.89954,1199,779.66,779.66,770.75,775.08
1170,775.0029,780.3198,768.59265,774.3745,1200,777.71,789.38,775.87,785.94
1171,784.6138,789.708,779.2434,784.1072,1201,786.66,792.28,780.58,783.07
1172,784.20166,788.811,777.7102,782.7674,1202,783.76,788.13,782.06,786.14
1173,785.81964,790.3785,779.80695,784.6839,1203,781.22,781.22,773.0,778.19
1174,776.83496,782.07336,770.33264,776.3303,1204,781.65,783.95,776.0,778.53
1175,779.3782,784.63403,773.2819,778.7233,1205,779.8,785.85,777.5,779.96
1176,780.7617,785.8712,774.7549,780.172,1206,787.85,801.6100000000001,785.57,795.26
1177,794.4849,799.0217,788.9998,793.111,1207,798.24,804.6000000000001,798.03,801.5
1178,801.30774,804.66296,795.0851,798.71027,1208,803.3,803.97,796.03,796.97
1179,797.811,801.3302,790.8021,795.0134,1209,795.0,799.5,794.0,799.37
1180,797.87726,801.76355,791.76575,796.1087,1210,804.9,815.1800000000001,804.82,813.11
1181,811.1286,814.38525,805.42883,808.47925,1211,816.68,816.6800000000001,805.14,807.67
1182,807.78204,810.8043,800.45044,804.17377,1212,806.34,806.98,796.32,799.07
1183,799.12555,803.08167,792.0508,796.8182,1213,801.0,803.49,791.5,795.35
1184,795.34186,799.92615,788.62476,793.7286,1214,808.35,815.49,793.59,795.37
1185,798.47534,803.10876,791.5155,796.1837,1215,795.47,796.8600000000001,784.0,784.54
1186,785.7763,791.0366,778.59406,784.71484,1216,782.89,789.49,775.54,783.61
1187,781.97034,788.05786,775.8741,782.1998,1217,778.2,781.65,763.45,768.7
1188,768.2421,775.2516,761.4398,769.0426,1218,767.25,769.95,759.03,762.13
1189,762.4358,769.7042,756.16516,763.71387,1219,750.66,770.36,750.56,762.02
1190,760.1144,767.86633,754.8613,762.5959,1220,774.5,785.19,772.55,782.52
1191,782.15,787.6372,776.51074,781.4877,1221,783.4,795.6300000000001,780.19,790.51
1192,789.437,793.90686,783.2233,787.9364,1222,779.94,791.23,771.67,785.31
1193,782.41516,787.5767,776.00574,781.79456,1223,791.17,791.17,752.18,762.56
1194,764.1057,770.94104,755.7953,763.2796,1224,756.54,760.78,750.38,754.02
1195,754.7744,761.9728,748.5315,756.3393,1225,755.6,757.85,727.54,736.08
1196,736.8711,745.5287,729.21814,738.62476,1226,746.97,764.42,746.97,758.49
1197,760.40955,767.1542,754.7272,761.1438,1227,755.2,766.36,750.51,764.48
1198,762.92175,768.5249,756.153,762.8576,1228,766.92,772.7,764.23,771.23
1199,772.2195,777.0211,765.6224,771.068,1229,771.37,775.0,760.0,760.54
1200,764.4958,769.71826,756.9323,763.3834,1230,762.61,769.7,760.6,769.2
1201,769.2383,774.59155,763.15234,769.04175,1231,772.63,776.96,767.0,768.27
1202,771.40894,776.30676,764.55676,770.3156,1232,767.73,768.28,755.25,760.99
1203,761.6084,767.40405,754.6079,761.45166,1233,764.26,765.0,760.52,761.68
1204,763.9821,769.5526,757.58795,763.8508,1234,760.0,779.53,759.8,768.24
1205,769.6897,775.4927,764.027,770.05115,1235,771.53,778.5,768.24,770.84
1206,773.1997,778.16125,766.70654,772.3147,1236,770.0700000000002,772.99,754.83,758.04
1207,760.3691,766.386,753.1168,760.1778,1237,757.44,759.85,737.03,747.92
1208,747.31055,754.75934,740.45605,748.57654,1238,744.59,754.0,743.1,750.5
1209,750.9868,757.8619,745.16736,752.4833,1239,757.71,763.9,752.9,762.52
1210,762.7328,768.4019,756.45807,762.5652,1240,764.73,768.8300000000002,757.34,759.11
1211,762.3141,767.5936,755.2522,761.5017,1241,761.0,771.36,755.8,771.19
1212,768.97876,774.43726,763.0985,768.81146,1242,772.48,778.18,767.23,776.42
1213,775.8956,780.51843,769.54486,774.65466,1243,780.0,789.43,779.02,789.29
1214,788.2129,792.166,782.29395,786.3519,1244,785.04,791.25,784.35,789.27
1215,789.0127,792.61346,782.5259,786.83984,1245,793.9,804.3800000000001,793.34,796.1
1216,797.9089,801.24927,791.6185,795.0768,1246,797.4,804.0,794.01,797.07
1217,797.8501,801.0984,791.06067,794.9334,1247,797.34,803.0,792.92,797.85
1218,797.6375,801.1669,790.99365,795.07855,1248,800.4,800.8600000000001,790.29,790.8
1219,792.46124,796.3722,785.20557,789.9055,1249,790.22,797.6600000000001,786.27,794.2
1220,792.7334,797.2075,786.5793,791.4093,1250,796.76,798.6500000000001,793.27,796.42
1221,795.98706,799.97766,789.5283,793.9657,1251,795.84,796.6800000000001,787.1000000000001,794.56
1222,792.2744,796.73926,785.7074,790.6832,1252,792.36,793.3200000000002,788.58,791.26
1223,790.4617,795.04736,784.12775,789.15436,1253,790.9,792.74,787.28,789.91
1224,789.1116,793.86084,782.9375,787.9767,1254,790.68,797.8600000000001,787.66,791.55
1225,791.09863,795.9408,785.1844,790.02057,1255,793.7,794.23,783.2,785.05
1226,785.36584,790.4348,778.6933,784.14594,1256,783.33,785.93,778.92,782.79
1227,781.764,787.2477,775.7812,781.51624,1257,782.75,782.78,770.41,771.82
1228,772.52527,778.67236,765.86084,772.4581,0,778.81,789.63,775.8,786.14
1229,784.517,790.2433,779.29865,784.4514,1,788.36,791.34,783.16,786.9
1230,786.53345,791.2927,780.20776,785.2921,2,786.08,794.48,785.02,794.02
1231,791.63965,796.33057,786.0351,790.7019,3,795.26,807.9000000000001,792.2,806.15
1232,802.3247,806.4452,796.8662,800.63165,4,806.4,809.97,802.83,806.65
1233,805.6836,808.89136,799.2467,802.7698,5,807.86,809.1300000000001,803.51,804.79
1234,804.8562,808.1167,798.16516,801.9622,6,805.0,808.1500000000001,801.37,807.91
1235,805.7102,809.23303,799.42944,803.37823,7,807.14,807.3900000000001,799.17,806.36
1236,803.7504,807.5016,797.1875,801.4842,8,807.48,811.22,806.69,807.88
1237,807.6916,811.1594,801.4989,805.24786,9,807.08,807.1400000000001,800.37,804.61
1238,802.8083,806.6721,796.2046,800.69037,10,805.81,806.21,800.99,806.07
1239,804.02594,808.00867,797.8351,802.14996,11,805.12,809.48,801.8,802.17
1240,802.55865,806.67456,796.2179,800.75385,12,806.91,806.9100000000001,801.69,805.02
1241,803.79785,807.8406,797.5217,801.877,13,807.25,820.8700000000001,803.74,819.31
1242,814.3146,818.2811,809.0636,812.60956,14,822.3,825.9000000000001,817.82,823.87
1243,821.2525,823.94885,814.93286,817.79926,15,829.62,835.77,825.06,835.67
1244,831.24817,833.3418,825.1205,827.1443,16,837.81,838.0,827.01,832.15
1245,830.0257,831.8463,822.6553,825.1875,17,834.71,841.95,820.44,823.31
1246,824.5366,827.1859,816.90356,820.251,18,814.66,815.8400000000001,799.8,802.32
1247,802.3248,806.7677,794.38916,800.3088,19,796.86,801.25,790.52,796.79
