predicted,actual
290.6108,290.0286397976871
291.2195,292.17320204152344
292.43985,297.793260942818
295.70273,304.18174612820377
300.67114,303.02157311104645
302.9951,304.56344807324257
304.4752,305.3720535094431
305.49335,302.58964722587103
304.653,305.7386882724409
305.44495,304.5182465271196
305.53467,302.4138634353926
304.4922,302.8960132607048
304.02765,301.95180318613524
303.44522,306.64271919490125
305.32617,303.6091932106456
305.23148,302.6900951061444
304.44504,304.58856004331096
304.8351,304.29223879650453
305.077,308.8425277728878
307.31775,308.77221425669643
308.7201,310.85148537835505
310.28183,310.2739100667832
310.8096,306.7682790452429
309.2459,302.1125197945725
305.97034,303.0366402930875
304.5415,303.20740168955217
304.18097,299.75701700216223
302.54474,302.20794528083223
302.65134,308.53616173805403
305.92,307.63715320960745
307.6431,310.21364133861914
309.47903,312.1723750039498
311.3519,316.647328070128
314.4579,316.40625315747195
316.0676,319.6557420843152
318.23566,322.6942904625844
320.88983,320.9615645278689
321.38904,324.3366133050539
323.0226,323.1814626819102
323.39728,327.5559678678152
325.6184,323.8745530557964
325.07327,320.28354133602375
322.63565,323.13123874177353
322.6699,320.97663170990995
321.9543,317.2349481697272
319.64612,315.8186330578728
317.62576,315.07531874384995
316.32895,313.0814283204237
314.82397,317.6417620848343
316.2789,325.18037549935013
321.12543,311.95138966734834
317.38943,302.6700055300897
309.8937,304.42282104085984
306.6128,303.3630959039759
305.08405,299.2798895708637
302.6536,297.65765630444895
300.51883,298.42608258854017
299.8113,300.2642787975427
300.49655,304.49815695106486
303.00616,307.37598872089666
305.90912,307.13491380824064
307.31638,302.05727346042227
305.39185,301.85135530586183
303.8478,303.2676704177162
303.80457,305.15106817284175
304.89807,298.1146941596928
302.33292,303.4133198441126
302.94244,306.0350095192473
304.96548,304.2118804922858
305.35138,306.47195779843645
306.3484,302.2481244329416
304.95715,301.6353923632741
303.62,305.1962697189648
304.6244,314.121063881253
309.70914,311.1729185952298
311.49622,299.83235291236724
306.44708,306.69796552905154
306.21973,300.033248672914
303.70328,304.3675747067095
304.1272,301.4646309668094
303.42465,295.387534210271
300.07187,296.79380453409806
298.616,293.73516657977416
296.76352,290.04370697972814
294.07516,285.096648876265
290.34058,288.90864593263916
289.89578,284.81037241748595
288.37646,289.89805755333174
289.60556,288.7278397481471
290.18567,289.8377888251677
290.85815,283.8510951608754
288.5815,282.1485035902419
286.16196,280.13954598477466
283.99194,279.12
282.43375,281.85218234343546
282.85168,285.03135775408737
284.76743,290.3802073786439
288.37155,288.366227379163
289.70703,282.20374992439224
287.31958,285.34241470492987
286.8254,279.9436726182416
284.55283,281.93756304166783
283.90726,284.25288668196885
284.8271,281.7517344631621
284.50446,289.64693785264836
287.5234,289.84783361319506
289.81506,293.53427081922746
292.5357,297.5873427882576
295.86987,292.61015032071253
295.4777,292.6252175027535
294.69168,290.46558807687626
293.27475,285.20211915055205
290.11383,284.84552917558165
288.03708,287.86901037180985
288.4351,287.0704497236366
288.6982,287.9744806460968
289.1958,289.9934830395914
290.37784,296.15596049436226
293.85388,305.0506202925684
300.11212,307.39607829695143
304.9412,303.4233646321399
305.30212,303.634305180714
304.90677,306.32128597802637
305.89197,317.13952268346753
311.76712,315.8085882698455
314.8534,316.1450886687612
316.1043,315.9994392423649
316.3867,314.03066078900696
315.44666,320.32874288214674
317.92374,321.0770795901833
320.01028,319.93699614908064
320.39566,320.7807583433769
320.7618,320.8410270715409
320.97598,320.6652432810625
320.9802,329.6854629296104
325.481,334.01978896340603
330.49396,333.45728083387513
332.62888,336.12919444914655
334.612,338.26873429896915
336.64407,337.4651512567823
337.17676,334.44669245456777
335.65088,338.28882387502387
336.73184,338.09797290250447
337.47382,339.0120486129921
338.25482,334.30104302817136
336.12564,338.3239806331195
336.91605,343.71300940978534
340.50815,340.53885639314717
340.80988,342.2464703577943
341.4264,340.222445570286
340.66415,340.0617289618487
340.07648,349.4184490093123
344.84946,352.798520180511
349.52545,350.10149459517123
350.08508,345.8023253194713
347.46088,345.1494140976945
345.60828,352.74327384636064
349.04214,354.56640287332215
352.22156,354.7170746937322
353.648,358.8705945430357
356.3555,363.49119703561036
360.27722,363.80258546445776
362.2741,366.7406859624536
364.56882,374.45006077343413
370.01648,374.3395681051335
372.58133,376.494175136997
374.56778,378.01596052313846
376.21362,377.01148172040484
376.2588,380.6577397743279
378.28635,378.2620578298082
377.8898,381.01935214331195
379.12958,383.80175842688413
381.46317,383.6008626663374
382.38367,378.68896132097
379.64368,371.7982367342173
374.10785,372.0342892528597
371.8056,375.49974112229074
373.26102,372.1297147391195
372.27103,370.24129458998027
370.4889,372.1046027690511
370.76184,377.508698727758
374.25812,347.213618037312
358.39465,340.59410272729747
346.4425,339.0321381890467
340.95065,339.8759003833429
339.71954,338.34909260318784
338.84027,338.57510033380294
338.55746,337.2692778902492
337.77423,339.85078841327464
338.69778,343.50206886121134
341.25952,343.66780786366235
342.7028,341.18172282689665
341.85983,340.55894596920183
340.86624,333.2463402853011
336.52872,325.818219539086
330.31348,331.1972035277245
330.0347,332.6386306096473
331.40878,329.20833549831195
330.4764,325.94880178344135
328.04208,323.30200013823827
325.36255,323.2618209861289
324.05786,333.7937812327909
328.96,334.6777225791965
332.59583,332.6235634276062
333.01898,333.67324377646287
333.3208,330.25801584716856
331.68292,335.04435734219425
333.17645,341.5383128018671
337.68686,345.656675893075
342.35336,348.90114242590454
346.2227,347.33917788765376
346.9917,345.2247500078995
345.80746,343.6175839235257
344.2057,345.2749739480362
344.36804,341.8095220786052
342.80026,342.41220936024536
342.2214,348.15280571786803
345.1725,348.49432851079735
347.1171,351.07081663980915
349.24445,350.69915948279765
349.9909,360.12619304645267
355.35968,360.27184247284913
358.3512,359.7896926475369
359.06577,360.91470890659866
359.74268,357.5446825234273
358.1384,354.4759997810761
355.49976,354.15958895821495
354.10565,352.8688336967024
352.94586,349.7235092217025
350.73703,353.4112522501785
351.69232,361.36170197381506
356.8921,361.5726425223892
359.7651,368.73457638587985
364.7547,367.1223879074924
366.16992,366.3941407755105
365.93076,368.80991229608486
367.05576,370.4924142906637
368.66544,369.74407758262714
368.95636,361.36170197381506
364.0846,362.20546416811135
362.04065,357.32369718682594
358.73917,355.38505309755004
356.1424,351.9748475622694
353.21558,351.1561973380415
351.47278,370.502459078691
361.6307,376.8708546880222
371.14563,376.5996454112841
374.83035,375.1230615712656
374.74884,376.6046678052977
375.20657,376.6800037155028
375.5289,377.6091466080313
376.21844,387.5836211191762
382.48462,379.2765814205692
380.58893,382.64158540972676
381.00867,384.86148356376805
382.7537,386.75492610692095
384.7373,392.4754328884889
389.0107,390.9988490484705
389.99533,390.13499727811956
389.5036,391.2198343850719
389.84155,393.7008970278239
391.59296,396.24222839874005
393.97775,403.23340086576593
399.29016,396.02626545615226
397.0573,397.5631180243347
396.45926,399.65745632803424
397.71106,395.1774808678424
395.57837,394.86107004498126
394.27017,399.69261308613
396.86624,400.4057930360708
398.67297,402.9019228608639
400.82422,410.571118519735
406.488,419.13430031303915
414.3935,415.5181766231982
415.10168,416.13090869286566
415.06366,415.5884901393895
414.644,417.24085776988625
415.5647,413.629756474059
413.6767,412.4796282449289
412.03027,410.5912080957897
410.2624,406.96503961792143
407.30942,403.70550590305083
404.0792,405.473388595862
404.01984,407.17095777248176
405.36978,405.44325423177986
404.8852,404.96612680048145
404.22012,404.6296264015657
403.7429,406.0258519373655
404.47418,401.1340401680527
401.75122,396.89513962051683
397.77475,400.4007706420572
398.40225,406.33221797219915
402.8039,402.90694525487754
402.62616,397.332087899706
398.5861,391.3152598713316
392.99677,387.2069415681511
388.2765,388.6081894979645
387.45325,394.8861820150496
391.36014,394.9916522893367
393.38754,394.8208908928719
393.82986,390.75275174180075
391.30673,396.48330331139607
393.60986,391.06916256466184
391.61618,382.72696610795913
385.334,399.73781463225293
392.92603,399.858352088581
397.35236,403.7607522372012
401.11627,406.53813612675964
404.16885,404.3584171248276
403.83786,400.5162857043715
400.97513,409.3506767744137
405.29926,412.10797108791746
409.34546,410.0337223602726
409.4486,414.63423527679254
412.06015,422.70020006274353
418.45694,430.6305602103254
426.2897,428.4659083904345
427.68402,436.6825449967955
433.05228,435.6027302838569
434.489,439.9872802577891
437.60165,438.63625626811245
437.8576,443.4276201571517
440.97247,457.8469133703928
452.1269,451.8300853420184
452.23083,454.4869317752489
453.1706,454.16047616436043
453.30157,453.3820050922419
452.76486,444.58779317430907
446.44562,441.26799073127444
441.76596,436.52685078237175
437.19794,440.5096092352106
438.4698,434.01565377553766
434.95715,435.2461403088864
434.24545,435.4721480395015
434.383,433.67413098260835
433.2872,429.40509607099045
429.94226,429.7064397118105
428.84964,432.1774575665352
430.3296,439.73616055710573
436.12134,444.9895846954025
441.9768,439.776339709215
440.31143,435.85384998454026
436.45905,438.370069385388
436.7564,437.385680158709
436.55493,443.00071666599
440.2677,450.1978072875763
446.72443,450.2279416516584
449.0525,442.2473575639398
443.91095,440.3388478387459
440.3905,434.7589680895606
435.62234,432.9609510326675
432.80115,436.69258978482276
434.5601,438.4052261434836
436.68518,440.05759377398044
438.51984,443.81936689021785
441.6338,441.02691581861836
440.83414,443.091119758236
441.65616,446.62688514385826
444.4768,452.43779501767233
449.55664,452.51313092787734
451.4085,452.88981047890246
451.97293,460.0266323723248
457.01746,461.40779072608353
459.9292,462.25657531439344
461.24454,459.71022154946377
459.71344,459.18287017802857
458.66675,455.2402908772991
455.6314,448.1888496821091
449.64404,455.2503356653264
452.49405,451.7949285839228
451.69418,451.3429131226926
450.8377,443.7289637979718
445.27228,442.55372359877344
442.36493,441.00682624256376
440.60272,445.34115227635925
443.10355,443.75407576804025
443.16522,452.00084673848323
448.63245,453.1811093316952
451.6319,452.3925934715493
451.8089,448.17378250006806
448.69055,445.20554763799026
445.41687,446.21504883473756
445.09033,445.08501018166226
444.46246,442.6340819029922
442.55872,440.4995644471833
440.38385,434.7690128775879
435.76532,429.6863501357558
430.65424,428.3051917819971
428.02576,432.68471936191565
430.28943,432.5692042996013
431.38556,434.5279379649319
432.94443,436.72272414890483
434.95886,434.9699086381347
434.47183,433.0563765189271
432.8048,424.9200982167848
426.70197,424.1215375686116
423.805,427.5668998619879
425.39215,423.29284255635633
423.49582,430.04294011072625
427.00735,435.6780661940619
432.42316,439.6507798588733
437.08154,439.66082464690066
438.53897,443.9047475884502
441.61844,444.2161360172976
442.97256,447.9829315275487
445.85583,446.4109222012706
445.8262,444.4170317778444
444.21155,443.7590981620539
443.12708,442.9304031497986
442.27234,451.5538536712667
447.94574,449.082835816542
448.60034,451.4483833969797
450.016,443.1262765163317
444.752,443.2970379127964
442.70416,438.4855844477024
439.0306,438.9576894849871
438.06683,438.0637033505542
437.36942,437.8226284378981
437.00137,443.3773962170151
440.67218,443.8746132243682
442.5408,437.91303153014417
438.903,436.039678563046
436.00446,432.7299209080387
432.8996,426.6829585155823
427.82562,427.78286280457564
426.72925,433.9804970174421
430.83063,435.85887237855394
433.92114,437.9230763181715
436.22736,440.8812663922221
438.9015,448.90202963205
445.27264,444.2764047454616
444.47037,505.6902387445951
486.46634,501.6271219875376
500.72174,503.48038537858116
503.55322,515.7099148018629
512.5342,512.7718143038671
513.2429,507.5887036817617
508.95166,507.4882558014883
507.4303,518.1256863224373
515.266,515.2126977945097
515.8406,515.2930560987285
515.51636,513.5201510119036
514.0156,513.0530683686325
513.2122,510.75281191037254
511.3312,511.37056637405374
511.24304,503.95751280987963
505.77774,508.0055623848961
507.01428,505.2784024354744
505.7799,505.8760673231008
505.73425,516.2372661732982
513.56085,517.6234469210706
517.25116,516.784707120788
517.24805,515.7802283180542
516.1958,512.5960305133888
513.44965,511.1495810374523
511.54828,517.040849215485
515.5704,515.9459673205054
516.2232,522.9823413336543
521.469,529.2301994866575
527.8846,531.5857022790678
531.3897,529.8228419802704
530.6792,527.2614210332996
528.23254,526.6537113576458
527.05286,529.1146844243431
528.7505,528.6978257212086
529.06976,534.9707958442801
533.85785,539.1142709055563
538.54205,542.3788270144406
542.1949,538.6873674143944
540.1301,535.0159973904032
536.38965,530.4255292619105
531.8447,536.5277379885172
535.4022,534.9657734502664
535.6572,542.4240285605636
541.2352,543.1623204805728
543.52234,550.3744782842
549.4225,557.6268152399368
556.7141,555.9945371854947
557.2461,558.8070778331489
559.0742,559.2791828704337
559.9508,554.7992074102417
556.58655,560.4343334935775
559.9406,556.6323812252306
558.209,552.5642420741594
554.2831,558.7367643169575
558.052,569.5248666583167
567.92773,570.7151740395559
571.5714,565.2106302005757
567.57043,565.1804958364936
566.1027,561.5744169346801
563.12335,574.8034027666818
572.7814,574.4166784276292
575.55176,578.218630695976
578.6824,575.3709332902263
577.10645,581.9653366301725
581.6671,582.6282926399766
583.62036,580.1622971792657
581.90845,561.9962980318282
566.837,550.6758219250202
553.75745,561.589484116721
559.5596,553.5285417247838
555.933,567.7871183295874
565.6161,590.6189215157226
586.7038,566.8077514969222
573.3873,569.1732990773598
569.8917,571.6995632662348
571.76965,580.0919836630742
579.2716,588.8510388229115
588.265,586.5909615167608
588.5176,595.22947922027
594.8109,593.4816861035133
595.172,600.0961790195142
600.1278,601.552673283478
602.6446,605.5957004644808
606.24554,601.3216431588493
603.62573,602.2055845052548
603.365,602.0448678968174
603.34906,606.4143506887087
606.88574,610.1660790169188
610.87415,610.2514597151511
611.7899,609.769309889839
611.3594,607.9863600149868
609.73914,601.4974269493277
604.1162,607.6147028579753
607.6156,609.2921824585407
610.32697,609.9702056503857
611.38257,607.5544341298114
609.5155,605.942245651424
607.6336,600.1413805656373
602.5923,603.8027058016013
604.2937,594.666971090739
597.7898,586.525670394583
589.37244,596.1937788708942
595.2052,605.7865514370003
605.117,599.7747458026395
602.6781,598.7250654537829
600.41516,591.6535346825382
594.27563,579.0774600723133
582.7025,579.4742291993931
580.2385,566.0744819709266
569.71594,559.0952929360171
561.40515,560.6336823567678
560.92224,557.6071776793434
559.0033,567.8228878197526
566.4803,567.6620104947069
568.6997,570.4069798533011
570.97473,543.7315083941417
550.40796,538.7342564849059
540.4069,555.5258272865631
551.8355,564.7963831423283
563.36896,541.5395548403925
547.8115,531.1629673749374
534.2578,533.0834404426716
532.7128,537.0148800734789
536.25836,557.1748198682827
553.05615,536.6730157577565
542.1107,529.1721104774953
531.7361,535.38599715739
534.0682,527.4929533973296
529.5164,525.703193156195
526.56494,516.7041177864445
519.0559,517.6693817367195
517.623,528.2571206912972
525.7251,527.2114180784995
527.6914,531.9170798360896
531.30786,528.4783270132352
529.6556,528.3576690194509
528.782,515.6584151736467
518.907,510.46006660810383
511.91638,511.5057692209016
511.14954,519.2580453215469
517.26733,530.4792387434926
527.86285,533.6565659131475
533.30664,527.2013632456841
529.2876,520.5148994234673
522.48865,521.1584087236506
521.1236,529.413426465064
527.47894,530.3284162512622
530.35583,539.5185334445044
537.8528,545.6620362946916
544.7519,553.3238188999985
552.3136,566.6062530490937
564.50024,562.3228942697489
564.3047,560.7241758521061
562.1046,560.5331340286142
561.31226,554.5505085034729
556.56824,545.5413783009071
548.1864,545.2598429820769
545.81177,554.5203440050268
552.89465,556.96366837916
557.16077,562.765306913625
562.474,561.1967529944282
562.5072,559.4773765830009
560.78284,551.9664164699245
554.3696,552.3786646153544
552.9265,544.8777593350931
547.0967,543.600795567542
544.4713,553.9874378658126
552.1432,555.5258272865631
555.9014,556.9938328776063
557.62976,565.6007697675574
564.59296,565.2689602846505
566.2988,579.3457262261593
577.3918,576.681195530088
578.42896,577.927994799193
578.9281,575.9572475673818
577.41565,583.3676593523048
582.843,583.0358498693977
584.26013,585.4389549122695
586.2009,582.9554112068747
584.6647,571.7643822833752
575.1953,576.7616341926109
576.58594,571.7744371161905
573.70605,579.8685775325582
579.21277,585.5797225716847
585.5227,585.4892290763464
586.88556,583.3576045194893
585.10376,574.4088033138157
577.37,595.8155423777248
592.2996,590.1948908339366
592.6797,595.4736780620024
595.94446,596.7204773311075
597.7825,594.0861111334823
595.98114,589.7424233572451
591.8694,591.3210321092573
592.1166,586.3237802000216
588.49744,588.133650106787
588.9213,572.2671239241433
576.6389,566.7269110428781
568.77655,573.8256230105247
572.9792,565.7214277613417
568.385,567.028556027339
567.7844,564.0121061827299
565.522,569.4316610702109
569.18317,568.5468357824589
569.7119,563.3786517153621
565.52783,575.464560759429
573.7737,575.3338479328293
576.39795,574.1574324934318
575.65063,582.8649177115366
582.11475,587.5705794691266
587.78174,585.1976389247009
587.0659,584.0714976493801
585.54504,583.2570561913358
584.5156,580.8941704797253
582.46716,578.5513944337456
580.10364,571.673888788037
574.1179,569.8640188812715
571.14874,572.2671239241433
572.6144,578.0184882945314
577.80914,578.6318330962686
579.6999,582.68393072086
583.0763,586.7963573423438
587.16516,590.4462616543207
591.0014,581.7086119377698
584.8252,583.8000171633653
584.477,582.0504762534921
583.4187,576.2991118831042
578.59784,573.775348846448
575.29333,580.6427996593412
580.1293,585.479174243531
585.60925,589.9937941776293
590.43176,596.8210256592612
596.83545,588.0833759427102
591.3097,581.8292699315541
584.31213,588.7067755772628
588.2111,575.7460960782591
579.5126,577.787227139778
578.42126,577.0431695114411
578.10535,578.0486527929774
578.92145,568.9289194294427
571.93256,570.7488441690235
571.3079,575.9572475673818
575.7253,578.038597960162
578.7235,564.3941898297138
568.4482,573.1720588775261
572.2063,561.5185076445198
564.8097,545.0889108242158
549.504,533.7772239069318
536.70856,538.5231049957835
537.61505,530.5898419044617
532.697,525.0496290231963
526.8528,511.6767013787628
515.1189,521.3695602127732
519.1607,527.0907600847152
525.6547,533.2744822661637
532.2085,544.5761143506322
542.47955,540.3631394009949
541.9858,541.3585678497159
541.841,549.5130372629758
548.13684,549.9453950740365
550.45703,550.9207138571267
551.4793,559.7186925705696
558.47705,555.8475819366547
557.5099,554.7314954941494
555.8508,546.5267519168127
548.9967,542.635531617267
544.0548,541.5998838372846
542.2453,548.0953058360094
547.09375,550.9006041914959
550.90356,547.9143188453329
549.38916,545.9837909447831
547.1334,544.9984173288774
545.7853,537.0852639031864
539.4011,535.6072034793281
536.4109,537.5678958783238
537.44836,535.4061068230208
536.33167,538.0806923519074
537.9657,539.8503429274114
539.90985,541.6702676669922
541.8053,540.9563745371013
541.6929,542.4243801281444
542.6539,534.3704590430383
536.72205,534.3201848789614
534.7944,531.8869153376435
532.7394,537.8896505284156
536.8684,525.8037414843486
529.0065,527.533172728591
527.584,533.9381012319776
532.57806,526.6081281095776
528.67426,528.8905751586651
528.81744,519.1876614918393
521.69995,514.311067576388
515.74207,495.85039452738056
500.3909,505.38237603634525
502.96692,511.60631754905523
509.5818,516.8750499443058
515.61957,525.4116030045493
523.5574,531.152912542122
530.07825,529.3229329697258
530.1926,534.6017201977917
533.79126,530.8914868889225
532.07794,530.9819803842607
531.3665,526.9499924253
528.17194,525.3512740076571
526.0092,514.3814514060956
517.18524,502.44636485425906
505.51294,501.5816492321378
501.71857,503.1602579841499
502.47873,496.63467148697896
498.16397,493.00487684063273
493.93637,496.64472631979436
495.47873,501.3503880773844
499.80927,502.27543269639796
501.87228,508.5798128716308
506.93158,507.3933425994179
507.59814,518.5642618572869
515.83026,534.9636941791447
530.96265,540.5340715588561
539.63794,535.7781356371892
537.59607,519.1574969933934
523.5116,510.5002859393653
512.7186,511.16390490517927
510.8031,535.0944070057444
529.0616,529.0313428180802
530.6793,529.7955101120479
530.3839,523.3000881133231
525.14954,528.1364626975128
527.2349,531.5651606875518
530.90796,528.3777786850816
529.5051,537.5176217142471
535.7908,536.5423029311569
537.1366,543.5203569050191
542.4954,549.6236404239447
548.78906,543.4298634096808
545.5468,540.282700738472
541.6543,543.4600279081269
543.1542,539.5285882773198
540.8725,532.4700956409346
534.61633,536.6629609249412
536.0721,544.4655111896632
542.9965,556.1090075898542
554.10126,559.034963939125
559.31335,572.0157531037593
570.24,574.3183098184776
574.9465,574.0468293324627
575.3335,576.0075217314586
576.65076,568.3457391261516
570.95044,569.5120997327338
570.15576,555.6364304475321
559.3788,551.7954843120632
553.3196,556.1391720883003
555.6701,547.9243736781484
550.4117,555.133688806764
554.2898,551.4536199963409
552.9397,560.140995548815
559.05237,558.6227157936951
559.7842,561.0057111709363
561.4375,559.4472120845548
560.63513,570.8594473299925
569.2462,559.4271024189242
562.86115,555.7973077725779
557.528,548.9499666253155
551.01917,552.6501451013692
552.3806,548.608102309593
550.1029,543.1483280908507
545.0747,536.0998902872807
538.2263,537.3466895563859
537.45844,537.5980603767699
537.90283,542.2031738062065
541.65674,541.3686226825312
542.13464,540.5944005557483
541.40234,539.7497945992578
540.4745,530.9518158858148
533.44226,533.0934952754872
532.9885,534.3704590430383
534.3259,524.5971615465049
527.2844,535.9490677950503
533.6655,534.5413912008994
535.1123,539.950891255565
539.2865,547.6026190280567
546.3772,565.7113729285263
562.3633,557.5267390168206
560.36554,555.8274722710239
557.25726,551.2022491759568
552.8339,539.39787545072
542.5603,539.9609460883803
540.2451,542.856737939205
542.5073,532.8220147894722
535.6321,526.2059347969631
528.2476,532.7214664613186
531.4141,540.282700738472
538.76733,537.7488828690005
538.9204,531.0523642139683
533.2365,531.6355445172594
531.8917,540.4636877291485
538.6679,535.8887387981581
537.39526,534.3302397117768
535.29785,539.4179851163508
538.6354,541.3384581840851
541.3285,544.596224016263
544.45325,542.1830641405758
543.346,534.3503493774076
536.7124,541.861309490484
540.5524,541.8512546576687
542.2228,534.1391978882849
536.5167,536.0295064575732
536.07715,541.2479646887468
540.3688,542.384160796883
542.6417,538.7543661505367
540.21924,535.3658874917593
536.6756,528.830246161773
530.7151,528.6894785023579
529.0167,538.7443113177214
536.62085,536.6529060921258
537.56335,534.3604042102229
535.5271,529.2022749759415
530.8278,530.1574840934009
530.2467,531.2735705359063
531.2615,538.7845306489828
537.4017,538.7443113177214
539.2377,540.252536240026
540.52405,542.5550929547442
542.55835,539.9006170914882
541.04785,537.2763057266784
538.40857,533.7168949100396
534.9532,523.4911299368149
526.2115,522.4755918224632
522.96375,523.8128845869066
523.57275,525.3814385061032
525.21375,524.8384775340736
525.2729,527.0103214221922
526.81555,518.7754133464094
521.0088,522.6465239803243
521.9901,532.1483409908429
529.9558,548.6583764736698
545.14825,563.2881582200238
560.7599,562.4033329322717
563.7749,582.1409697488305
579.02954,675.731353594234
657.2362,665.7670142742088
671.1824,665.0430663115026
668.14453,664.8419696551954
666.11505,646.9242575782175
651.34985,626.0906439847843
630.8308,629.8109321264687
629.69543,630.5549897548058
631.5104,634.5065390512436
635.32544,635.1701580170577
636.7185,628.1518847119339
631.1254,633.7825910885374
634.09985,631.8118438567262
633.6905,646.4215159374494
645.18787,645.3154843277593
647.3471,637.895017710021
641.0639,636.3164089580091
637.9642,663.5147317235674
659.589,662.288042120093
664.54095,659.1609891145149
661.6872,659.8346629131443
661.0846,663.6052252189056
664.2255,658.8392344644233
661.22064,663.6353897173517
664.11597,649.4882399461353
653.5727,614.9498892253615
622.5362,591.9544865766252
596.7408,584.3630878010256
586.0843,631.1783893893582
622.32166,640.2176840903701
640.64844,632.9480399648623
637.0661,620.7515277598263
624.774,600.1793398195925
605.1552,616.8200881290193
614.2639,608.6857283813902
611.59766,603.1052961688633
605.7776,617.1418427791108
615.59705,615.1912052129303
617.1577,623.868525932589
623.8697,628.3127620369796
629.1177,625.7688893346926
628.0011,637.7341403849753
636.9672,638.5787463414658
640.1188,645.5366906496973
645.94446,631.8118438567262
636.0967,638.0357853694363
638.1672,625.2158735298478
629.0191,624.8840640469407
626.2535,628.3429265354257
628.94434,614.437092751778
618.6498,597.263438303137
601.8456,597.34387696566
598.14246,610.8676271023239
609.1565,613.7533641203333
614.8286,629.459012977931
628.1907,644.0988495571005
643.1741,648.0906181847997
649.4518,644.9937296776677
647.4702,641.7761831767514
643.8721,646.2505837795882
646.7201,649.3273626210894
650.23456,654.9882334961391
655.5419,653.8419825551877
655.72705,664.4799956738423
664.00757,664.942517983349
666.4974,668.8639027813408
669.7188,652.9571572674356
657.40533,645.2451004980519
647.79254,654.4754370225555
653.7181,704.9607525884958
696.6164,715.7998623634577
716.0337,711.4863390856667
714.1639,715.9707945213189
715.76904,719.9625631490181
719.55383,713.819060298831
715.4258,724.1755380986556
722.47894,725.2312955442687
725.3577,731.2139210694099
730.35913,734.3711385734341
733.86316,736.8949016100903
736.3661,727.9762649028629
729.51904,731.4250725585327
730.4659,738.5438941918101
736.934,734.3510289078034
735.0767,720.0430018115411
722.5771,732.0685818587159
729.41614,728.3885130482927
729.0698,743.1691172868772
740.35284,741.5703988692344
741.77405,759.8601397603807
755.8679,759.2367401258282
758.6021,751.4945188579982
751.9956,751.3638060313986
750.0786,753.4853757554401
751.86,745.7833738188717
746.28577,770.3573852196201
764.3914,765.6718331276608
765.4066,755.777877637343
756.3645,770.1261240648668
765.52527,766.5466035825974
765.592,765.6617782948454
764.19763,754.8427781855142
755.197,752.6809891302112
751.4877,742.0329211787412
742.77985,750.9817223844146
748.19666,746.5877604441008
746.6304,761.3583098498699
757.64355,752.650824631765
753.4154,742.4753338226171
743.4153,750.9817223844146
748.1621,753.2239501022407
751.8843,753.535649919517
752.66,751.6151768517825
750.9889,765.8025459542605
761.84265,779.9698053911077
775.7521,774.3390990145042
773.7573,762.1526416422835
762.4719,745.0192065249041
746.26184,745.763264153241
743.97485,746.8089667660388
745.5395,729.4844898251674
732.1831,717.4991291092542
719.1706,719.0676830284508
718.3633,729.1627351750758
727.32074,703.5128566630834
708.824,717.7504999296382
715.1804,697.3693538128964
701.5868,704.7496010993732
703.85864,701.3912869390417
702.6422,709.5759208507477
708.84973,728.338238884216
725.5207,714.6837759209523
718.1572,716.061288016657
716.1831,702.9397311926077
705.6096,734.0795484217887
728.34265,746.1352929674094
744.29395,755.2349166653134
753.72253,767.9542801767482
764.7898,730.047560462828
736.36523,711.0037071105293
713.3118,686.4296957097808
690.0276,685.5951445861057
685.61304,680.9397569925924
682.4606,686.9827115146259
686.94507,685.9671734002741
687.4436,685.2532802703834
686.6572,693.9004364915959
693.40283,711.3958455903285
709.2589,700.2852553293518
703.72,703.8647758116211
704.0321,709.445208024148
709.00714,698.7770304070473
701.61426,702.507373381547
702.43604,708.7313148942571
708.213,708.0475862628125
709.05334,700.7075583075971
702.8619,721.8629265511219
718.3546,721.9031458823833
722.6583,715.4378883821046
717.3325,713.899498961354
714.4192,698.0832469427871
701.3213,696.886721837759
697.4142,708.2185184206736
706.59924,715.8400816947192
715.3333,729.9168476362281
728.09357,733.6069712794665
733.48553,731.435127391348
732.0688,739.2376776560701
737.5615,740.9369444018664
740.3611,740.7559574111899
740.4759,745.2705773452883
743.8884,743.9232297480295
743.62634,741.2184797206967
741.13745,738.4433458636563
738.32935,736.6636404553369
736.43304,747.9652725398056
745.2577,753.7568562414549
752.14014,748.1462595304822
748.6228,753.1334566069024
751.21497,748.4881238462044
748.395,740.9570540674972
741.5037,748.8903171588191
746.4269,743.4506526057073
743.7918,742.3144564975712
741.8823,739.2477324888855
739.14526,746.2760606268246
744.29596,754.9533813464833
752.6599,756.4414966031571
755.4495,762.2732996360678
760.08984,769.9250274085596
767.0418,757.1754993986785
758.193,755.9085904639428
754.5338,762.4140672954829
759.5448,721.8227072198604
728.43787,726.2267239929896
724.24866,711.134419937129
713.41345,708.8218083895954
709.3647,693.9205461572267
697.0427,695.9214578874839
696.01483,701.149970951473
700.89624,695.2678937544854
697.43823,698.6262079148169
698.9142,704.38762711802
704.178,714.1307601161074
713.24304,715.920520357242
716.50366,726.2568884914358
724.9265,718.3236254001139
720.3247,716.3327685026719
716.9657,713.8391699644619
714.4701,719.5302053379576
718.7439,709.2139468693946
711.6331,709.6161401820091
709.91266,703.2715406755148
704.88025,712.7431931875872
711.47345,707.2130351391372
708.98145,723.1499451514885
720.74347,728.3583485498467
727.96313,727.2020427760799
727.9188,735.7888700004003
734.21936,738.8656488419017
738.21716,737.2870400898896
737.4401,733.5164777841283
733.8974,725.4122825349452
726.5865,719.5905343348497
720.4176,719.6910826630033
719.5829,731.3848532272712
729.27545,731.6864982117321
731.9327,722.4662165200436
724.3983,721.4104590744305
721.50757,721.3199655790922
721.32544,721.9735297120908
722.04785,713.3665928221398
715.27356,694.6243844543021
698.3668,696.6252961845595
696.41895,698.8675239023855
699.0344,700.3958584903207
701.0951,704.8300397618962
704.96356,678.0339103089523
683.9801,671.0357466694593
672.8512,682.8803397259575
681.24854,686.9726566818106
687.5493,695.0064681012859
694.99744,702.1554542330094
702.1263,697.8720954536645
699.8736,700.7075583075971
701.06525,698.2843435990944
699.5554,708.6106569004728
707.4632,718.1225287438067
717.18146,723.7029609563334
723.4759,720.0228921459104
721.2875,724.0146607736098
723.48944,722.9086291639197
723.3002,736.9150112757211
734.3613,740.1124481110068
739.60254,744.3656423919056
743.4334,741.7916051911724
741.8609,745.9241414782869
744.51355,742.9378561321239
742.8746,741.5804537020497
741.20166,744.9488226951966
743.6203,749.111523480757
747.6703,772.1169809623088
766.7383,776.2294075837924
774.2102,774.4094828442117
773.04675,776.5310525682532
773.83167,774.9524438162414
772.8839,785.620621433342
781.0307,785.1580991238353
782.64404,787.6718073276761
784.3633,788.0941103059214
784.95404,788.2650424637827
785.1084,786.6261047148785
783.80286,785.8418277552801
782.8711,780.5127663631373
778.55383,783.2979550529931
779.8237,780.8747403444904
778.5502,778.7833351188947
776.50714,775.4954047882709
773.51697,775.4250209585634
772.9332,772.9716417516147
771.08984,772.7403805968613
770.52295,772.871093423461
770.63434,775.4954047882709
772.788,772.4186259467697
770.8446,770.3674400524355
768.58997,772.1069261294934
769.58984,774.801621324011
772.1451,783.4688872108543
779.50977,783.740367696869
781.24603,778.6827867907411
777.07446,762.9369186018819
763.4428,772.3482421170622
768.08514,762.967083100328
762.79816,765.7824362886297
763.4497,775.1032663084718
771.36957,772.2074744576471
770.92566,769.0100376223616
767.64124,774.7513471599341
771.4451,779.5877217441239
776.4374,790.6379830082085
786.0095,790.3262831909321
787.6013,777.5667003482358
777.1483,786.4149532257557
781.5622,784.9570024675279
782.2871,778.3710869734649
776.92554,780.6635888553677
777.39343,775.9076529337008
774.1861,779.7988732332465
776.4863,779.8390925645081
777.29517,780.2312310443072
777.62463,778.4414708031725
776.2107,789.3610192406572
784.46747,786.475282222648
784.2416,789.5621158969645
785.96313,781.5685238087506
780.06445,781.9103881244728
778.8409,783.3482292170698
780.1493,798.732123424576
792.64905,805.0063391013629
800.34845,800.4514998360032
797.5944,802.8646597116905
798.2015,816.68
809.32416,811.210170948442
807.62494,802.5630147272296
799.5717,798.8226169199144
794.90674,798.842726585545
794.52594,787.9533426465064
786.2618,787.0182431946776
783.6266,772.0264874669706
771.814,765.4204623072767
764.03625,765.3098591463076
763.0533,785.9222664178028
779.7601,793.9560778372784
790.058,788.7275647732893
787.0487,765.8528201183373
767.3703,757.2659928940168
756.1842,739.2276228232547
740.67316,761.7605031624844
755.9621,767.7833480188872
765.53394,774.5703601692575
772.0261,763.8217438896338
764.2203,772.5292291077387
768.80676,771.5941296559099
769.75024,764.2742113663253
763.8195,764.9679948305852
762.8694,771.5639651574638
768.36316,774.1782216894584
771.81506,761.3080356857929
761.95935,751.1325448766452
751.22394,753.7266917430089
751.55975,765.8126007870759
762.1221,762.3839027970369
761.8767,774.5301408379961
770.60986,779.7888184004312
776.82837,792.729388233804
787.80786,792.7092785681732
789.8523,799.5767293810666
794.843,800.5520481641569
796.5943,801.3363251237553
797.2325,794.2476679889238
791.6761,797.6663111461476
793.02454,799.8984840311582
795.531,798.0282851275006
794.5549,794.7101902984307
791.5107,793.3527878683566
789.8213,795.0017804500761
790.97424,788.4661391200898
786.2434,786.1937469038178
783.2563,775.163595305364
774.2169,789.5621158969645
783.7313,790.3262831909321
787.25793,797.485324155471
792.958,809.681836360507
803.4823,810.1845780012751
805.89056,808.3143790976175
804.1367,811.4514869360108
805.96906,809.8929878496295
805.33905,811.4213224375649
806.2335,808.133392106941
803.9246,809.6013976979841
804.46985,805.6800128999922
801.7238,808.5456402523708
803.28516,822.9139963455252
814.9984,827.4990001093311
821.12085,839.36370283146
830.6746,835.8244016804521
829.662,826.9359294716708
821.8289,805.8308353922228
803.71545,800.2705128453266
