epoch,loss,loss_val
1,0.3588350713253021,0.9926082491874695
2,0.0763549655675888,0.18430785834789276
3,0.11089339852333069,0.01287725567817688
4,0.035418663173913956,0.08988793194293976
5,0.06464113295078278,0.24751758575439453
6,0.0501960925757885,0.19278204441070557
7,0.021205225959420204,0.06478619575500488
8,0.030013257637619972,0.024321837350726128
9,0.0249723419547081,0.008214135654270649
10,0.01222635805606842,0.005813016090542078
11,0.021744105964899063,0.03381100296974182
12,0.017317237332463264,0.02548086643218994
13,0.004455702379345894,0.005437161307781935
14,0.0075212218798696995,0.014471800997853279
15,0.013416551984846592,0.02405650168657303
16,0.009164337068796158,0.014818638563156128
17,0.003892500652000308,0.006439417600631714
18,0.004277700558304787,0.011527123861014843
19,0.005675698630511761,0.018496042117476463
20,0.005417635664343834,0.01818171516060829
21,0.005220165476202965,0.013234646990895271
22,0.0045111398212611675,0.006375959608703852
23,0.0028559500351548195,0.0013153741601854563
24,0.002648718422278762,0.0037092671263962984
25,0.004360564518719912,0.01163577102124691
26,0.0048258304595947266,0.015337459743022919
27,0.00285003031603992,0.01110817864537239
28,0.0013937047915533185,0.005862742196768522
29,0.0022631832398474216,0.005260495003312826
30,0.003120164154097438,0.006235168315470219
31,0.002168963197618723,0.005208221729844809
32,0.0010815522400662303,0.004250013269484043
33,0.0012063801987096667,0.004938432481139898
34,0.001545714563690126,0.004988380707800388
35,0.0013783370377495885,0.003252968192100525
36,0.0012185059022158384,0.0014384742826223373
37,0.001165196648798883,0.000559930398594588
38,0.0009250522707588971,0.00033003740827552974
39,0.000848194700665772,0.0009747453150339425
40,0.0011075783986598253,0.0022580293007194996
41,0.0010824223281815648,0.002688995096832514
42,0.0006950809620320797,0.001949732773937285
43,0.00059968774439767,0.0013161184033378959
44,0.0007918066694401205,0.0011848985450342298
45,0.0007668444304727018,0.0010686659952625632
46,0.0006095528951846063,0.001166963018476963
47,0.0006064055487513542,0.0016438899328932166
48,0.0005974543746560812,0.001787101849913597
49,0.0005105225136503577,0.0013425471261143684
50,0.0005384606774896383,0.0009376229718327522
51,0.000581052212510258,0.0007881356286816299
52,0.0004606239090207964,0.0007219776744022965
53,0.0003688258584588766,0.0008830004371702671
54,0.0004332343232817948,0.0011620225850492716
55,0.0004592414479702711,0.001038109534420073
56,0.00039312223088927567,0.0005484001012519002
57,0.0003698859363794327,0.00022362300660461187
58,0.00037554482696577907,0.00021366184228099883
59,0.00036785771953873336,0.0003951416874770075
60,0.0003891394881065935,0.0006592829013243318
61,0.0003860571014229208,0.0007339690928347409
62,0.00032496204948984087,0.0005083118448965251
63,0.0003128629468847066,0.0002797982015181333
64,0.0003519074525684118,0.00022850143432151526
65,0.000337338715326041,0.00028479317552410066
66,0.00029637361876666546,0.0004635118821170181
67,0.0002946370223071426,0.0007026828825473785
68,0.00030235698795877397,0.0007725648465566337
69,0.00030299005447886884,0.0006421254947781563
70,0.0003015496185980737,0.00048203160986304283
71,0.0002818829962052405,0.00041668774792924523
72,0.0002711437118705362,0.0005013411282561719
73,0.0002890496689360589,0.0006388732581399381
74,0.0002889804309234023,0.0006188684492371976
75,0.0002663295017555356,0.00045118710841052234
76,0.00026425279793329537,0.0003425102331675589
77,0.00027359696105122566,0.000364513136446476
78,0.0002715727605391294,0.0004469827690627426
79,0.00026595196686685085,0.0005060302792117
80,0.0002591401571407914,0.0004730401560664177
81,0.0002568533818703145,0.0003725505084730685
82,0.0002624270273372531,0.00029698663274757564
83,0.00025808901409618556,0.00029300470487214625
84,0.00024775436031632125,0.0003669341967906803
85,0.00024947948986664414,0.00047012799768708646
86,0.00025258082314394414,0.0004965957487002015
87,0.0002485698205418885,0.00042403078987263143
88,0.00024577477597631514,0.00034287525340914726
89,0.00024450846831314266,0.00032758843735791743
90,0.00024451108765788376,0.00037573385634459555
91,0.00024493184173479676,0.0004201407718937844
92,0.00024104859039653093,0.00040150253335013986
93,0.000238549240748398,0.00034622164093889296
94,0.00024002612917684019,0.0003121919871773571
95,0.00023869314463809133,0.0003147232928313315
96,0.00023630847863387316,0.00033560520387254655
97,0.0002356861368753016,0.00033939091372303665
98,0.000234811072004959,0.00030977660208009183
99,0.00023436162155121565,0.0002767154073808342
100,0.00023320519539993256,0.0002740370109677315
101,0.0002313582954229787,0.0003044277837034315
102,0.0002312302531208843,0.0003385655290912837
103,0.00023068870359566063,0.00033866745070554316
104,0.00022927846293896437,0.0003068684309255332
105,0.00022875996364746243,0.00028143072267994285
106,0.00022804364562034607,0.000286663620499894
107,0.00022733335208613425,0.00031240188400261104
108,0.00022676250955555588,0.00032666369224898517
109,0.00022570573491975665,0.0003124084323644638
110,0.00022512645227834582,0.00028724325238727033
111,0.00022456320584751666,0.0002751312858890742
112,0.00022371424711309373,0.0002800508518703282
113,0.00022322269796859473,0.00028612976893782616
114,0.0002225312200607732,0.0002779044152703136
115,0.0002219191228505224,0.000262093119090423
116,0.00022150117729324847,0.000256075756624341
117,0.00022078724578022957,0.00026440288638696074
118,0.0002202308678533882,0.0002749479317571968
119,0.0002197310677729547,0.0002725608355831355
120,0.00021918689890298992,0.0002587412891443819
121,0.00021871882199775428,0.00024953181855380535
122,0.00021811737678945065,0.00025440307217650115
123,0.00021767996076960117,0.0002659180318005383
124,0.00021727166313212365,0.00026868749409914017
125,0.00021670080604963005,0.0002588207134976983
126,0.00021624703367706388,0.0002476361987646669
127,0.00021581040346063673,0.0002449810563120991
128,0.00021538318833336234,0.00024827869492582977
129,0.0002149336360162124,0.0002480017428752035
130,0.00021446903701871634,0.00024137469881679863
131,0.00021412421483546495,0.00023534880892839283
132,0.00021371242473833263,0.00023538761888630688
133,0.00021327701688278466,0.00023838787456043065
134,0.00021290509903337806,0.00023718681768514216
135,0.00021253220620565116,0.0002306421083630994
136,0.00021216542518232018,0.00022553121380042285
137,0.00021176834707148373,0.0002269404212711379
138,0.00021142433979548514,0.00023149322078097612
139,0.00021109843510203063,0.0002317231410415843
140,0.00021072974777780473,0.00022600074589718133
141,0.0002103941369568929,0.00022015045396983624
142,0.00021007054601795971,0.00021886362810619175
143,0.0002097532560583204,0.0002201072929892689
144,0.0002094254596158862,0.00021902557637076825
145,0.00020911070168949664,0.00021508397185243666
146,0.00020882282115053385,0.00021202946663834155
147,0.00020851603767368942,0.00021177451708354056
148,0.00020822088117711246,0.00021191188716329634
149,0.00020793601288460195,0.00020966227748431265
150,0.0002076568634947762,0.00020631356164813042
151,0.00020737882005050778,0.0002052373019978404
152,0.00020710297394543886,0.0002067341993097216
153,0.000206844080821611,0.00020749731629621238
154,0.0002065816370304674,0.0002052956260740757
155,0.00020632518862839788,0.00020203369786031544
156,0.0002060744445770979,0.0002006706054089591
157,0.00020582895376719534,0.00020104987197555602
158,0.00020558784308377653,0.0002006283466471359
159,0.00020534786744974554,0.00019846227951347828
160,0.00020511721959337592,0.00019630494352895766
161,0.00020488780864980072,0.00019552871526684612
162,0.0002046637237071991,0.00019512479775585234
163,0.00020444269466679543,0.00019360444275662303
164,0.00020422620582394302,0.000191532148164697
165,0.00020401403889991343,0.00019057442841585726
166,0.00020380417117848992,0.00019077150500379503
167,0.00020359938207548112,0.00019044234068132937
168,0.0002033971541095525,0.0001887621619971469
169,0.00020319978648331016,0.00018693685706239194
170,0.00020300423784647137,0.00018620949413161725
171,0.0002028127055382356,0.00018603923672344536
172,0.0002026245929300785,0.00018515267584007233
173,0.00020243918697815388,0.0001835736184148118
174,0.00020225679327268153,0.00018236796313431114
175,0.00020207751367706805,0.00018180751067120582
176,0.00020190182840451598,0.00018106955394614488
177,0.00020172791846562177,0.0001797615404939279
178,0.00020155742822680622,0.0001786056236596778
179,0.00020138958643656224,0.00017816769832279533
180,0.00020122434943914413,0.00017788220429793
181,0.00020106133888475597,0.0001769911905284971
182,0.00020090128236915916,0.00017576546815689653
183,0.00020074368512723595,0.00017498823581263423
184,0.00020058811060152948,0.00017466799181420356
185,0.0002004350972129032,0.00017411066801287234
186,0.00020028444123454392,0.0001731011871015653
187,0.0002001358225243166,0.00017216376727446914
188,0.00019998916832264513,0.00017159244453068823
189,0.0001998450024984777,0.00017101141565945
190,0.00019970267021562904,0.0001701285655144602
191,0.00019956231699325144,0.00016927218530327082
192,0.0001994239864870906,0.0001687726326053962
193,0.0001992876932490617,0.0001683641894487664
194,0.0001991529279621318,0.00016766157932579517
195,0.00019902014173567295,0.0001668247568886727
196,0.00019888913084287196,0.00016625768330413848
197,0.00019875974976457655,0.0001659130648477003
198,0.00019863202760461718,0.0001654043298913166
199,0.00019850602257065475,0.00016468139074277133
200,0.0001983815454877913,0.0001640465488890186
201,0.0001982585235964507,0.00016358708671759814
202,0.00019813711696770042,0.0001630664337426424
203,0.00019801715097855777,0.00016240813420154154
204,0.00019789858197327703,0.00016183280968107283
205,0.0001977814536076039,0.0001614281936781481
206,0.00019766567857004702,0.000160981435328722
207,0.00019755115499719977,0.00016037237946875393
208,0.000197437999304384,0.00015979479940142483
209,0.00019732608052436262,0.0001593992201378569
210,0.0001972153695533052,0.00015903564053587615
211,0.0001971059391507879,0.000158540831762366
212,0.00019699761469382793,0.00015800986147951335
213,0.00019689042528625578,0.00015757545770611614
214,0.00019678438547998667,0.0001571678149048239
215,0.00019667936430778354,0.0001566821738379076
216,0.00019657544908113778,0.00015619381156284362
217,0.00019647259614430368,0.00015580852050334215
218,0.00019637065997812897,0.00015544425696134567
219,0.00019626980065368116,0.00015499215805903077
220,0.00019616985809989274,0.00015451862418558449
221,0.0001960708905244246,0.00015414052177220583
222,0.00019597281061578542,0.00015381559205707163
223,0.00019587561837397516,0.00015343782433774322
224,0.0001957793574547395,0.00015302812971640378
225,0.00019568389689084142,0.00015266645641531795
226,0.00019558930944185704,0.00015232480654958636
227,0.000195495507796295,0.0001519422366982326
228,0.0001954025065060705,0.00015155212895479053
229,0.00019531030557118356,0.00015121983597055078
230,0.0001952188613358885,0.0001509061548858881
231,0.00019512810104060918,0.00015054277901072055
232,0.00019503817020449787,0.0001501652877777815
233,0.00019494886510074139,0.00014983750588726252
234,0.00019486030214466155,0.00014953830395825207
235,0.00019477237947285175,0.00014921167166903615
236,0.00019468518439680338,0.00014887673023622483
237,0.0001945986005011946,0.00014857319183647633
238,0.00019451265688985586,0.00014827527047600597
239,0.00019442732445895672,0.00014794919115956873
240,0.0001943426177604124,0.00014762736100237817
241,0.00019425850769039243,0.00014734140131622553
242,0.00019417499424889684,0.00014705902140121907
243,0.00019409204833209515,0.00014674713020212948
244,0.00019400966993998736,0.00014643839676864445
245,0.00019392778631299734,0.00014615902910009027
246,0.00019384644110687077,0.00014588228077627718
247,0.0001937657070811838,0.00014559128612745553
248,0.00019368540961295366,0.00014531119086313993
249,0.00019360562146175653,0.00014504764112643898
250,0.00019352638628333807,0.00014477744116447866
251,0.000193447558558546,0.00014449391164816916
252,0.00019336924015078694,0.00014422468666452914
253,0.00019329138740431517,0.00014397101767826825
254,0.00019321391300763935,0.00014370687131304294
255,0.00019313700613565743,0.00014343643852043897
256,0.0001930605067173019,0.00014317587192635983
257,0.00019298440020065755,0.0001429242402082309
258,0.00019290868658572435,0.00014266801008488983
259,0.00019283343863207847,0.00014241090684663504
260,0.0001927585544763133,0.0001421653723809868
261,0.0001926841214299202,0.00014192289381753653
262,0.00019261002307757735,0.00014167318295221776
263,0.0001925362739712,0.00014142502914182842
264,0.0001924630196299404,0.0001411889970768243
265,0.0001923900272231549,0.0001409521937603131
266,0.00019231742771808058,0.00014070897304918617
267,0.00019224514835514128,0.00014046899741515517
268,0.000192173189134337,0.00014023778203409165
269,0.0001921016228152439,0.00014000455848872662
270,0.00019203037663828582,0.000139768366352655
271,0.00019195943605154753,0.00013953859161119908
272,0.00019188884471077472,0.00013931347348261625
273,0.00019181852985639125,0.000139083931571804
274,0.0001917485351441428,0.00013885502994526178
275,0.00019167884602211416,0.00013863340427633375
276,0.00019160944793839008,0.00013841285544913262
277,0.0001915403554448858,0.00013818827574141324
278,0.00019147145212627947,0.00013796631537843496
279,0.00019140295626129955,0.00013774854596704245
280,0.00019133463501930237,0.00013752997620031238
281,0.0001912665757117793,0.00013731129001826048
282,0.00019119882199447602,0.0001370954851154238
283,0.00019113134476356208,0.00013688280887436122
284,0.0001910641003632918,0.0001366688375128433
285,0.00019099704513791949,0.0001364546042168513
286,0.00019093032460659742,0.00013624409621115774
287,0.00019086373504251242,0.0001360367314191535
288,0.0001907974510686472,0.00013582837709691375
289,0.0001907313708215952,0.00013561909145209938
290,0.0001906655088532716,0.00013541353109758347
291,0.0001905998942675069,0.00013520831998903304
292,0.0001905344397528097,0.0001350025850115344
293,0.00019046920351684093,0.00013479981862474233
294,0.00019040421466343105,0.0001345985074294731
295,0.00019033938588108867,0.0001343968469882384
296,0.00019027477537747473,0.00013419495371636003
297,0.00019021031039301306,0.00013399627641774714
298,0.00019014606368727982,0.00013379879237618297
299,0.0001900819770526141,0.00013360158482100815
300,0.00019001815235242248,0.0001334060652879998
301,0.00018995445861946791,0.00013321105507202446
302,0.00018989088130183518,0.0001330156228505075
303,0.00018982755136676133,0.00013282257714308798
304,0.00018976429419126362,0.00013262986612971872
305,0.00018970125529449433,0.00013243853754829615
306,0.0001896383473649621,0.00013224796566646546
307,0.00018957562861032784,0.0001320581213803962
308,0.00018951304082293063,0.00013186715659685433
309,0.00018945058400277048,0.0001316809793934226
310,0.00018938828725367785,0.00013149487494956702
311,0.0001893261360237375,0.00013130779552739114
312,0.00018926414486486465,0.00013112244778312743
313,0.00018920221191365272,0.00013093922461848706
314,0.00018914046813733876,0.0001307552302023396
315,0.00018907885532826185,0.00013057088654022664
316,0.000189017373486422,0.0001303911703871563
317,0.00018895593530032784,0.00013021094491705298
318,0.0001888947153929621,0.000130027809063904
319,0.00018883355369325727,0.00012984935892745852
320,0.00018877255206461996,0.000129673135234043
321,0.00018871165229938924,0.00012949381198268384
322,0.0001886508398456499,0.00012931603123433888
323,0.00018859018746297807,0.00012914222315885127
324,0.00018852960783988237,0.00012896662519779056
325,0.0001884691882878542,0.0001287904888158664
326,0.0001884088123915717,0.00012861871800851077
327,0.00018834861111827195,0.00012844697630498558
328,0.00018828845350071788,0.0001282722660107538
329,0.00018822848505806178,0.00012810196494683623
330,0.00018816858937498182,0.0001279334246646613
331,0.0001881088101072237,0.00012776293442584574
332,0.0001880491035990417,0.00012759344826918095
333,0.00018798955716192722,0.0001274271635338664
334,0.00018793012714013457,0.00012725952547043562
335,0.00018787085718940943,0.00012709230941254646
336,0.00018781165999826044,0.00012692780001088977
337,0.0001877525937743485,0.0001267635525437072
338,0.00018769368762150407,0.0001265978062292561
339,0.00018763489788398147,0.0001264354505110532
340,0.00018757623911369592,0.00012627372052520514
341,0.00018751776951830834,0.00012611104466486722
342,0.0001874594745459035,0.00012595110456459224
343,0.0001874012959888205,0.00012579075701069087
344,0.00018734324839897454,0.00012563080235850066
345,0.00018728540453594178,0.00012547257938422263
346,0.00018722773529589176,0.00012531383254099637
347,0.0001871702988864854,0.00012515686103142798
348,0.0001871129934443161,0.0001250008208444342
349,0.00018705593538470566,0.00012484443141147494
350,0.00018699902284424752,0.0001246887113666162
351,0.00018694231403060257,0.0001245348248630762
352,0.00018688582349568605,0.00012438098201528192
353,0.00018682958034332842,0.0001242265134351328
354,0.0001867734536062926,0.0001240740966750309
355,0.00018671757425181568,0.0001239217963302508
356,0.00018666188407223672,0.00012376935046631843
357,0.00018660639761947095,0.0001236180542036891
358,0.00018655108578968793,0.00012346681614872068
359,0.00018649596313480288,0.00012331591278780252
360,0.00018644105875864625,0.00012316535867284983
361,0.00018638631445355713,0.00012301588139962405
362,0.00018633174477145076,0.00012286675337236375
363,0.0001862773351604119,0.00012271592277102172
364,0.00018622304196469486,0.00012256648915354162
365,0.0001861689379438758,0.00012241890362929553
366,0.000186114979442209,0.0001222692953888327
367,0.00018606118101160973,0.00012212056026328355
368,0.0001860074989963323,0.00012197373871458694
369,0.00018595397705212235,0.00012182367936475202
370,0.00018590052786748856,0.0001216762830154039
371,0.00018584722420200706,0.00012153047282481566
372,0.00018579403695184737,0.00012138143938500434
373,0.00018574096611700952,0.0001212361894431524
374,0.00018568805535323918,0.00012108979717595503
375,0.00018563529010862112,0.0001209430192830041
376,0.00018558261217549443,0.00012079761654604226
377,0.00018553003610577434,0.00012065400369465351
378,0.000185477634659037,0.00012050900113536045
379,0.0001854253059718758,0.00012036542466375977
380,0.0001853731373557821,0.00012022409646306187
381,0.00018532114336267114,0.00012008094927296042
382,0.0001852692075772211,0.00011993938096566126
383,0.00018521746096666902,0.00011979984265053645
384,0.00018516580166760832,0.0001196603334392421
385,0.0001851142878876999,0.00011952001659665257
386,0.000185062934178859,0.00011938386887777597
387,0.000185011638677679,0.00011924724094569683
388,0.00018496056145522743,0.0001191094852401875
389,0.00018490954244043678,0.00011897613148903474
390,0.00018485869804862887,0.00011884182458743453
391,0.00018480795552022755,0.00011870849266415462
392,0.00018475732940714806,0.00011857660865643993
393,0.00018470684881322086,0.0001184456777991727
394,0.00018465647008270025,0.00011831570736831054
395,0.00018460623687133193,0.0001181865154649131
396,0.00018455606186762452,0.00011805848043877631
397,0.00018450606148689985,0.0001179303289973177
398,0.0001844561193138361,0.00011780397471738979
399,0.0001844063081080094,0.00011767887190217152
400,0.0001843566569732502,0.00011755349260056391
401,0.00018430710770189762,0.00011742925562430173
402,0.00018425767484586686,0.00011730702681234106
403,0.000184208300197497,0.00011718329187715426
404,0.00018415905651636422,0.00011706162331392989
405,0.0001841099583543837,0.00011694194108713418
406,0.00018406094750389457,0.00011682003241730854
407,0.00018401206762064248,0.00011670063395285979
408,0.00018396326049696654,0.0001165823414339684
409,0.00018391456978861243,0.00011646272469079122
410,0.00018386599549558014,0.00011634537077043205
411,0.00018381752306595445,0.0001162284315796569
412,0.00018376916705165058,0.00011610980436671525
413,0.00018372091290075332,0.00011599410936469212
414,0.00018367280426900834,0.00011587911285459995
415,0.00018362468108534813,0.00011576167162274942
416,0.00018357676162850112,0.00011564826127141714
417,0.0001835289440350607,0.00011553386138984933
418,0.0001834811846492812,0.00011541839194251224
419,0.00018343351257499307,0.00011530600022524595
420,0.00018338598601985723,0.0001151919859694317
421,0.00018333854677621275,0.00011507988529046997
422,0.00018329119484405965,0.00011496779188746586
423,0.00018324394477531314,0.00011485498544061556
424,0.00018319679656997323,0.00011474394705146551
425,0.00018314977933187038,0.00011463346891105175
426,0.0001831027475418523,0.00011452296894276515
427,0.00018305594858247787,0.00011441256356192753
428,0.0001830091350711882,0.00011430406448198482
429,0.0001829624525271356,0.0001141948378062807
430,0.0001829159155022353,0.0001140853637480177
431,0.00018286942213308066,0.00011397839261917397
432,0.00018282298697158694,0.0001138708321377635
433,0.00018277671188116074,0.00011376339534763247
434,0.00018273048044648021,0.00011365817772457376
435,0.00018268437997903675,0.0001135511338361539
436,0.00018263830861542374,0.0001134451013058424
437,0.000182592382770963,0.00011334296868881211
438,0.00018254650058224797,0.00011323681246722117
439,0.00018250072025693953,0.00011313365394016728
440,0.0001824550417950377,0.00011303079372737557
441,0.00018240943609271199,0.00011292697308817878
442,0.00018236396135762334,0.00011282586638117209
443,0.00018231851572636515,0.00011272481788182631
444,0.00018227317195851356,0.00011262227053521201
445,0.0001822279009502381,0.00011252317199250683
446,0.00018218277546111494,0.00011242237087571993
447,0.000182137664523907,0.00011232337419642136
448,0.00018209264089819044,0.00011222466127946973
449,0.00018204770458396524,0.00011212427489226684
450,0.0001820028992369771,0.00011202781752217561
451,0.00018195807933807373,0.00011193030513823032
452,0.00018191341951023787,0.00011183175229234621
453,0.00018186881789006293,0.00011173773236805573
454,0.00018182431813329458,0.00011163955059600994
455,0.00018177983292844146,0.00011154401727253571
456,0.0001817354786908254,0.00011145084863528609
457,0.00018169116810895503,0.0001113536418415606
458,0.00018164695939049125,0.00011126091703772545
459,0.0001816028234316036,0.0001111669116653502
460,0.00018155877478420734,0.00011107224418083206
461,0.00018151475524064153,0.00011098114919150248
462,0.00018147083756048232,0.00011088782775914297
463,0.0001814270217437297,0.00011079446267103776
464,0.00018138327868655324,0.00011070598702644929
465,0.00018133956473320723,0.00011061153054470196
466,0.00018129598174709827,0.00011052269110223278
467,0.0001812523987609893,0.00011043304402846843
468,0.0001812089467421174,0.0001103415634133853
469,0.00018116555293090641,0.00011025362618966028
470,0.00018112218822352588,0.00011016400821972638
471,0.00018107893993146718,0.00011007512512151152
472,0.0001810357061913237,0.00010998833749908954
473,0.00018099263252224773,0.00010989927977789193
474,0.00018094960250891745,0.00010981295781675726
475,0.0001809065870475024,0.00010972518794005737
476,0.00018086368800140917,0.00010963915701722726
477,0.00018082083261106163,0.00010955389734590426
478,0.00018077802087645978,0.00010946780821541324
479,0.00018073531100526452,0.00010938238119706511
480,0.00018069268844556063,0.00010929846030194312
481,0.0001806501386454329,0.00010921403736574575
482,0.00018060760339722037,0.00010912981815636158
483,0.000180565140908584,0.00010904663213295862
484,0.00018052275117952377,0.00010896283492911607
485,0.00018048041965812445,0.00010888124961638823
486,0.0001804381754482165,0.00010879777983063832
487,0.00018039597489405423,0.00010871673293877393
488,0.00018035383254755288,0.00010863565694307908
489,0.00018031180661637336,0.00010855364234885201
490,0.0001802697661332786,0.00010847349039977416
491,0.00018022782751359046,0.00010839307651622221
492,0.000180185932549648,0.00010831337567651644
493,0.00018014411034528166,0.00010823318734765053
494,0.00018010239000432193,0.00010815478162840009
495,0.00018006065511144698,0.00010807497164933011
496,0.00018001902208197862,0.00010799705341923982
497,0.00017997744726017118,0.00010791888780659065
498,0.00017993588699027896,0.00010784007463371381
499,0.00017989444313570857,0.00010776461567729712
500,0.00017985304293688387,0.00010768628271762282
501,0.00017981170094572008,0.00010761030716821551
502,0.00017977040261030197,0.00010753350943559781
503,0.00017972917703446,0.00010745766485342756
504,0.0001796880242181942,0.00010738189303083345
505,0.00017964690050575882,0.00010730674694059417
506,0.00017960583500098437,0.00010723151353886351
507,0.0001795648131519556,0.00010715690586948767
508,0.00017952384951058775,0.00010708322952268645
509,0.00017948297318071127,0.0001070083599188365
510,0.00017944212595466524,0.00010693622607504949
511,0.0001794013223843649,0.00010686115274438635
512,0.0001793605915736407,0.00010678928811103106
513,0.00017931988986674696,0.00010671656491467729
514,0.0001792792754713446,0.0001066432596417144
515,0.0001792387047316879,0.00010657338862074539
516,0.0001791981776477769,0.00010649889009073377
517,0.0001791577524272725,0.00010642973211361095
518,0.0001791172835510224,0.0001063578893081285
519,0.00017907693109009415,0.00010628645395627245
520,0.0001790366368368268,0.00010621875117067248
521,0.00017899634258355945,0.00010614442726364359
522,0.0001789561501936987,0.00010607908916426823
523,0.00017891600145958364,0.00010600579116726294
524,0.00017887589638121426,0.0001059389251167886
525,0.00017883582040667534,0.00010586919233901426
526,0.00017879580263979733,0.00010579849913483486
527,0.0001787558721844107,0.00010573484905762598
528,0.00017871594172902405,0.00010566121636657044
529,0.0001786760549293831,0.00010559907968854532
530,0.00017863625544123352,0.00010552690218901262
531,0.00017859649960882962,0.0001054624590324238
532,0.00017855677288025618,0.00010539514914853498
533,0.00017851711891125888,0.00010532625310588628
534,0.0001784774794941768,0.00010526432015467435
535,0.00017843788373284042,0.00010519209172343835
536,0.00017839836073108017,0.00010513293091207743
537,0.00017835888138506562,0.00010506110265851021
538,0.0001783194311428815,0.0001050011269398965
539,0.00017828005366027355,0.00010493268928257748
540,0.00017824069072958082,0.00010486922838026658
541,0.00017820140055846423,0.00010480558557901531
542,0.0001781621394911781,0.00010473833390278742
543,0.0001781229511834681,0.0001046788165695034
544,0.00017808377742767334,0.00010461007332196459
545,0.00017804464732762426,0.00010455107985762879
546,0.00017800558998715132,0.00010448245302541181
547,0.00017796654719859362,0.00010442535858601332
548,0.00017792756261769682,0.00010435808508191258
549,0.00017788860714063048,0.00010429902613395825
550,0.00017784969531930983,0.00010423443745821714
551,0.0001778108417056501,0.00010417286830488592
552,0.00017777203174773604,0.00010411292169010267
553,0.0001777332363417372,0.00010404684871900827
554,0.00017769452824722975,0.00010399211168987677
555,0.0001776558201527223,0.0001039211856550537
556,0.00017761712661013007,0.00010387209476903081
557,0.00017757854948285967,0.0001037988331518136
558,0.00017753997235558927,0.00010375201236456633
559,0.00017750143888406456,0.00010367811046307907
560,0.0001774629345163703,0.00010363140609115362
561,0.00017742450290825218,0.00010355897393310443
562,0.0001773860858520493,0.00010351110540796071
563,0.00017734769789967686,0.00010344120528316125
564,0.00017730936815496534,0.00010339059372199699
565,0.00017727106751408428,0.00010332383681088686
566,0.00017723282508086413,0.00010327289783162996
567,0.0001771946408553049,0.00010320723959011957
568,0.0001771564711816609,0.00010315517283743247
569,0.0001771183160599321,0.00010309050412615761
570,0.00017708023369777948,0.00010304003808414564
571,0.00017704216588754207,0.00010297443077433854
572,0.00017700409807730466,0.00010292474325979128
573,0.00017696614668238908,0.00010285850294167176
574,0.0001769281952874735,0.0001028115875669755
575,0.00017689027299638838,0.00010274249507347122
576,0.00017685239436104894,0.0001027003163471818
577,0.00017681454482953995,0.00010262635623803362
578,0.00017677675350569189,0.00010258962720399722
579,0.00017673897673375905,0.0001025103047140874
580,0.00017670121451374143,0.00010248264152323827
581,0.00017666352505329996,0.00010239061521133408
582,0.00017662587924860418,0.00010238085087621585
583,0.00017658826254773885,0.00010226639278698713
584,0.0001765506312949583,0.00010228766041109338
585,0.00017651311645749956,0.0001021324351313524
586,0.0001764755870681256,0.00010220836702501401
587,0.00017643810133449733,0.00010197939263889566
588,0.00017640071746427566,0.00010215835936833173
589,0.00017636336269788444,0.00010178793309023604
590,0.0001763260952429846,0.00010216559894615784
591,0.00017628914793021977,0.00010151686001336202
592,0.0001762524334480986,0.00010229055624222383
593,0.0001762164174579084,0.00010108231799677014
594,0.00017618181300349534,0.00010266744357068092
595,0.00017615013348404318,0.00010030122939497232
596,0.0001761245512170717,0.00010360119631513953
597,0.00017611200746614486,9.87917446764186e-05
598,0.0001761280873324722,0.00010583479888737202
599,0.00017620716243982315,9.578961180523038e-05
600,0.00017642712919041514,0.0001113392791012302
601,0.00017696668510325253,9.008860070025548e-05
602,0.000178236878127791,0.00012613239232450724
603,0.00018120922322850674,8.196350245270878e-05
604,0.00018814584473147988,0.00017222999304067343
605,0.00020455621415749192,8.988589979708195e-05
606,0.00024315818154718727,0.00034647644497454166
607,0.00033553826506249607,0.00026060259551741183
608,0.0005481460248120129,0.0011218690779060125
609,0.0010331817902624607,0.0014355663442984223
610,0.001963157206773758,0.004388424567878246
611,0.0033786999993026257,0.005550193600356579
612,0.004151664674282074,0.009499638341367245
613,0.002467458602041006,0.003435491118580103
614,0.000313170428853482,0.0008299622568301857
615,0.0010215304791927338,0.0028926872182637453
616,0.0016193900955840945,0.0017172408988699317
617,0.00030843267450109124,0.0008826797711662948
618,0.0007976675406098366,0.002329378155991435
619,0.000927989836782217,0.0008075153455138206
620,0.00019946476095356047,0.0001586752332514152
621,0.0008465001592412591,0.0024545607157051563
622,0.000350724789313972,0.00011565287422854453
623,0.00044140347745269537,0.00017533979553263634
624,0.0005770703428424895,0.0018803136190399528
625,0.00022034144785720855,0.0005444069392979145
626,0.0005824703257530928,0.00025537199690006673
627,0.0002278603642480448,0.0006008222699165344
628,0.0004273081722203642,0.0013837108854204416
629,0.0003200629726052284,9.09854206838645e-05
630,0.00027467604377307,8.813176827970892e-05
631,0.0003816717944573611,0.001088168122805655
632,0.00020239684090483934,0.0003260758239775896
633,0.00037163085653446615,0.00014841304800938815
634,0.00020432051678653806,0.0003342630516272038
635,0.0003083292976953089,0.0007955888286232948
636,0.00023973801580723375,9.875658724922687e-05
637,0.00024239378399215639,9.032852540258318e-05
638,0.00026971110492013395,0.0006381377461366355
639,0.00020189821952953935,0.0003159489424433559
640,0.0002736480673775077,9.982634946936741e-05
641,0.00019147545390296727,0.00020163248700555414
642,0.0002528637705836445,0.0005143010057508945
643,0.00020191169460304081,0.000101977311715018
644,0.00022343106684274971,8.808095299173146e-05
645,0.00021686014952138066,0.0003635700268205255
646,0.00019915594020858407,0.0002778958878479898
647,0.00022345033357851207,8.538873953511938e-05
648,0.00018771713075693697,0.00015872839139774442
649,0.00021846138406544924,0.00040206158882938325
650,0.00018823218124452978,0.0001443814398953691
651,0.000206554148462601,9.467385098105296e-05
652,0.00019424283527769148,0.0002785577962640673
653,0.00019394471019040793,0.00027540375594981015
654,0.00019912437710445374,9.909636719385162e-05
655,0.00018590035324450582,0.00014057394582778215
656,0.00019922133651562035,0.00030653949943371117
657,0.00018385055591352284,0.0001613298081792891
658,0.0001948507415363565,0.00010319680586690083
659,0.00018582386837806553,0.00021997757721692324
660,0.00018868368351832032,0.00024756655329838395
661,0.00018845495651476085,0.00011755075684050098
662,0.00018382650159765035,0.00013734496315009892
663,0.00018916335829999298,0.00024542456958442926
664,0.00018181881750933826,0.00015996200090739876
665,0.0001874185400083661,0.00010857649613171816
666,0.00018225992971565574,0.00017650325025897473
667,0.00018431954958941787,0.00019690991030074656
668,0.00018347508739680052,0.00011458783410489559
669,0.00018160718900617212,0.0001256715040653944
670,0.00018390384502708912,0.00019265695300418884
671,0.00018037270638160408,0.00014369549171533436
672,0.00018304551485925913,0.00010897560423472896
673,0.00018049323989544064,0.00015466930926777422
674,0.00018141379405278713,0.0001669805933488533
675,0.00018104803166352212,0.00011352639558026567
676,0.00017998891416937113,0.00012083230831194669
677,0.00018116291903425008,0.00016119041538331658
678,0.00017936917720362544,0.0001294539833907038
679,0.00018056758563034236,0.00010880852642003447
680,0.00017943517013918608,0.00014035659842193127
681,0.00017961900448426604,0.0001454201847082004
682,0.00017964433936867863,0.00011290349357295781
683,0.00017888475849758834,0.00012258347123861313
684,0.00017953827045857906,0.0001481327199144289
685,0.00017861944797914475,0.0001244060549652204
686,0.00017906786524690688,0.00011336442548781633
687,0.00017866381676867604,0.0001367724034935236
688,0.00017851397569756955,0.00013444355863612145
689,0.0001786833454389125,0.00011296946468064561
690,0.00017816385661717504,0.00012326351134106517
691,0.00017847976414486766,0.00013727688929066062
692,0.0001780656020855531,0.00011925468425033614
693,0.0001781251048669219,0.00011556574463611469
694,0.0001780562597559765,0.00013236798986326903
695,0.00017781303904484957,0.00012623010843526572
696,0.00017795628809835762,0.000113397189124953
697,0.00017765277880243957,0.00012335985957179219
698,0.0001777330762706697,0.00012853305088356137
699,0.00017759566253516823,0.00011488165910122916
700,0.0001774894044501707,0.00011569030175451189
701,0.0001775215205270797,0.00012587809760589153
702,0.000177323556272313,0.00011832024028990418
703,0.00017737138841766864,0.00011242311302339658
704,0.00017723867495078593,0.00012106783833587542
705,0.00017718640447128564,0.00012095316924387589
706,0.00017716505681164563,0.00011235925921937451
707,0.0001770363887771964,0.00011614279355853796
708,0.00017704871424939483,0.00012092170072719455
709,0.00017694027337711304,0.00011367253318894655
710,0.0001769023947417736,0.00011241807806072757
711,0.00017686102364677936,0.00011860847007483244
712,0.00017677061259746552,0.00011547350004548207
713,0.00017675948038231581,0.00011106655438197777
714,0.00017667314386926591,0.00011571345385164022
715,0.00017663673497736454,0.00011668072693282738
716,0.00017659047443885356,0.00011154304229421541
717,0.00017652087262831628,0.00011320021440042183
718,0.00017649606161285192,0.00011641469609458
719,0.00017642661987338215,0.00011246982467127964
720,0.00017638826102484018,0.00011132455983897671
721,0.00017634281539358199,0.00011486936273286119
722,0.00017628430214244872,0.00011316498421365395
723,0.0001762524334480986,0.00011041015386581421
724,0.00017619409481994808,0.00011299919424345717
725,0.00017615385877434164,0.00011343455844325945
726,0.00017611052317079157,0.00011033075134037063
727,0.00017605835455469787,0.00011130513303214684
728,0.00017602270236238837,0.00011299061588943005
729,0.00017597185797058046,0.00011051008914364502
730,0.0001759305305313319,0.00010992291936418042
731,0.00017588924674782902,0.00011186792835360393
732,0.00017584129818715155,0.00011056183575419709
733,0.0001758038706611842,0.00010904407827183604
734,0.00017575807578396052,0.0001106051859096624
735,0.000175716559169814,0.00011048722080886364
736,0.00017567681788932532,0.00010869030666071922
737,0.00017563201254233718,0.00010949929855996743
738,0.00017559372645337135,0.00011019047815352678
739,0.00017555135127622634,0.00010860415932256728
740,0.00017551021301187575,0.00010857980669243261
741,0.00017547149036545306,0.00010958065104205161
742,0.00017542921705171466,0.0001085157273337245
743,0.00017539059626869857,0.00010790366650326177
744,0.0001753505930537358,0.00010886840027524158
745,0.00017531024059280753,0.00010841081530088559
746,0.00017527220188640058,0.00010750079673016444
747,0.0001752319367369637,0.00010819764429470524
748,0.00017519349057693034,0.00010824576020240784
749,0.00017515505896881223,0.00010727324115578085
750,0.00017511572514194995,0.00010755690891528502
751,0.00017507821030449122,0.00010790061060106382
752,0.00017503958952147514,0.0001070636571967043
753,0.00017500155081506819,0.00010697421384975314
754,0.00017496419604867697,0.00010743263555923477
755,0.00017492598271928728,0.00010684828885132447
756,0.0001748889044392854,0.00010650849435478449
757,0.0001748515642248094,0.00010694745287764817
758,0.00017481415125075728,0.00010662947170203552
759,0.00017477752408012748,0.00010614395432639867
760,0.00017474041669629514,0.00010645665315678343
761,0.00017470377497375011,0.00010634966020006686
762,0.00017466738063376397,0.00010581783863017336
763,0.00017463073891121894,0.0001059648348018527
764,0.00017459467926528305,0.00010601361282169819
765,0.00017455851775594056,0.00010552928142715245
766,0.00017452245811000466,0.0001055287939379923
767,0.00017448676226194948,0.0001056687833624892
768,0.0001744509645504877,0.00010528283746680245
769,0.00017441535601392388,0.00010516416659811512
770,0.00017437998030800372,0.0001053258529282175
771,0.00017434450273867697,0.00010504008241696283
772,0.0001743093744153157,0.00010483279038453475
773,0.00017427426064386964,0.00010497167386347428
774,0.0001742392487358302,0.00010478198964847252
775,0.00017420444055460393,0.0001045314857037738
776,0.00017416966147720814,0.00010462541104061529
777,0.0001741350133670494,0.00010452054266352206
778,0.0001741005398798734,0.00010426194785395637
779,0.0001740660663926974,0.00010430521797388792
780,0.00017403176752850413,0.0001042555013555102
781,0.00017399755597580224,0.00010400384053355083
782,0.00017396343173459172,0.00010399216989753768
783,0.00017392946756444871,0.00010397457663202658
784,0.00017389556160196662,0.00010374585690442473
785,0.0001738617429509759,0.00010368745279265568
786,0.00017382806981913745,0.00010368821676820517
787,0.00017379438213538378,0.00010349266085540876
788,0.00017376085452269763,0.00010340321023249999
789,0.00017372748698107898,0.00010341005690861493
790,0.0001736941048875451,0.00010324620234314352
791,0.00017366086831316352,0.00010313473467249423
792,0.00017362768994644284,0.0001031354331644252
793,0.00017359459889121354,0.00010299871064489707
794,0.00017356163880322129,0.00010287400800734758
795,0.00017352872237097472,0.00010286441829521209
796,0.0001734958786983043,0.00010275444219587371
797,0.00017346316599287093,0.00010262551950290799
798,0.0001734305260470137,0.00010260674025630578
799,0.00017339791520498693,0.00010251790808979422
800,0.00017336540622636676,0.00010239006951451302
801,0.00017333297000732273,0.00010236007074126974
802,0.00017330066475551575,0.00010228459723293781
803,0.00017326835950370878,0.00010216101509286091
804,0.0001732361561153084,0.00010211986227659509
805,0.0001732040400383994,0.00010205401486018673
806,0.0001731719821691513,0.00010193647904088721
807,0.00017314001161139458,0.00010188668238697574
808,0.00017310812836512923,0.00010182927508139983
809,0.00017307627422269434,0.00010171928443014622
810,0.0001730445073917508,0.00010166307765757665
811,0.00017301281332038343,0.00010160899546463042
812,0.0001729811920085922,0.00010150596790481359
813,0.0001729496434563771,0.00010144374391529709
814,0.00017291813855990767,0.00010139207734027877
815,0.00017288666276726872,0.00010129447764484212
816,0.00017285531794186682,0.00010122966341441497
817,0.00017282403132412583,0.0001011795611702837
818,0.00017279275925830007,0.00010108928108820692
819,0.00017276161815971136,0.00010102328815264627
820,0.0001727305061649531,0.00010097325139213353
821,0.00017269945237785578,0.00010088929411722347
822,0.0001726684276945889,0.0001008224135148339
823,0.0001726375485304743,0.00010077243496198207
824,0.00017260664026252925,0.0001006927850539796
825,0.00017257581930607557,0.0001006261445581913
826,0.00017254508566111326,0.00010057599138235673
827,0.0001725143811199814,0.00010050142009276897
828,0.00017248377844225615,0.00010043603833764791
829,0.00017245316121261567,0.00010038579785032198
830,0.00017242264584638178,0.00010031468991655856
831,0.00017239217413589358,0.00010025135998148471
832,0.00017236177518498152,0.0001001998534775339
833,0.00017233140533789992,0.00010013185965362936
834,0.00017230110825039446,0.00010007015953306109
835,0.00017227084026671946,0.00010001901682699099
836,0.0001722406450426206,9.995331492973492e-05
837,0.00017221050802618265,9.98924151645042e-05
838,0.00017218042921740562,9.984243661165237e-05
839,0.00017215035040862858,9.97792012640275e-05
840,0.00017212035891134292,9.971956023946404e-05
841,0.00017209046927746385,9.966988727683201e-05
842,0.00017206055053975433,9.960781608242542e-05
843,0.00017203070456162095,9.955036512110382e-05
844,0.00017200091679114848,9.950114326784387e-05
845,0.00017197120178025216,9.944085468305275e-05
846,0.00017194150132127106,9.938513539964333e-05
847,0.00017191188817378134,9.933637920767069e-05
848,0.00017188233323395252,9.927834616973996e-05
849,0.00017185270553454757,9.922353638103232e-05
850,0.00017182325245812535,9.917558782035485e-05
851,0.0001717938284855336,9.911893721437082e-05
852,0.0001717644336167723,9.906573541229591e-05
853,0.00017173506785184145,9.901862358674407e-05
854,0.00017170576029457152,9.896326810121536e-05
855,0.00017167652549687773,9.891204535961151e-05
856,0.0001716473198030144,9.886456246022135e-05
857,0.00017161815776489675,9.881161531666294e-05
858,0.00017158906848635525,9.876111289486289e-05
859,0.00017155997920781374,9.871481597656384e-05
860,0.00017153096268884838,9.866302571026608e-05
861,0.00017150197527371347,9.861488797469065e-05
862,0.00017147304606623948,9.856811811914667e-05
863,0.00017144416051451117,9.851830691331998e-05
864,0.00017141530406661332,9.847041656030342e-05
865,0.00017138649127446115,9.842430154094473e-05
866,0.00017135775124188513,9.837579273153096e-05
867,0.00017132905486505479,9.832924843067303e-05
868,0.0001713004312478006,9.828386828303337e-05
869,0.00017127179307863116,9.823629079619423e-05
870,0.00017124322766903788,9.819227125262842e-05
871,0.00017121469136327505,9.814647637540475e-05
872,0.00017118621326517314,9.810050687519833e-05
873,0.0001711577788228169,9.805660374695435e-05
874,0.00017112934438046068,9.801185660762712e-05
875,0.00017110101180151105,9.796626545721665e-05
876,0.00017107267922256142,9.792419587029144e-05
877,0.0001710444048512727,9.78795942501165e-05
878,0.00017101623234339058,9.78357857093215e-05
879,0.000170988030731678,9.779457468539476e-05
880,0.00017095993098337203,9.7750271379482e-05
881,0.00017093178757932037,9.770768519956619e-05
882,0.00017090373148676008,9.766719449544325e-05
883,0.00017087574815377593,9.762337867869064e-05
884,0.00017084776482079178,9.758226224221289e-05
885,0.00017081985424738377,9.754172060638666e-05
886,0.00017079197277780622,9.749970922712237e-05
887,0.00017076412041205913,9.745906572788954e-05
888,0.00017073632625397295,9.741921530803666e-05
889,0.00017070859030354768,9.737720392877236e-05
890,0.00017068088345695287,9.733793558552861e-05
891,0.00017065320571418852,9.729848534334451e-05
892,0.00017062557162716985,9.725696872919798e-05
893,0.0001705979957478121,9.72198904491961e-05
894,0.00017057047807611525,9.717878856463358e-05
895,0.00017054297495633364,9.713987674331293e-05
896,0.0001705155154922977,9.71024637692608e-05
897,0.0001704881142359227,9.706218406790867e-05
898,0.00017046071297954768,9.702445822767913e-05
899,0.0001704333844827488,9.698620851850137e-05
900,0.00017040611419361085,9.694870095700026e-05
901,0.0001703788439044729,9.69100437941961e-05
902,0.00017035163182299584,9.687260171631351e-05
903,0.00017032449250109494,9.68356616795063e-05
904,0.00017029735317919403,9.67976448009722e-05
905,0.00017027031572069973,9.676095214672387e-05
906,0.0001702432637102902,9.672351734479889e-05
907,0.00017021624080371112,9.668724669609219e-05
908,0.00017018927610479295,9.665128163760528e-05
909,0.0001701624132692814,9.661383228376508e-05
910,0.00017013550677802414,9.657835471443832e-05
911,0.00017010867304634303,9.654252062318847e-05
912,0.00017008189752232283,9.650537685956806e-05
913,0.0001700551074463874,9.647136903367937e-05
914,0.00017002846288960427,9.643431258155033e-05
915,0.00017000177467707545,9.639951167628169e-05
916,0.0001699751301202923,9.636452159611508e-05
917,0.00016994851466733962,9.632835281081498e-05
918,0.0001699219865258783,9.629395935917273e-05
919,0.00016989548748824745,9.625925304135308e-05
920,0.00016986903210636228,9.62235062615946e-05
921,0.00016984259127639234,9.619000047678128e-05
922,0.000169816252309829,9.615517046768218e-05
923,0.0001697898842394352,9.611977293388918e-05
924,0.00016976360348053277,9.608678374206647e-05
925,0.00016973732272163033,9.60519173531793e-05
926,0.00016971110017038882,9.60171819315292e-05
927,0.00016968496493063867,9.598526230547577e-05
928,0.00016965880058705807,9.594966832082719e-05
929,0.00016963269445113838,9.59163808147423e-05
930,0.0001696066465228796,9.58838063525036e-05
931,0.00016958059859462082,9.58484597504139e-05
932,0.00016955460887402296,9.581632912158966e-05
933,0.00016952870646491647,9.578284516464919e-05
934,0.00016950278950389475,9.574864088790491e-05
935,0.00016947690164670348,9.571642294758931e-05
936,0.0001694510574452579,9.568327368469909e-05
937,0.00016942531510721892,9.564946958562359e-05
938,0.0001693995582172647,9.561787737766281e-05
939,0.00016937387408688664,9.558392775943503e-05
940,0.00016934818995650858,9.55513896769844e-05
941,0.00016932256403379142,9.551909897709265e-05
942,0.00016929698176681995,9.548599336994812e-05
943,0.0001692714577075094,9.545374632580206e-05
944,0.00016924594820011407,9.542164480080828e-05
945,0.0001692204677965492,9.538847371004522e-05
946,0.00016919504560064524,9.53568160184659e-05
947,0.00016916965250857174,9.532391413813457e-05
948,0.0001691442885203287,9.529211820336059e-05
949,0.00016911895363591611,9.525945642963052e-05
950,0.00016909367695916444,9.52279006014578e-05
951,0.00016906848759390414,9.519515151623636e-05
952,0.0001690432836767286,9.516434511169791e-05
953,0.0001690180943114683,9.513148688711226e-05
954,0.00016899299225769937,9.509969095233828e-05
955,0.00016896789020393044,9.506814967608079e-05
956,0.00016894284635782242,9.50357862166129e-05
957,0.00016891781706362963,9.500434680376202e-05
958,0.00016889288963284343,9.497314022155479e-05
959,0.00016886794765014201,9.494073310634121e-05
960,0.0001688430638751015,9.490966476732865e-05
961,0.00016881815099623054,9.487801435170695e-05
962,0.0001687933545326814,9.484559268457815e-05
963,0.00016876858717296273,9.48153028730303e-05
964,0.00016874380526132882,9.478331776335835e-05
965,0.00016871909610927105,9.475171100348234e-05
966,0.0001686944451648742,9.472083183936775e-05
967,0.00016866983787622303,9.468883945373818e-05
968,0.00016864523058757186,9.465816401643679e-05
969,0.00016862065240275115,9.462658636039123e-05
970,0.00016859614697750658,9.45954816415906e-05
971,0.00016857162700034678,9.456479892833158e-05
972,0.0001685472234385088,9.453256643610075e-05
973,0.00016852277622092515,9.45019637583755e-05
974,0.00016849840176291764,9.447109187021852e-05
975,0.0001684740709606558,9.443929593544453e-05
976,0.00016844978381413966,9.440893336432055e-05
977,0.0001684254821157083,9.437731932848692e-05
978,0.00016840123862493783,9.434694948140532e-05
979,0.0001683770533418283,9.431556827621534e-05
980,0.00016835292626637965,9.428465273231268e-05
981,0.0001683287846390158,9.425444295629859e-05
982,0.00016830468666739762,9.422293078387156e-05
983,0.00016828063235152513,9.419213165529072e-05
984,0.0001682566071394831,9.416176908416674e-05
985,0.00016823262558318675,9.412971849087626e-05
986,0.00016820871678646654,9.410082566319034e-05
987,0.00016818482254166156,9.40680765779689e-05
988,0.00016816095740068704,9.403861622558907e-05
989,0.00016813712136354297,9.400788258062676e-05
990,0.00016811327077448368,9.397631947649643e-05
991,0.00016808950749691576,9.39474266488105e-05
992,0.00016806580242700875,9.391488856635988e-05
993,0.00016804211190901697,9.388505714014173e-05
994,0.00016801843594294041,9.38549856073223e-05
995,0.00016799483273644,9.382316056871787e-05
996,0.00016797124408185482,9.37937293201685e-05
997,0.00016794766997918487,9.376293746754527e-05
998,0.0001679241395322606,9.373115608468652e-05
999,0.00016790063818916678,9.370259067509323e-05
1000,0.00016787719505373389,9.367051825392991e-05
1001,0.00016785378102213144,9.364114521304145e-05
1002,0.00016783041064627469,9.361070260638371e-05
1003,0.00016780704027041793,9.357884846394882e-05
1004,0.00016778371355030686,9.355044312542304e-05
1005,0.0001677604450378567,9.351797780254856e-05
1006,0.00016773717652540654,9.348926687380299e-05
1007,0.00016771398077253252,9.345809667138383e-05
1008,0.0001676907850196585,9.3428127001971e-05
1009,0.00016766761837061495,9.339756070403382e-05
1010,0.00016764452448114753,9.336751099908724e-05
1011,0.0001676214305916801,9.333722846349701e-05
1012,0.0001675983367022127,9.330583270639181e-05
1013,0.0001675753592280671,9.327739098807797e-05
1014,0.00016755235265009105,9.324552229372784e-05
1015,0.00016752941883169115,9.321702236775309e-05
1016,0.000167506470461376,9.318545198766515e-05
1017,0.00016748362395446748,9.315564238931984e-05
1018,0.00016746077744755894,9.312578913522884e-05
1019,0.00016743790183681995,9.309422603109851e-05
1020,0.00016741514264140278,9.306584252044559e-05
1021,0.00016739239799790084,9.303403930971399e-05
1022,0.00016736963880248368,9.300509555032477e-05
1023,0.00016734695236664265,9.297523502027616e-05
1024,0.00016732430958654732,9.294467599829659e-05
1025,0.00016730165225453675,9.291464812122285e-05
1026,0.00016727909678593278,9.288449655286968e-05
1027,0.00016725649766158313,9.285375563194975e-05
1028,0.00016723397129680961,9.282528480980545e-05
1029,0.00016721145948395133,9.279334335587919e-05
1030,0.00016718900587875396,9.276504715671763e-05
1031,0.0001671665522735566,9.273459727410227e-05
1032,0.00016714415687602013,9.270398004446179e-05
1033,0.00016712174692656845,9.2675669293385e-05
1034,0.00016709939518477768,9.264307300327346e-05
1035,0.00016707710165064782,9.261612285627052e-05
1036,0.0001670548226684332,9.25833810470067e-05
1037,0.00016703250003047287,9.255491750082001e-05
1038,0.00016701033746358007,9.252520248992369e-05
1039,0.00016698816034477204,9.249342838302255e-05
1040,0.00016696595412213355,9.24667256185785e-05
1041,0.00016694384976290166,9.243349632015452e-05
1042,0.00016692173085175455,9.24064006539993e-05
1043,0.00016689964104443789,9.237445920007303e-05
1044,0.00016687760944478214,9.234613389708102e-05
1045,0.0001668555778451264,9.231517469743267e-05
1046,0.00016683360445313156,9.228599083144218e-05
1047,0.0001668116747168824,9.225653775501996e-05
1048,0.0001667897158768028,9.222619701176882e-05
1049,0.00016676782979629934,9.219699131790549e-05
1050,0.00016674594371579587,9.216634498443455e-05
1051,0.000166724159498699,9.213771409122273e-05
1052,0.00016670233162585646,9.210689313476905e-05
1053,0.00016668056196067482,9.207801485899836e-05
1054,0.00016665879229549319,9.204785601468757e-05
1055,0.000166637051734142,9.20187376323156e-05
1056,0.0001666153548285365,9.198756015393883e-05
1057,0.0001665937015786767,9.196067549055442e-05
1058,0.00016657203377690166,9.192756988340989e-05
1059,0.0001665504096308723,9.190185664920136e-05
1060,0.0001665288582444191,9.18680161703378e-05
1061,0.0001665073068579659,9.184287773678079e-05
1062,0.00016648579912725836,9.180944471154362e-05
1063,0.00016646430594846606,9.178218169836327e-05
1064,0.00016644284187350422,9.175173909170553e-05
1065,0.00016642137779854238,9.17213037610054e-05
1066,0.00016639995737932622,9.16943172342144e-05
1067,0.00016637862427160144,9.166145900962874e-05
1068,0.0001663572184043005,9.163565846392885e-05
1069,0.00016633588529657573,9.160269109997898e-05
1070,0.00016631459584459662,9.157588647212833e-05
1071,0.00016629333549644798,9.154474537353963e-05
1072,0.0001662720605963841,9.15163618628867e-05
1073,0.00016625084390398115,9.148671961156651e-05
1074,0.00016622965631540865,9.14563424885273e-05
1075,0.00016620848327875137,9.142891212832183e-05
1076,0.00016618732479400933,9.139725443674251e-05
1077,0.00016616620996501297,9.137012966675684e-05
1078,0.0001661451387917623,9.133813728112727e-05
1079,0.00016612406761851162,9.131141996476799e-05
1080,0.00016610305465292186,9.12800824153237e-05
1081,0.00016608198347967118,9.125206270255148e-05
1082,0.00016606102872174233,9.122167830355465e-05
1083,0.0001660400885157287,9.11937459022738e-05
1084,0.00016601913375779986,9.116269939113408e-05
1085,0.00016599825175944716,9.113532723858953e-05
1086,0.00016597735520917922,9.11043316591531e-05
1087,0.00016595647321082652,9.107685764320195e-05
1088,0.00016593567852396518,9.104597120312974e-05
1089,0.0001659148547332734,9.101795149035752e-05
1090,0.00016589410370215774,9.098845475818962e-05
1091,0.00016587327991146594,9.095903806155547e-05
1092,0.00016585260163992643,9.093071275856346e-05
1093,0.000165831865160726,9.089981176657602e-05
1094,0.00016581121599301696,9.087315265787765e-05
1095,0.00016579052316956222,9.084053453989327e-05
1096,0.00016576991765759885,9.081584721570835e-05
1097,0.00016574931214563549,9.07820722204633e-05
1098,0.00016572873573750257,9.075779234990478e-05
1099,0.00016570818843320012,9.07241046661511e-05
1100,0.00016568764112889767,9.069972293218598e-05
1101,0.0001656670938245952,9.066599159268662e-05
1102,0.00016564663383178413,9.064110781764612e-05
1103,0.00016562618839088827,9.060856973519549e-05
1104,0.0001656057283980772,9.058324940269813e-05
1105,0.00016558535571675748,9.055029659066349e-05
1106,0.00016556492482777685,9.052581299329177e-05
1107,0.00016554456669837236,9.049209620570764e-05
1108,0.0001655242231208831,9.04683765838854e-05
1109,0.00016550392319913954,9.043326281243935e-05
1110,0.0001654835941735655,9.041162411449477e-05
1111,0.00016546330880373716,9.037408017320558e-05
1112,0.00016544309619348496,9.035607217811048e-05
1113,0.00016542282537557185,9.031354420585558e-05
1114,0.00016540261276531965,9.030257206177339e-05
1115,0.00016538244381081313,9.025051258504391e-05
1116,0.0001653622748563066,9.02516912901774e-05
1117,0.00016534214955754578,9.018396667670459e-05
1118,0.00016532202425878495,9.02058818610385e-05
1119,0.0001653019426157698,9.01115927263163e-05
1120,0.00016528187552466989,9.016809781314805e-05
1121,0.00016526179388165474,9.002754086395726e-05
1122,0.00016524184320587665,9.014681563712656e-05
1123,0.00016522187797818333,8.992119546746835e-05
1124,0.00016520197095815092,9.0156783699058e-05
1125,0.00016518213669769466,8.977177640190348e-05
1126,0.00016516241885256022,9.022873564390466e-05
1127,0.00016514303570147604,8.95379125722684e-05
1128,0.00016512411821167916,9.042450983542949e-05
1129,0.00016510611749254167,8.913598139770329e-05
1130,0.00016509000852238387,9.087637590710074e-05
1131,0.00016507768305018544,8.839804650051519e-05
1132,0.000165072939125821,9.187730756821111e-05
1133,0.00016508401313330978,8.699586032889783e-05
1134,0.0001651278871577233,9.411986684426665e-05
1135,0.00016524060629308224,8.434367919107899e-05
1136,0.0001655004161875695,9.94003057712689e-05
1137,0.00016607396537438035,7.974819163791835e-05
1138,0.0001673338410910219,0.00011305711086606607
1139,0.00017007872520480305,7.454631850123405e-05
1140,0.00017616013064980507,0.00015378666284959763
1141,0.00018949649529531598,8.619120490038767e-05
1142,0.00021967788052279502,0.0002983684535138309
1143,0.0002858394000213593,0.00022728150361217558
1144,0.0004387509834486991,0.0009000005084089935
1145,0.0007602894911542535,0.001093272352591157
1146,0.0014940897235646844,0.003565725404769182
1147,0.0027282703667879105,0.004822079092264175
1148,0.004963459447026253,0.012366454117000103
1149,0.005592893809080124,0.009203178808093071
1150,0.0043418873101472855,0.012268749065697193
1151,0.0006468351348303258,0.00017161460709758103
1152,0.001175437355414033,0.0008454451453872025
1153,0.0030289331916719675,0.008325004950165749
1154,0.0008532702922821045,0.0007175695500336587
1155,0.0006824945448897779,0.0005942372954450548
1156,0.0020523539278656244,0.005185472313314676
1157,0.0004947425331920385,0.00021297363855410367
1158,0.0007954937173053622,0.0004559921508189291
1159,0.001387033611536026,0.004424918442964554
1160,0.00021449883934110403,0.0003405297757126391
1161,0.0010772420791909099,0.0006518757436424494
1162,0.0007060767966322601,0.0023305625654757023
1163,0.0003407562035135925,0.0009985016658902168
1164,0.0009746910654939711,0.0008981463615782559
1165,0.00026125178555957973,0.0005634223343804479
1166,0.0005930543993599713,0.0015284294495359063
1167,0.0005418483633548021,0.00036893124342896044
1168,0.00023902622342575341,0.00010894794104387984
1169,0.0005974539672024548,0.0017650198424234986
1170,0.0002277268940815702,0.00015128562517929822
1171,0.0004260166024323553,0.0001870006090030074
1172,0.00036611637915484607,0.0009597467142157257
1173,0.00023728726955596358,0.000458127586171031
1174,0.00043291819747537374,0.00029968793387524784
1175,0.00019000747124664485,0.00019039235485251993
1176,0.0003564459038898349,0.0007791240932419896
1177,0.0002476867812220007,9.354369103675708e-05
1178,0.0002451692125760019,0.00010383270273450762
1179,0.0003015811962541193,0.0007282729493454099
1180,0.00019010556570719928,0.0002527905162423849
1181,0.00029625886236317456,0.00011093696957686916
1182,0.00019542124937288463,0.0002948485780507326
1183,0.00024556511198170483,0.0005064067663624883
1184,0.0002265076182084158,8.528216130798683e-05
1185,0.00019843839982058853,8.589748904341832e-05
1186,0.00024277696502394974,0.0004651398921851069
1187,0.0001801255566533655,0.00016490579582750797
1188,0.00023156957468017936,8.094793156487867e-05
1189,0.00018844280566554517,0.00027105220942758024
1190,0.00020571050117723644,0.0003680035879369825
1191,0.0002028208109550178,8.444050035905093e-05
1192,0.00018406976596452296,0.00011019920202670619
1193,0.00020776352903340012,0.00034649440203793347
1194,0.00017754238797351718,0.0001372127590002492
1195,0.00020062651310581714,7.935320172691718e-05
1196,0.00018258592172060162,0.00020407908596098423
1197,0.000186912264325656,0.00023126458108890802
1198,0.00018923619063571095,8.407842688029632e-05
1199,0.0001772805117070675,0.00011260325845796615
1200,0.00019042505300603807,0.0002552871301304549
1201,0.00017545593436807394,0.000122137411381118
1202,0.00018522128812037408,8.357586921192706e-05
1203,0.00017866854614112526,0.00017120646953117102
1204,0.00017827398551162332,0.00016504658560734242
1205,0.00018177089805249125,8.364509994862601e-05
1206,0.00017421373922843486,0.00010865875810850412
1207,0.00018107410869561136,0.00018265112885273993
1208,0.00017426851263735443,0.00010500347707420588
1209,0.00017764914082363248,9.111005783779547e-05
1210,0.00017626193584874272,0.0001580321550136432
1211,0.0001742248859954998,0.00013883240171708167
1212,0.00017712180851958692,8.822862582746893e-05
1213,0.0001728994830045849,0.00011557563266251236
1214,0.00017596522229723632,0.00014993395598139614
1215,0.00017355926684103906,9.789624164113775e-05
1216,0.000173844353412278,9.543784108245745e-05
1217,0.00017444108380004764,0.00014201225712895393
1218,0.00017240809393115342,0.00012039053399348632
1219,0.0001743452885420993,9.342960402136669e-05
1220,0.00017228913202416152,0.00012158043682575226
1221,0.0001732684759190306,0.00013471502461470664
1222,0.00017278658924624324,9.830592171056196e-05
1223,0.00017216516425833106,0.00010239130642730743
1224,0.00017298931197728962,0.00012944421905558556
1225,0.00017174766981042922,0.00010744768951553851
1226,0.00017252920952159911,9.564458014210686e-05
1227,0.00017190477228723466,0.00011870062735397369
1228,0.00017181488510686904,0.00011828756396425888
1229,0.00017209365614689887,9.694957407191396e-05
1230,0.00017138381372205913,0.00010645608563208953
1231,0.0001719119172776118,0.00012018981215078384
1232,0.00017135377856902778,0.00010110726725542918
1233,0.00017147991457022727,9.761127148522064e-05
1234,0.00017145962920039892,0.00011349820124451071
1235,0.00017112583736889064,0.00010689592454582453
1236,0.00017138992552645504,9.602732461644337e-05
1237,0.00017101594130508602,0.00010668633331079036
1238,0.0001711312070256099,0.0001113000835175626
1239,0.00017104094149544835,9.852190123638138e-05
1240,0.00017086770094465464,0.00010075427417177707
1241,0.00017099553951993585,0.00011002896644640714
1242,0.00017074120114557445,0.00010135414049727842
1243,0.00017082953127101064,9.709018195280805e-05
1244,0.0001707188639556989,0.00010588596342131495
1245,0.00017063399718608707,0.00010444575309520587
1246,0.00017067462613340467,9.718442743178457e-05
1247,0.00017051245959009975,0.00010245196608593687
1248,0.00017055710486602038,0.0001064402749761939
1249,0.0001704626192804426,9.90844564512372e-05
1250,0.00017041002865880728,9.921705350279808e-05
1251,0.00017041059618350118,0.00010500411735847592
1252,0.00017030166054610163,0.00010074124293169007
1253,0.00017031586321536452,9.729833982419223e-05
1254,0.00017023953841999173,0.00010223767458228394
1255,0.00017019845836330205,0.00010217486851615831
1256,0.00017018122889567167,9.756287181517109e-05
1257,0.00017010235751513392,0.00010010223195422441
1258,0.0001700980355963111,0.0001027078615152277
1259,0.00017003533139359206,9.853814117377624e-05
1260,0.0001699997519608587,9.819614933803678e-05
1261,0.00016997290367726237,0.00010154415940633044
1262,0.00016991360462270677,9.931635577231646e-05
1263,0.0001698960695648566,9.714184852782637e-05
1264,0.00016984550165943801,9.997576853493229e-05
1265,0.0001698098349152133,0.00010006451338995248
1266,0.00016978084750007838,9.7329517302569e-05
1267,0.00016973110905382782,9.873991803033277e-05
1268,0.000169707607710734,0.00010023212962551042
1269,0.00016966360271908343,9.782404231373221e-05
1270,0.00016962907102424651,9.762889385456219e-05
1271,0.0001695983373792842,9.954280540114269e-05
1272,0.0001695555984042585,9.822707943385467e-05
1273,0.00016952793521340936,9.705794946057722e-05
1274,0.00016948918346315622,9.876069816527888e-05
1275,0.00016945482639130205,9.866757318377495e-05
1276,0.00016942404909059405,9.708741708891466e-05
1277,0.00016938538465183228,9.802864951780066e-05
1278,0.0001693558442639187,9.874367242446169e-05
1279,0.0001693202939350158,9.722708637127653e-05
1280,0.00016928654804360121,9.723609400680289e-05
1281,0.0001692558143986389,9.831718489294872e-05
1282,0.0001692199584795162,9.739913366502151e-05
1283,0.00016918957408051938,9.678988135419786e-05
1284,0.00016915616288315505,9.781240078154951e-05
1285,0.0001691232027951628,9.759090607985854e-05
1286,0.00016909255646169186,9.668672282714397e-05
1287,0.0001690588251221925,9.729741577757522e-05
1288,0.00016902806237339973,9.754001075634733e-05
1289,0.0001689961936790496,9.662604861659929e-05
1290,0.00016896394663490355,9.676597983343527e-05
1291,0.00016893362044356763,9.728455916047096e-05
1292,0.00016890134429559112,9.663617674959823e-05
1293,0.00016887068341020495,9.643061639508232e-05
1294,0.0001688398333499208,9.701796079752967e-05
1295,0.00016880837210919708,9.670701547292992e-05
1296,0.00016877829330042005,9.625212987884879e-05
1297,0.00016874721040949225,9.668651182437316e-05
1298,0.0001687168114585802,9.666351252235472e-05
1299,0.00016868667444214225,9.612242138246074e-05
1300,0.00016865599900484085,9.632811998017132e-05
1301,0.00016862619668245316,9.653004963183776e-05
1302,0.0001685959578026086,9.608041727915406e-05
1303,0.00016856595175340772,9.607717220205814e-05
1304,0.0001685363968135789,9.637508628657088e-05
1305,0.00016850637621246278,9.606887033442035e-05
1306,0.0001684769376879558,9.588060493115336e-05
1307,0.00016844738274812698,9.614605369279161e-05
1308,0.0001684178423602134,9.599612531019375e-05
1309,0.00016838866577018052,9.57082593231462e-05
1310,0.0001683593145571649,9.588890679879114e-05
1311,0.00016833019617479295,9.58932432695292e-05
1312,0.00016830120875965804,9.560622129356489e-05
1313,0.00016827213403303176,9.567828237777576e-05
1314,0.00016824333579279482,9.577135642757639e-05
1315,0.0001682144938968122,9.552376286592335e-05
1316,0.00016818575386423618,9.548320667818189e-05
1317,0.00016815721755847335,9.560049511492252e-05
1318,0.00016812860849313438,9.542109910398722e-05
1319,0.00016810017405077815,9.530722309136763e-05
1320,0.00016807176871225238,9.542339103063568e-05
1321,0.00016804339247755706,9.532694821245968e-05
1322,0.00016801520541775972,9.517686703475192e-05
1323,0.00016798700380604714,9.525936911813915e-05
1324,0.00016795893316157162,9.522889013169333e-05
1325,0.00016793092072475702,9.506197238806635e-05
1326,0.00016790292283985764,9.508782386546955e-05
1327,0.00016787508502602577,9.510287054581568e-05
1328,0.00016784727631602436,9.495351696386933e-05
1329,0.00016781951126176864,9.49311870499514e-05
1330,0.00016779186262283474,9.497246355749667e-05
1331,0.00016776419943198562,9.485973714618012e-05
1332,0.00016773666720837355,9.480058361077681e-05
1333,0.0001677091931924224,9.484039765084162e-05
1334,0.00016768171917647123,9.475805563852191e-05
1335,0.00016765441978350282,9.467188647249714e-05
1336,0.00016762709128670394,9.469670476391912e-05
1337,0.00016759980644565076,9.464428148930892e-05
1338,0.00016757266712374985,9.454976679990068e-05
1339,0.00016754551324993372,9.45581923588179e-05
1340,0.00016751849034335464,9.453298116568476e-05
1341,0.00016749146743677557,9.444028546568006e-05
1342,0.0001674645027378574,9.44279381656088e-05
1343,0.00016743759624660015,9.441622387384996e-05
1344,0.00016741074796300381,9.432928345631808e-05
1345,0.0001673839578870684,9.429544297745451e-05
1346,0.00016735722601879388,9.429018246009946e-05
1347,0.00016733055235818028,9.421706636203453e-05
1348,0.00016730392235331237,9.417045657755807e-05
1349,0.00016727737965993583,9.416715329280123e-05
1350,0.00016725080786272883,9.410924394614995e-05
1351,0.0001672243670327589,9.405404125573114e-05
1352,0.0001671979553066194,9.404564480064437e-05
1353,0.00016717155813239515,9.39986712182872e-05
1354,0.00016714523371774703,9.39373712753877e-05
1355,0.0001671189966145903,9.392118226969615e-05
1356,0.000167092788615264,9.388459147885442e-05
1357,0.00016706660971976817,9.382410644320771e-05
1358,0.00016704050358384848,9.380104165757075e-05
1359,0.0001670144556555897,9.377192327519879e-05
1360,0.0001669884513830766,9.371391934109852e-05
1361,0.00016696247621439397,9.368405881104991e-05
1362,0.00016693657380528748,9.365731239086017e-05
1363,0.00016691074415575713,9.360226977150887e-05
1364,0.00016688491450622678,9.356568625662476e-05
1365,0.0001668591285124421,9.354122448712587e-05
1366,0.00016683340072631836,9.349072206532583e-05
1367,0.00016680778935551643,9.345022408524528e-05
1368,0.00016678214888088405,9.34265335672535e-05
1369,0.0001667566248215735,9.338085510535166e-05
1370,0.0001667310862103477,9.333687194157392e-05
1371,0.0001667056349106133,9.33108021854423e-05
1372,0.00016668021271470934,9.326933650299907e-05
1373,0.00016665479051880538,9.322381083620712e-05
1374,0.00016662954294588417,9.319531818618998e-05
1375,0.00016660423716530204,9.315701754530892e-05
1376,0.00016657901869621128,9.311203029938042e-05
1377,0.00016655382933095098,9.308166772825643e-05
1378,0.00016652871272526681,9.304616105509922e-05
1379,0.00016650363977532834,9.30013702600263e-05
1380,0.0001664785813773051,9.296923963120207e-05
1381,0.00016645356663502753,9.293522452935576e-05
1382,0.00016642868285998702,9.289079025620595e-05
1383,0.00016640375542920083,9.285730629926547e-05
1384,0.00016637887165416032,9.282369137508795e-05
1385,0.00016635407519061118,9.278151264879853e-05
1386,0.00016632932238280773,9.27462606341578e-05
1387,0.0001663045841269195,9.271420276490971e-05
1388,0.0001662799040786922,9.267256245948374e-05
1389,0.00016625523858238012,9.263675019610673e-05
1390,0.00016623067494947463,9.260468505090103e-05
1391,0.00016620609676465392,9.256421617465094e-05
1392,0.00016618159133940935,9.252743620891124e-05
1393,0.00016615710046608,9.249510912923142e-05
1394,0.00016613265324849635,9.245669934898615e-05
1395,0.00016610824968665838,9.241936641046777e-05
1396,0.00016608387522865087,9.23869592952542e-05
1397,0.00016605954442638904,9.235057950718328e-05
1398,0.00016603530093561858,9.23124243854545e-05
1399,0.00016601102834101766,9.227977716363966e-05
1400,0.00016598679940216243,9.224373934557661e-05
1401,0.0001659625704633072,9.22056715353392e-05
1402,0.0001659384579397738,9.217326442012563e-05
1403,0.00016591428720857948,9.213767043547705e-05
1404,0.000165890232892707,9.210069401888177e-05
1405,0.00016586613492108881,9.206786489812657e-05
1406,0.000165842124260962,9.203291119774804e-05
1407,0.00016581812815275043,9.199701889883727e-05
1408,0.00016579411749262363,9.196323662763461e-05
1409,0.00016577020869590342,9.192879224428907e-05
1410,0.00016574622713960707,9.189314005197957e-05
1411,0.00016572231834288687,9.185933595290408e-05
1412,0.00016569843864999712,9.182601206703112e-05
1413,0.00016567460261285305,9.179033804684877e-05
1414,0.00016565078112762421,9.175684681395069e-05
1415,0.0001656269741943106,9.172362479148433e-05
1416,0.00016560313815716654,9.168897668132558e-05
1417,0.00016557940398342907,9.16549251996912e-05
1418,0.00016555562615394592,9.162283822661266e-05
1419,0.000165531862876378,9.158767352346331e-05
1420,0.00016550818691030145,9.15544296731241e-05
1421,0.00016548443818464875,9.152214624918997e-05
1422,0.00016546077677048743,9.148829121841118e-05
1423,0.0001654370571486652,9.145466901827604e-05
1424,0.00016541342483833432,9.142349153989926e-05
1425,0.00016538973432034254,9.138917812379077e-05
1426,0.00016536613111384213,9.135665459325537e-05
1427,0.00016534244059585035,9.13254261831753e-05
1428,0.0001653188664931804,9.129201498581097e-05
1429,0.0001652952196309343,9.125948417931795e-05
1430,0.00016527160187251866,9.122917981585488e-05
1431,0.00016524798411410302,9.11960523808375e-05
1432,0.00016522436635568738,9.116483852267265e-05
1433,0.00016520079225301743,9.11342358449474e-05
1434,0.00016517714539077133,9.110239625442773e-05
1435,0.00016515357128810138,9.107079677050933e-05
1436,0.0001651299826335162,9.104108175961301e-05
1437,0.000165106393978931,9.100979514187202e-05
1438,0.00016508277622051537,9.097911970457062e-05
1439,0.0001650591439101845,9.095019049709663e-05
1440,0.00016503552615176886,9.091942774830386e-05
1441,0.00016501193749718368,9.088947990676388e-05
1442,0.00016498829063493758,9.086134377866983e-05
1443,0.00016496471653226763,9.083117765840143e-05
1444,0.00016494106967002153,9.080255404114723e-05
1445,0.0001649174082558602,9.077496360987425e-05
1446,0.00016489374684169888,9.074538684217259e-05
1447,0.00016487007087562233,9.071757813217118e-05
1448,0.000164846409461461,9.069032967090607e-05
1449,0.00016482274804729968,9.066285565495491e-05
1450,0.00016479907208122313,9.063549077836797e-05
1451,0.00016477536701131612,9.060945740202442e-05
1452,0.00016475164738949388,9.058268187800422e-05
1453,0.00016472792776767164,9.055610280483961e-05
1454,0.00016470422269776464,9.05316774151288e-05
1455,0.00016468043031636626,9.050557127920911e-05
1456,0.00016465672524645925,9.048020001500845e-05
1457,0.00016463293286506087,9.045664774021134e-05
1458,0.00016460915503557771,9.043233148986474e-05
1459,0.0001645853917580098,9.040694567374885e-05
1460,0.0001645616430323571,9.038492862600833e-05
1461,0.0001645378360990435,9.03614200069569e-05
1462,0.00016451400006189942,9.033747483044863e-05
1463,0.00016449019312858582,9.031626541400328e-05
1464,0.00016446635709144175,9.029374632518739e-05
1465,0.00016444253560621291,9.027146006701514e-05
1466,0.00016441875777672976,9.025079634739086e-05
1467,0.00016439493629150093,9.022981248563156e-05
1468,0.00016437115846201777,9.020780271384865e-05
1469,0.00016434730787295848,9.018889250000939e-05
1470,0.00016432354459539056,9.016838885145262e-05
1471,0.00016429975221399218,9.014750685309991e-05
1472,0.00016427600348833948,9.012929513119161e-05
1473,0.00016425224021077156,9.010921348817647e-05
1474,0.0001642285060370341,9.00900486158207e-05
1475,0.00016420480096712708,9.007163316709921e-05
1476,0.00016418112500105053,9.005278843687847e-05
1477,0.00016415741993114352,9.003367449622601e-05
1478,0.0001641338167246431,9.001695434562862e-05
1479,0.0001641102135181427,8.999786950880662e-05
1480,0.00016408665396738797,8.997925033327192e-05
1481,0.00016406313807237893,8.996259566629305e-05
1482,0.00016403963672928512,8.99433289305307e-05
1483,0.00016401622269768268,8.99257356650196e-05
1484,0.00016399277956224978,8.99093720363453e-05
1485,0.00016396943829022348,8.989030902739614e-05
1486,0.00016394618432968855,8.987231558421627e-05
1487,0.00016392293036915362,8.985606109490618e-05
1488,0.00016389976372011006,8.983656152850017e-05
1489,0.00016387661162298173,8.981874998426065e-05
1490,0.0001638535177335143,8.980155689641833e-05
1491,0.0001638305257074535,8.978279220173135e-05
1492,0.00016380753368139267,8.97645004442893e-05
1493,0.00016378468717448413,8.974704542197287e-05
1494,0.00016376181156374514,8.972707291832194e-05
1495,0.00016373903781641275,8.970893395598978e-05
1496,0.00016371632227674127,8.969107875600457e-05
1497,0.0001636936649447307,8.967066241893917e-05
1498,0.00016367105126846582,8.965279994299635e-05
1499,0.0001636485249036923,8.963316940935329e-05
1500,0.00016362601309083402,8.96132187335752e-05
